<?xml version="1.0" encoding="UTF-8"?>
<kml xmlns="http://www.opengis.net/kml/2.2"><Document><name>Japón 2026 — completo</name><description>Todo en una capa, coordenadas Google.</description><Style id="p1"><IconStyle><scale>0.9</scale><Icon><href>https://maps.google.com/mapfiles/kml/paddle/1.png</href></Icon></IconStyle></Style><Style id="p2"><IconStyle><scale>0.9</scale><Icon><href>https://maps.google.com/mapfiles/kml/paddle/2.png</href></Icon></IconStyle></Style><Style id="p3"><IconStyle><scale>0.9</scale><Icon><href>https://maps.google.com/mapfiles/kml/paddle/3.png</href></Icon></IconStyle></Style><Style id="p4"><IconStyle><scale>0.9</scale><Icon><href>https://maps.google.com/mapfiles/kml/paddle/4.png</href></Icon></IconStyle></Style><Style id="p5"><IconStyle><scale>0.9</scale><Icon><href>https://maps.google.com/mapfiles/kml/paddle/5.png</href></Icon></IconStyle></Style><Style id="p6"><IconStyle><scale>0.9</scale><Icon><href>https://maps.google.com/mapfiles/kml/paddle/6.png</href></Icon></IconStyle></Style><Style id="p7"><IconStyle><scale>0.9</scale><Icon><href>https://maps.google.com/mapfiles/kml/paddle/7.png</href></Icon></IconStyle></Style><Style id="p8"><IconStyle><scale>0.9</scale><Icon><href>https://maps.google.com/mapfiles/kml/paddle/8.png</href></Icon></IconStyle></Style><Style id="p9"><IconStyle><scale>0.9</scale><Icon><href>https://maps.google.com/mapfiles/kml/paddle/9.png</href></Icon></IconStyle></Style><Style id="p10"><IconStyle><scale>0.9</scale><Icon><href>https://maps.google.com/mapfiles/kml/paddle/10.png</href></Icon></IconStyle></Style><Style id="lffb76b0d6"><LineStyle><color>ffb76b0d</color><width>6</width></LineStyle></Style><Style id="lff1700806"><LineStyle><color>ff170080</color><width>6</width></LineStyle></Style><Style id="lb8636f7a3"><LineStyle><color>b8636f7a</color><width>3</width></LineStyle></Style><Style id="lff8628526"><LineStyle><color>ff862852</color><width>6</width></LineStyle></Style><Style id="lff934de46"><LineStyle><color>ff934de4</color><width>6</width></LineStyle></Style><Style id="lff1f17e56"><LineStyle><color>ff1f17e5</color><width>6</width></LineStyle></Style><Style id="lffa0501c6"><LineStyle><color>ffa0501c</color><width>6</width></LineStyle></Style><Style id="lff00d4ff6"><LineStyle><color>ff00d4ff</color><width>6</width></LineStyle></Style><Style id="lffaf5c006"><LineStyle><color>ffaf5c00</color><width>6</width></LineStyle></Style><Style id="lff4499006"><LineStyle><color>ff449900</color><width>6</width></LineStyle></Style><Style id="lff2147816"><LineStyle><color>ff214781</color><width>6</width></LineStyle></Style><Style id="lff669a016"><LineStyle><color>ff669a01</color><width>6</width></LineStyle></Style><Style id="lff0000e86"><LineStyle><color>ff0000e8</color><width>6</width></LineStyle></Style><Style id="lff2900d76"><LineStyle><color>ff2900d7</color><width>6</width></LineStyle></Style><Style id="lffa557276"><LineStyle><color>ffa55727</color><width>6</width></LineStyle></Style><Style id="lff1fc38f6"><LineStyle><color>ff1fc38f</color><width>6</width></LineStyle></Style><Style id="lff9933666"><LineStyle><color>ff993366</color><width>6</width></LineStyle></Style><Style id="lff2b4a7a6"><LineStyle><color>ff2b4a7a</color><width>6</width></LineStyle></Style><Style id="lff0c86c76"><LineStyle><color>ff0c86c7</color><width>6</width></LineStyle></Style><Style id="lff225af16"><LineStyle><color>ff225af1</color><width>6</width></LineStyle></Style><Style id="lff0097f36"><LineStyle><color>ff0097f3</color><width>6</width></LineStyle></Style><Style id="lffc36c0f6"><LineStyle><color>ffc36c0f</color><width>6</width></LineStyle></Style><Style id="lff656eec6"><LineStyle><color>ff656eec</color><width>6</width></LineStyle></Style><Style id="lffa0862c6"><LineStyle><color>ffa0862c</color><width>6</width></LineStyle></Style><Style id="lff2f25c96"><LineStyle><color>ff2f25c9</color><width>6</width></LineStyle></Style><Style id="lff32cd9a6"><LineStyle><color>ff32cd9a</color><width>6</width></LineStyle></Style><Style id="lff301be26"><LineStyle><color>ff301be2</color><width>6</width></LineStyle></Style><Style id="lff0388006"><LineStyle><color>ff038800</color><width>6</width></LineStyle></Style><Style id="lff9c46296"><LineStyle><color>ff9c4629</color><width>6</width></LineStyle></Style><Style id="lff1200e66"><LineStyle><color>ff1200e6</color><width>6</width></LineStyle></Style><Style id="lffb7ae9c6"><LineStyle><color>ffb7ae9c</color><width>6</width></LineStyle></Style><Style id="lff207bf46"><LineStyle><color>ff207bf4</color><width>6</width></LineStyle></Style><Style id="sitio_osaka"><IconStyle><scale>1.1</scale><Icon><href>https://maps.google.com/mapfiles/kml/paddle/red-stars.png</href></Icon></IconStyle></Style><Style id="sitio_hiroshima"><IconStyle><scale>1.1</scale><Icon><href>https://maps.google.com/mapfiles/kml/paddle/red-stars.png</href></Icon></IconStyle></Style><Style id="sitio_nara"><IconStyle><scale>1.1</scale><Icon><href>https://maps.google.com/mapfiles/kml/paddle/red-stars.png</href></Icon></IconStyle></Style><Style id="sitio_kioto"><IconStyle><scale>1.1</scale><Icon><href>https://maps.google.com/mapfiles/kml/paddle/red-stars.png</href></Icon></IconStyle></Style><Style id="sitio_tokio"><IconStyle><scale>1.1</scale><Icon><href>https://maps.google.com/mapfiles/kml/paddle/red-stars.png</href></Icon></IconStyle></Style><Style id="sitio_fuji"><IconStyle><scale>1.1</scale><Icon><href>https://maps.google.com/mapfiles/kml/paddle/red-stars.png</href></Icon></IconStyle></Style><Style id="take"><IconStyle><scale>1.1</scale><Icon><href>https://maps.google.com/mapfiles/kml/paddle/grn-circle.png</href></Icon></IconStyle></Style><Style id="ai"><IconStyle><scale>1.1</scale><Icon><href>https://maps.google.com/mapfiles/kml/paddle/blu-circle.png</href></Icon></IconStyle></Style><Style id="shu"><IconStyle><scale>1.1</scale><Icon><href>https://maps.google.com/mapfiles/kml/paddle/red-circle.png</href></Icon></IconStyle></Style><Style id="resto"><IconStyle><scale>1.1</scale><Icon><href>https://maps.google.com/mapfiles/kml/paddle/wht-circle.png</href></Icon></IconStyle></Style><Style id="hotel"><IconStyle><scale>1.1</scale><Icon><href>https://maps.google.com/mapfiles/kml/paddle/ylw-stars.png</href></Icon></IconStyle></Style><Style id="aero"><IconStyle><scale>1.1</scale><Icon><href>https://maps.google.com/mapfiles/kml/paddle/purple-square.png</href></Icon></IconStyle></Style><Folder><name>dom 4 · Osaka</name>
<Placemark><name>1. 14:15 · Castillo de Osaka (d4)</name><styleUrl>#p1</styleUrl><description><![CDATA[Hora del plan: 14:15. ⏰ SIGUIENTE PUNTO ESTRICTO del día: 14:15 — Castillo de Osaka (reserva/transporte: NO se puede llegar tarde).]]></description><Point><coordinates>135.525855,34.687257,0</coordinates></Point></Placemark>
<Placemark><name>2. 17:05 · Hōzen-ji (d4)</name><styleUrl>#p2</styleUrl><description><![CDATA[Hora del plan: 17:05. ⏰ SIGUIENTE PUNTO ESTRICTO del día: 19:30 — CRUCERO por el río Dotonbori (reserva/transporte: NO se puede llegar tarde).]]></description><Point><coordinates>135.502468,34.667940,0</coordinates></Point></Placemark>
<Placemark><name>3. 17:05 · Namba Yasaka (d4)</name><styleUrl>#p3</styleUrl><description><![CDATA[Hora del plan: 17:05. ⏰ SIGUIENTE PUNTO ESTRICTO del día: 19:30 — CRUCERO por el río Dotonbori (reserva/transporte: NO se puede llegar tarde).]]></description><Point><coordinates>135.496704,34.661559,0</coordinates></Point></Placemark>
<Placemark><name>4. 19:30 · Dotonbori (d4)</name><styleUrl>#p4</styleUrl><description><![CDATA[Hora del plan: 19:30. ⏰ SIGUIENTE PUNTO ESTRICTO del día: 19:30 — CRUCERO por el río Dotonbori (reserva/transporte: NO se puede llegar tarde).]]></description><Point><coordinates>135.503098,34.668647,0</coordinates></Point></Placemark>
<Placemark><name>d4·1 🚇 10:30 Osaka Monorail: Osaka-kūkō → Yamada ⇒ Castillo de Osaka</name><styleUrl>#lffb76b0d6</styleUrl><description><![CDATA[SALE 10:30 de Osaka-kūkō → LLEGA a Yamada · Osaka Monorail — sentido Kadomashi (5 tramos) · rumbo del plan: Castillo de Osaka]]></description><MultiGeometry><LineString><tessellate>1</tessellate><coordinates>135.442010,34.791396,0 135.449324,34.794606,0 135.458652,34.800368,0 135.475437,34.804269,0 135.495054,34.809825,0 135.515672,34.804454,0</coordinates></LineString><LineString><tessellate>1</tessellate><coordinates>135.449421,34.794828,0 135.449785,34.794890,0 135.449609,34.794619,0</coordinates></LineString><LineString><tessellate>1</tessellate><coordinates>135.456516,34.799211,0 135.456880,34.799273,0 135.456704,34.799002,0</coordinates></LineString><LineString><tessellate>1</tessellate><coordinates>135.464682,34.801905,0 135.465049,34.801855,0 135.464767,34.801654,0</coordinates></LineString><LineString><tessellate>1</tessellate><coordinates>135.473208,34.803886,0 135.473575,34.803836,0 135.473293,34.803636,0</coordinates></LineString><LineString><tessellate>1</tessellate><coordinates>135.481617,34.806157,0 135.481987,34.806124,0 135.481719,34.805911,0</coordinates></LineString><LineString><tessellate>1</tessellate><coordinates>135.489996,34.808530,0 135.490366,34.808497,0 135.490098,34.808284,0</coordinates></LineString><LineString><tessellate>1</tessellate><coordinates>135.498501,34.809064,0 135.498775,34.808856,0 135.498407,34.808816,0</coordinates></LineString><LineString><tessellate>1</tessellate><coordinates>135.506949,34.806863,0 135.507224,34.806655,0 135.506855,34.806615,0</coordinates></LineString></MultiGeometry></Placemark>
<Placemark><name>d4·2 🚇 10:50 Hankyu (Senri / Kyoto / Arashiyama): Yamada → Kitahama ⇒ Castillo de Osaka</name><styleUrl>#lff1700806</styleUrl><description><![CDATA[SALE 10:50 de Yamada → LLEGA a Kitahama · Hankyu (Senri / Kyoto / Arashiyama) — sentido Tengachaya (12 tramos) · rumbo del plan: Castillo de Osaka]]></description><MultiGeometry><LineString><tessellate>1</tessellate><coordinates>135.515672,34.804454,0 135.508837,34.792591,0 135.505422,34.778678,0 135.506181,34.770920,0 135.509044,34.764629,0 135.523826,34.763003,0 135.519944,34.746914,0 135.516809,34.739401,0 135.511568,34.728332,0 135.510820,34.710761,0 135.510892,34.703715,0 135.510864,34.697549,0 135.506652,34.691696,0</coordinates></LineString><LineString><tessellate>1</tessellate><coordinates>135.508797,34.791776,0 135.508576,34.791528,0 135.508489,34.791827,0</coordinates></LineString><LineString><tessellate>1</tessellate><coordinates>135.505660,34.777857,0 135.505531,34.777568,0 135.505347,34.777836,0</coordinates></LineString><LineString><tessellate>1</tessellate><coordinates>135.509730,34.764685,0 135.510043,34.764519,0 135.509688,34.764427,0</coordinates></LineString><LineString><tessellate>1</tessellate><coordinates>135.523402,34.760581,0 135.523182,34.760333,0 135.523094,34.760632,0</coordinates></LineString><LineString><tessellate>1</tessellate><coordinates>135.519989,34.746623,0 135.519731,34.746402,0 135.519692,34.746708,0</coordinates></LineString><LineString><tessellate>1</tessellate><coordinates>135.514072,34.733264,0 135.513803,34.733052,0 135.513780,34.733359,0</coordinates></LineString><LineString><tessellate>1</tessellate><coordinates>135.511347,34.719456,0 135.511178,34.719182,0 135.511033,34.719465,0</coordinates></LineString><LineString><tessellate>1</tessellate><coordinates>135.511033,34.705241,0 135.510879,34.704961,0 135.510719,34.705239,0</coordinates></LineString></MultiGeometry></Placemark>
<Placemark><name>d4·3 🚶 Kitahama → Temmabashi ⇒ Castillo de Osaka</name><styleUrl>#lb8636f7a3</styleUrl><description><![CDATA[caminando · rumbo del plan: Castillo de Osaka]]></description><MultiGeometry><LineString><tessellate>1</tessellate><coordinates>135.506639,34.691696,0 135.506636,34.691602,0 135.506730,34.691600,0 135.506768,34.691599,0 135.506799,34.691597,0 135.506851,34.691623,0 135.506863,34.691654,0 135.506996,34.691615,0 135.507878,34.691303,0 135.508275,34.691165,0 135.508691,34.691019,0 135.508720,34.691007,0 135.508756,34.690991,0 135.508780,34.690980,0 135.508804,34.690971,0 135.508814,34.690984,0 135.508860,34.691042,0 135.508909,34.691102,0 135.508920,34.691117,0 135.509819,34.690560,0 135.509946,34.690474,0 135.510164,34.690371,0 135.510344,34.690333,0 135.510353,34.690332,0 135.510363,34.690337,0 135.511445,34.690309,0 135.511511,34.690308,0 135.511604,34.690368,0 135.511712,34.690368,0 135.511828,34.690366,0 135.511836,34.690336,0 135.511862,34.690315,0 135.511901,34.690300,0 135.513163,34.690264,0 135.513242,34.690258,0 135.513442,34.690237,0 135.514599,34.690104,0 135.514657,34.690098,0 135.514677,34.690098,0 135.514693,34.690106,0 135.514713,34.690103,0 135.514736,34.690100,0 135.514760,34.690096,0 135.514774,34.690094,0 135.514802,34.690082,0 135.514910,34.690068,0 135.514899,34.689982,0 135.514892,34.689902,0 135.515388,34.689845,0 135.516214,34.689759,0 135.517049,34.689689,0 135.517072,34.689686,0 135.517083,34.689652,0 135.517108,34.689617,0 135.517185,34.689592,0 135.517268,34.689588,0 135.517513,34.689576,0 135.517591,34.689572,0 135.517581,34.689501,0 135.517569,34.689352,0 135.517499,34.689355,0 135.517472,34.688986,0</coordinates></LineString><LineString><tessellate>1</tessellate><coordinates>135.508644,34.690923,0 135.508849,34.691028,0 135.508814,34.690831,0</coordinates></LineString><LineString><tessellate>1</tessellate><coordinates>135.510843,34.690409,0 135.511058,34.690319,0 135.510837,34.690241,0</coordinates></LineString><LineString><tessellate>1</tessellate><coordinates>135.513352,34.690332,0 135.513554,34.690224,0 135.513324,34.690166,0</coordinates></LineString><LineString><tessellate>1</tessellate><coordinates>135.515672,34.689900,0 135.515875,34.689794,0 135.515646,34.689733,0</coordinates></LineString></MultiGeometry></Placemark>
<Placemark><name>d4·4 🚇 13:45 Metro Tanimachi: Temmabashi → Tanimachi 4-chōme ⇒ Castillo de Osaka</name><styleUrl>#lff8628526</styleUrl><description><![CDATA[SALE 13:45 de Temmabashi → LLEGA a Tanimachi 4-chōme · Metro Tanimachi — sentido Yao-Minami (1 tramos) · rumbo del plan: Castillo de Osaka]]></description><MultiGeometry><LineString><tessellate>1</tessellate><coordinates>135.517356,34.688992,0 135.517253,34.682107,0</coordinates></LineString><LineString><tessellate>1</tessellate><coordinates>135.517465,34.685826,0 135.517304,34.685549,0 135.517152,34.685830,0</coordinates></LineString></MultiGeometry></Placemark>
<Placemark><name>d4·5 🚶 Tanimachi 4-chōme → Castillo de Osaka</name><styleUrl>#lb8636f7a3</styleUrl><description><![CDATA[caminando]]></description><MultiGeometry><LineString><tessellate>1</tessellate><coordinates>135.517206,34.682108,0 135.517210,34.682247,0 135.517102,34.682250,0 135.517117,34.682726,0 135.517124,34.683189,0 135.517157,34.683206,0 135.517240,34.683205,0 135.517403,34.683202,0 135.517486,34.683200,0 135.517506,34.683198,0 135.517513,34.683219,0 135.517527,34.683231,0 135.517544,34.683240,0 135.517565,34.683245,0 135.517588,34.683249,0 135.517647,34.683248,0 135.517703,34.683251,0 135.518725,34.683214,0 135.520014,34.683162,0 135.520931,34.683125,0 135.521057,34.683119,0 135.521128,34.683109,0 135.521205,34.683109,0 135.521205,34.683125,0 135.521208,34.683195,0 135.521211,34.683273,0 135.521212,34.683295,0 135.521237,34.683307,0 135.521268,34.683323,0 135.521287,34.683340,0 135.521314,34.683377,0 135.521327,34.683408,0 135.521350,34.683407,0 135.521454,34.683398,0 135.521567,34.683388,0 135.521599,34.683387,0 135.521613,34.683396,0 135.521763,34.683419,0 135.521769,34.683417,0 135.521796,34.683437,0 135.521996,34.683435,0 135.522042,34.683482,0 135.522054,34.683692,0 135.522038,34.684015,0 135.521993,34.684669,0 135.522064,34.684673,0 135.522042,34.684897,0 135.522086,34.684901,0 135.522077,34.685010,0 135.523015,34.685078,0 135.523056,34.685081,0 135.523090,34.685082,0 135.523174,34.685109,0 135.523220,34.685154,0 135.523236,34.685189,0 135.523256,34.685229,0 135.523262,34.685302,0 135.523252,34.685429,0 135.523245,34.685497,0 135.523398,34.685506,0 135.523437,34.685505,0 135.523474,34.685498,0 135.523568,34.685464,0 135.523691,34.685401,0 135.523890,34.685302,0 135.523931,34.685281,0 135.524238,34.685118,0 135.524342,34.685063,0 135.524388,34.684991,0 135.524365,34.684839,0 135.524411,34.684837,0 135.524994,34.684817,0 135.525665,34.684800,0 135.525690,34.684799,0 135.525691,34.684813,0 135.525693,34.684926,0 135.525698,34.685194,0 135.525698,34.685231,0 135.525701,34.685370,0 135.525703,34.685379,0 135.525709,34.685388,0 135.525717,34.685393,0 135.525731,34.685395,0 135.526063,34.685390,0 135.526066,34.685667,0 135.526072,34.685879,0 135.526067,34.686067,0 135.526100,34.686067,0 135.526100,34.686091,0 135.526099,34.686372,0 135.526096,34.686641,0 135.525881,34.686647,0 135.525889,34.686817,0 135.525965,34.686859,0 135.525972,34.686933,0 135.525971,34.686944,0 135.525979,34.687028,0 135.525983,34.687117,0 135.525985,34.687144,0 135.525948,34.687146,0 135.525900,34.687149,0 135.525864,34.687152,0 135.525862,34.687123,0 135.525861,34.687098,0 135.525859,34.687078,0 135.525823,34.687080,0 135.525806,34.687081,0 135.525772,34.687083,0 135.525776,34.687136,0 135.525777,34.687150,0 135.525783,34.687191,0 135.525783,34.687191,0</coordinates></LineString><LineString><tessellate>1</tessellate><coordinates>135.518299,34.683314,0 135.518512,34.683222,0 135.518290,34.683146,0</coordinates></LineString><LineString><tessellate>1</tessellate><coordinates>135.521101,34.683045,0 135.521209,34.683223,0 135.521304,34.683040,0</coordinates></LineString><LineString><tessellate>1</tessellate><coordinates>135.521840,34.684963,0 135.522067,34.684899,0 135.521862,34.684796,0</coordinates></LineString><LineString><tessellate>1</tessellate><coordinates>135.524077,34.685303,0 135.524206,34.685135,0 135.523968,34.685162,0</coordinates></LineString><LineString><tessellate>1</tessellate><coordinates>135.525842,34.685477,0 135.526058,34.685390,0 135.525838,34.685309,0</coordinates></LineString></MultiGeometry></Placemark>
<Placemark><name>d4·6 🚶 Castillo de Osaka → Tanimachi 4-chōme ⇒ Hōzen-ji</name><styleUrl>#lb8636f7a3</styleUrl><description><![CDATA[caminando · rumbo del plan: Hōzen-ji]]></description><MultiGeometry><LineString><tessellate>1</tessellate><coordinates>135.525783,34.687191,0 135.525777,34.687150,0 135.525776,34.687136,0 135.525772,34.687083,0 135.525806,34.687081,0 135.525823,34.687080,0 135.525859,34.687078,0 135.525861,34.687098,0 135.525862,34.687123,0 135.525864,34.687152,0 135.525900,34.687149,0 135.525948,34.687146,0 135.525985,34.687144,0 135.525983,34.687117,0 135.525979,34.687028,0 135.525971,34.686944,0 135.525972,34.686933,0 135.525965,34.686859,0 135.525889,34.686817,0 135.525881,34.686647,0 135.526096,34.686641,0 135.526099,34.686372,0 135.526100,34.686091,0 135.526100,34.686067,0 135.526067,34.686067,0 135.526072,34.685879,0 135.526066,34.685667,0 135.526063,34.685390,0 135.525731,34.685395,0 135.525717,34.685393,0 135.525709,34.685388,0 135.525703,34.685379,0 135.525701,34.685370,0 135.525698,34.685231,0 135.525698,34.685194,0 135.525693,34.684926,0 135.525691,34.684813,0 135.525690,34.684799,0 135.525665,34.684800,0 135.524994,34.684817,0 135.524411,34.684837,0 135.524365,34.684839,0 135.524388,34.684991,0 135.524342,34.685063,0 135.524238,34.685118,0 135.523931,34.685281,0 135.523890,34.685302,0 135.523691,34.685401,0 135.523568,34.685464,0 135.523474,34.685498,0 135.523437,34.685505,0 135.523398,34.685506,0 135.523245,34.685497,0 135.523252,34.685429,0 135.523262,34.685302,0 135.523256,34.685229,0 135.523236,34.685189,0 135.523220,34.685154,0 135.523174,34.685109,0 135.523090,34.685082,0 135.523056,34.685081,0 135.523015,34.685078,0 135.522077,34.685010,0 135.522086,34.684901,0 135.522042,34.684897,0 135.522064,34.684673,0 135.521993,34.684669,0 135.522038,34.684015,0 135.522054,34.683692,0 135.522042,34.683482,0 135.521996,34.683435,0 135.521796,34.683437,0 135.521769,34.683417,0 135.521763,34.683419,0 135.521613,34.683396,0 135.521599,34.683387,0 135.521567,34.683388,0 135.521454,34.683398,0 135.521350,34.683407,0 135.521327,34.683408,0 135.521314,34.683377,0 135.521287,34.683340,0 135.521268,34.683323,0 135.521237,34.683307,0 135.521212,34.683295,0 135.521211,34.683273,0 135.521208,34.683195,0 135.521205,34.683125,0 135.521205,34.683109,0 135.521128,34.683109,0 135.521057,34.683119,0 135.520931,34.683125,0 135.520014,34.683162,0 135.518725,34.683214,0 135.517703,34.683251,0 135.517647,34.683248,0 135.517588,34.683249,0 135.517565,34.683245,0 135.517544,34.683240,0 135.517527,34.683231,0 135.517513,34.683219,0 135.517506,34.683198,0 135.517486,34.683200,0 135.517403,34.683202,0 135.517240,34.683205,0 135.517157,34.683206,0 135.517124,34.683189,0 135.517117,34.682726,0 135.517102,34.682250,0 135.517210,34.682247,0 135.517206,34.682108,0</coordinates></LineString><LineString><tessellate>1</tessellate><coordinates>135.526274,34.685303,0 135.526058,34.685390,0 135.526277,34.685471,0</coordinates></LineString><LineString><tessellate>1</tessellate><coordinates>135.524334,34.684967,0 135.524206,34.685135,0 135.524444,34.685109,0</coordinates></LineString><LineString><tessellate>1</tessellate><coordinates>135.522295,34.684835,0 135.522067,34.684899,0 135.522273,34.685003,0</coordinates></LineString><LineString><tessellate>1</tessellate><coordinates>135.521318,34.683401,0 135.521209,34.683223,0 135.521114,34.683406,0</coordinates></LineString><LineString><tessellate>1</tessellate><coordinates>135.518725,34.683130,0 135.518512,34.683222,0 135.518734,34.683298,0</coordinates></LineString></MultiGeometry></Placemark>
<Placemark><name>d4·7 🚇 16:30 Metro Tanimachi: Tanimachi 4-chōme → Tanimachi 9-chōme ⇒ Hōzen-ji</name><styleUrl>#lff8628526</styleUrl><description><![CDATA[SALE 16:30 de Tanimachi 4-chōme → LLEGA a Tanimachi 9-chōme · Metro Tanimachi — sentido Yao-Minami (2 tramos) · rumbo del plan: Hōzen-ji]]></description><MultiGeometry><LineString><tessellate>1</tessellate><coordinates>135.517253,34.682107,0 135.517089,34.676028,0 135.515947,34.666639,0</coordinates></LineString><LineString><tessellate>1</tessellate><coordinates>135.517278,34.677212,0 135.517113,34.676936,0 135.516964,34.677217,0</coordinates></LineString><LineString><tessellate>1</tessellate><coordinates>135.516763,34.672050,0 135.516573,34.671785,0 135.516450,34.672076,0</coordinates></LineString></MultiGeometry></Placemark>
<Placemark><name>d4·8 🚇 16:40 Metro Sennichimae: Tanimachi 9-chōme → Namba ⇒ Hōzen-ji</name><styleUrl>#lff934de46</styleUrl><description><![CDATA[SALE 16:40 de Tanimachi 9-chōme → LLEGA a Namba · Metro Sennichimae — sentido Noda-Hanshin (2 tramos) · rumbo del plan: Hōzen-ji]]></description><MultiGeometry><LineString><tessellate>1</tessellate><coordinates>135.515947,34.666639,0 135.506120,34.666968,0 135.500342,34.667098,0</coordinates></LineString><LineString><tessellate>1</tessellate><coordinates>135.511076,34.666672,0 135.510746,34.666813,0 135.511089,34.666932,0</coordinates></LineString><LineString><tessellate>1</tessellate><coordinates>135.505878,34.666843,0 135.505545,34.666981,0 135.505886,34.667103,0</coordinates></LineString></MultiGeometry></Placemark>
<Placemark><name>d4·9 🚶 Namba → Hōzen-ji</name><styleUrl>#lb8636f7a3</styleUrl><description><![CDATA[caminando]]></description><MultiGeometry><LineString><tessellate>1</tessellate><coordinates>135.500342,34.667113,0 135.498550,34.667145,0 135.496826,34.667432,0 135.496687,34.667146,0 135.496651,34.667148,0 135.496622,34.667151,0 135.496620,34.667145,0 135.496593,34.667149,0 135.496422,34.667180,0 135.496404,34.667184,0 135.496406,34.667192,0 135.496387,34.667195,0 135.496405,34.667259,0 135.496512,34.667237,0 135.496539,34.667245,0 135.496592,34.667237,0 135.496624,34.667218,0 135.496687,34.667198,0 135.496705,34.667151,0 135.496759,34.667143,0 135.496791,34.667138,0 135.496815,34.667135,0 135.496841,34.667131,0 135.496835,34.667112,0 135.496893,34.667098,0 135.496951,34.667086,0 135.496980,34.667097,0 135.497016,34.667095,0 135.497046,34.667064,0 135.497226,34.667112,0 135.497404,34.667160,0 135.497492,34.667168,0 135.497531,34.667158,0 135.497606,34.667137,0 135.497793,34.667106,0 135.497824,34.667022,0 135.497885,34.667018,0 135.497929,34.667015,0 135.497989,34.667011,0 135.498018,34.667009,0 135.498117,34.666995,0 135.498189,34.666986,0 135.498202,34.666985,0 135.498509,34.666948,0 135.498827,34.666941,0 135.499318,34.666931,0 135.499420,34.666929,0 135.499847,34.666928,0 135.500017,34.666928,0 135.500139,34.666928,0 135.500141,34.666998,0 135.500142,34.667040,0 135.500145,34.667238,0 135.500144,34.667269,0 135.500144,34.667338,0 135.500141,34.667381,0 135.500236,34.667383,0 135.500334,34.667383,0 135.500434,34.667383,0 135.500511,34.667383,0 135.500541,34.667423,0 135.500543,34.667655,0 135.500545,34.667843,0 135.500563,34.667843,0 135.501169,34.667856,0 135.501325,34.667858,0 135.501436,34.667860,0 135.501875,34.667868,0 135.502274,34.667876,0 135.502350,34.667878,0 135.502369,34.667882,0 135.502385,34.667890,0 135.502397,34.667900,0 135.502404,34.667911,0 135.502408,34.667926,0 135.502407,34.667965,0 135.502468,34.667966,0</coordinates></LineString><LineString><tessellate>1</tessellate><coordinates>135.497616,34.667215,0 135.497423,34.667333,0 135.497656,34.667380,0</coordinates></LineString><LineString><tessellate>1</tessellate><coordinates>135.497834,34.667282,0 135.497801,34.667085,0 135.497640,34.667233,0</coordinates></LineString><LineString><tessellate>1</tessellate><coordinates>135.500053,34.667191,0 135.500141,34.667376,0 135.500255,34.667201,0</coordinates></LineString></MultiGeometry></Placemark>
<Placemark><name>d4·10 🚶 Hōzen-ji → Namba Yasaka</name><styleUrl>#lb8636f7a3</styleUrl><description><![CDATA[caminando]]></description><MultiGeometry><LineString><tessellate>1</tessellate><coordinates>135.502468,34.667966,0 135.502407,34.667965,0 135.502408,34.667926,0 135.502404,34.667911,0 135.502397,34.667900,0 135.502385,34.667890,0 135.502369,34.667882,0 135.502350,34.667878,0 135.502274,34.667876,0 135.501875,34.667868,0 135.501882,34.667639,0 135.501853,34.667638,0 135.501859,34.667439,0 135.501498,34.667435,0 135.501402,34.667433,0 135.501352,34.667432,0 135.501357,34.667324,0 135.501358,34.667290,0 135.501362,34.667218,0 135.501375,34.667017,0 135.501380,34.666935,0 135.501380,34.666907,0 135.501381,34.666896,0 135.501392,34.666647,0 135.501409,34.666372,0 135.501462,34.665926,0 135.501452,34.665879,0 135.501291,34.665862,0 135.501005,34.665835,0 135.500818,34.665816,0 135.500601,34.665793,0 135.500584,34.665792,0 135.500562,34.665791,0 135.500566,34.665768,0 135.500584,34.665670,0 135.500594,34.665614,0 135.500603,34.665561,0 135.500621,34.665462,0 135.500627,34.665425,0 135.500634,34.665383,0 135.500542,34.665271,0 135.500537,34.665215,0 135.500483,34.665164,0 135.500516,34.664995,0 135.500538,34.664876,0 135.500218,34.664836,0 135.500198,34.664811,0 135.500121,34.664729,0 135.500081,34.664693,0 135.500090,34.664616,0 135.500130,34.664546,0 135.500113,34.664539,0 135.500063,34.664516,0 135.500005,34.664488,0 135.499949,34.664464,0 135.499897,34.664496,0 135.499819,34.664424,0 135.499306,34.663880,0 135.499011,34.663572,0 135.498955,34.663512,0 135.498892,34.663503,0 135.498340,34.662950,0 135.498306,34.662900,0 135.498323,34.662861,0 135.498320,34.662833,0 135.498320,34.662775,0 135.498317,34.662720,0 135.498317,34.662702,0 135.498319,34.662666,0 135.498217,34.662575,0 135.498168,34.662573,0 135.498129,34.662573,0 135.498071,34.662576,0 135.497895,34.662584,0 135.497823,34.662587,0 135.497786,34.662589,0 135.497757,34.662111,0 135.497278,34.662142,0 135.497176,34.661806,0 135.497119,34.661387,0 135.496706,34.661401,0 135.496706,34.661441,0 135.496707,34.661487,0</coordinates></LineString><LineString><tessellate>1</tessellate><coordinates>135.501480,34.666965,0 135.501386,34.666782,0 135.501277,34.666959,0</coordinates></LineString><LineString><tessellate>1</tessellate><coordinates>135.500828,34.665470,0 135.500622,34.665368,0 135.500660,34.665564,0</coordinates></LineString><LineString><tessellate>1</tessellate><coordinates>135.499573,34.664026,0 135.499358,34.663936,0 135.499413,34.664130,0</coordinates></LineString><LineString><tessellate>1</tessellate><coordinates>135.498004,34.662493,0 135.497794,34.662589,0 135.498018,34.662661,0</coordinates></LineString></MultiGeometry></Placemark>
<Placemark><name>d4·11 🚶 Namba Yasaka → Dotonbori</name><styleUrl>#lb8636f7a3</styleUrl><description><![CDATA[caminando]]></description><MultiGeometry><LineString><tessellate>1</tessellate><coordinates>135.496707,34.661487,0 135.496707,34.661487,0 135.496706,34.661441,0 135.496706,34.661401,0 135.497119,34.661387,0 135.497176,34.661806,0 135.497278,34.662142,0 135.497757,34.662111,0 135.497786,34.662589,0 135.497823,34.662587,0 135.497895,34.662584,0 135.498071,34.662576,0 135.498129,34.662573,0 135.498168,34.662573,0 135.498217,34.662575,0 135.498319,34.662666,0 135.498317,34.662702,0 135.498317,34.662720,0 135.498320,34.662775,0 135.498320,34.662833,0 135.498323,34.662861,0 135.498306,34.662900,0 135.498340,34.662950,0 135.498892,34.663503,0 135.498955,34.663512,0 135.499011,34.663572,0 135.499306,34.663880,0 135.499819,34.664424,0 135.499897,34.664496,0 135.499949,34.664464,0 135.500005,34.664488,0 135.500063,34.664516,0 135.500113,34.664539,0 135.500130,34.664546,0 135.500090,34.664616,0 135.500081,34.664693,0 135.500121,34.664729,0 135.500198,34.664811,0 135.500218,34.664836,0 135.500538,34.664876,0 135.500516,34.664995,0 135.500483,34.665164,0 135.500537,34.665215,0 135.500542,34.665271,0 135.500634,34.665383,0 135.500627,34.665425,0 135.500621,34.665462,0 135.500603,34.665561,0 135.500594,34.665614,0 135.500584,34.665670,0 135.500566,34.665768,0 135.500562,34.665791,0 135.500584,34.665792,0 135.500601,34.665793,0 135.500818,34.665816,0 135.501005,34.665835,0 135.501291,34.665862,0 135.501452,34.665879,0 135.501462,34.665926,0 135.501409,34.666372,0 135.501392,34.666647,0 135.501381,34.666896,0 135.501380,34.666907,0 135.501380,34.666935,0 135.501375,34.667017,0 135.501362,34.667218,0 135.501358,34.667290,0 135.501357,34.667324,0 135.501352,34.667432,0 135.501402,34.667433,0 135.501498,34.667435,0 135.501859,34.667439,0 135.502306,34.667444,0 135.502288,34.667679,0 135.502937,34.667723,0 135.503047,34.667731,0 135.503141,34.667737,0 135.503162,34.667791,0 135.503154,34.667972,0 135.503143,34.668189,0 135.503139,34.668280,0 135.503120,34.668648,0</coordinates></LineString><LineString><tessellate>1</tessellate><coordinates>135.497877,34.662670,0 135.498088,34.662575,0 135.497864,34.662502,0</coordinates></LineString><LineString><tessellate>1</tessellate><coordinates>135.499507,34.664230,0 135.499721,34.664320,0 135.499667,34.664126,0</coordinates></LineString><LineString><tessellate>1</tessellate><coordinates>135.500695,34.665888,0 135.500923,34.665827,0 135.500720,34.665721,0</coordinates></LineString><LineString><tessellate>1</tessellate><coordinates>135.501526,34.667519,0 135.501745,34.667438,0 135.501529,34.667351,0</coordinates></LineString></MultiGeometry></Placemark>
<Placemark><name>d4·12 🚶 Dotonbori → Namba ⇒ hotel</name><styleUrl>#lb8636f7a3</styleUrl><description><![CDATA[caminando · rumbo del plan: hotel]]></description><MultiGeometry><LineString><tessellate>1</tessellate><coordinates>135.503120,34.668648,0 135.503139,34.668280,0 135.503143,34.668189,0 135.503154,34.667972,0 135.503162,34.667791,0 135.503141,34.667737,0 135.503047,34.667731,0 135.502937,34.667723,0 135.502288,34.667679,0 135.502306,34.667444,0 135.501859,34.667439,0 135.501498,34.667435,0 135.501402,34.667433,0 135.501352,34.667432,0 135.501305,34.667432,0 135.501219,34.667430,0 135.500541,34.667423,0 135.500511,34.667383,0 135.500434,34.667383,0 135.500334,34.667383,0 135.500236,34.667383,0 135.500141,34.667381,0 135.500144,34.667338,0 135.500144,34.667269,0 135.500145,34.667238,0 135.500142,34.667040,0 135.500141,34.666998,0 135.500139,34.666928,0 135.500017,34.666928,0 135.499847,34.666928,0 135.499420,34.666929,0 135.499318,34.666931,0 135.498827,34.666941,0 135.498509,34.666948,0 135.498202,34.666985,0 135.498189,34.666986,0 135.498117,34.666995,0 135.498018,34.667009,0 135.497989,34.667011,0 135.497929,34.667015,0 135.497885,34.667018,0 135.497824,34.667022,0 135.497793,34.667106,0 135.497606,34.667137,0 135.497531,34.667158,0 135.497492,34.667168,0 135.497404,34.667160,0 135.497226,34.667112,0 135.497046,34.667064,0 135.497016,34.667095,0 135.496980,34.667097,0 135.496951,34.667086,0 135.496893,34.667098,0 135.496835,34.667112,0 135.496841,34.667131,0 135.496815,34.667135,0 135.496791,34.667138,0 135.496759,34.667143,0 135.496705,34.667151,0 135.496687,34.667198,0 135.496624,34.667218,0 135.496592,34.667237,0 135.496539,34.667245,0 135.496512,34.667237,0 135.496405,34.667259,0 135.496387,34.667195,0 135.496406,34.667192,0 135.496409,34.667198,0 135.496427,34.667195,0 135.496597,34.667163,0 135.496625,34.667159,0 135.496622,34.667151,0 135.496651,34.667148,0 135.496687,34.667146,0 135.496826,34.667432,0 135.498550,34.667145,0 135.500342,34.667113,0</coordinates></LineString><LineString><tessellate>1</tessellate><coordinates>135.502115,34.667358,0 135.501896,34.667439,0 135.502113,34.667526,0</coordinates></LineString><LineString><tessellate>1</tessellate><coordinates>135.500032,34.666843,0 135.499814,34.666928,0 135.500033,34.667012,0</coordinates></LineString><LineString><tessellate>1</tessellate><coordinates>135.497498,34.667097,0 135.497260,34.667121,0 135.497435,34.667257,0</coordinates></LineString><LineString><tessellate>1</tessellate><coordinates>135.497512,34.667404,0 135.497705,34.667286,0 135.497472,34.667239,0</coordinates></LineString></MultiGeometry></Placemark>
<Placemark><name>d4·13 🚇 21:45 Metro Midosuji: Namba → Yodoyabashi ⇒ hotel</name><styleUrl>#lff1f17e56</styleUrl><description><![CDATA[SALE 21:45 de Namba → LLEGA a Yodoyabashi · Metro Midosuji — sentido Shin-Osaka / Senri-Chūō (3 tramos) · rumbo del plan: hotel]]></description><MultiGeometry><LineString><tessellate>1</tessellate><coordinates>135.500342,34.667098,0 135.500377,34.675057,0 135.498829,34.682007,0 135.501053,34.692261,0</coordinates></LineString><LineString><tessellate>1</tessellate><coordinates>135.500206,34.671909,0 135.500365,34.672187,0 135.500520,34.671908,0</coordinates></LineString><LineString><tessellate>1</tessellate><coordinates>135.499798,34.676941,0 135.499891,34.677239,0 135.500107,34.676988,0</coordinates></LineString><LineString><tessellate>1</tessellate><coordinates>135.498667,34.681992,0 135.498881,34.682244,0 135.498976,34.681946,0</coordinates></LineString><LineString><tessellate>1</tessellate><coordinates>135.499753,34.687001,0 135.499967,34.687253,0 135.500062,34.686955,0</coordinates></LineString></MultiGeometry></Placemark>
</Folder>
<Folder><name>lun 5 · Hiroshima</name>
<Placemark><name>1. 10:15 · Isla de Miyajima (d5)</name><styleUrl>#p1</styleUrl><description><![CDATA[Hora del plan: 10:15. ⏰ SIGUIENTE PUNTO ESTRICTO del día: 10:15 — Isla de Miyajima (reserva/transporte: NO se puede llegar tarde).]]></description><Point><coordinates>132.305249,34.273211,0</coordinates></Point></Placemark>
<Placemark><name>2. 10:15 · Santuario Itsukushima (d5)</name><styleUrl>#p2</styleUrl><description><![CDATA[Hora del plan: 10:15. ⏰ SIGUIENTE PUNTO ESTRICTO del día: 10:15 — Isla de Miyajima (reserva/transporte: NO se puede llegar tarde).]]></description><Point><coordinates>132.319828,34.295990,0</coordinates></Point></Placemark>
<Placemark><name>3. 14:50 · Parque Memorial de la Paz (d5)</name><styleUrl>#p3</styleUrl><description><![CDATA[Hora del plan: 14:50. ⏰ SIGUIENTE PUNTO ESTRICTO del día: 18:53 — punto fijo (reserva/transporte: NO se puede llegar tarde).]]></description><Point><coordinates>132.452201,34.392687,0</coordinates></Point></Placemark>
<Placemark><name>4. 14:50 · Domo de la Bomba Atómica (d5)</name><styleUrl>#p4</styleUrl><description><![CDATA[Hora del plan: 14:50. ⏰ SIGUIENTE PUNTO ESTRICTO del día: 18:53 — punto fijo (reserva/transporte: NO se puede llegar tarde).]]></description><Point><coordinates>132.453592,34.395483,0</coordinates></Point></Placemark>
<Placemark><name>d5·1 🚶 Hotel → Yodoyabashi ⇒ Isla de Miyajima</name><styleUrl>#lb8636f7a3</styleUrl><description><![CDATA[caminando · rumbo del plan: Isla de Miyajima]]></description><MultiGeometry><LineString><tessellate>1</tessellate><coordinates>135.506758,34.690856,0 135.506729,34.690856,0 135.506735,34.691082,0 135.506740,34.691142,0 135.506745,34.691209,0 135.506627,34.691231,0 135.506533,34.691248,0 135.506534,34.691267,0 135.506543,34.691605,0 135.506466,34.691677,0 135.506359,34.691778,0 135.506023,34.691831,0 135.505744,34.691876,0 135.505677,34.691886,0 135.505129,34.691954,0 135.504772,34.691973,0 135.504742,34.691975,0 135.504692,34.691977,0 135.504643,34.691980,0 135.504577,34.691982,0 135.503852,34.692023,0 135.503779,34.692024,0 135.503724,34.692027,0 135.503661,34.692031,0 135.503579,34.692054,0 135.503468,34.692071,0 135.502729,34.692181,0 135.501738,34.692330,0 135.501705,34.692362,0 135.501329,34.692432,0 135.501231,34.692394,0 135.501213,34.692386,0 135.501162,34.692339,0 135.501140,34.692339,0 135.501106,34.692340,0 135.501104,34.692260,0</coordinates></LineString><LineString><tessellate>1</tessellate><coordinates>135.505672,34.691802,0 135.505472,34.691911,0 135.505702,34.691968,0</coordinates></LineString><LineString><tessellate>1</tessellate><coordinates>135.503401,34.691995,0 135.503205,34.692110,0 135.503437,34.692161,0</coordinates></LineString></MultiGeometry></Placemark>
<Placemark><name>d5·2 🚇 07:10 Metro Midosuji: Yodoyabashi → Shin-Osaka ⇒ Isla de Miyajima</name><styleUrl>#lff1f17e56</styleUrl><description><![CDATA[SALE 07:10 de Yodoyabashi → LLEGA a Shin-Osaka · Metro Midosuji — sentido Senri-Chūō (4 tramos) · rumbo del plan: Isla de Miyajima]]></description><MultiGeometry><LineString><tessellate>1</tessellate><coordinates>135.501053,34.692261,0 135.498427,34.705027,0 135.496999,34.711152,0 135.498586,34.726407,0 135.500255,34.733466,0</coordinates></LineString><LineString><tessellate>1</tessellate><coordinates>135.499898,34.697102,0 135.499996,34.697399,0 135.500207,34.697146,0</coordinates></LineString><LineString><tessellate>1</tessellate><coordinates>135.498841,34.702240,0 135.498939,34.702536,0 135.499151,34.702283,0</coordinates></LineString><LineString><tessellate>1</tessellate><coordinates>135.497722,34.707365,0 135.497812,34.707663,0 135.498030,34.707414,0</coordinates></LineString><LineString><tessellate>1</tessellate><coordinates>135.496986,34.712538,0 135.497171,34.712804,0 135.497299,34.712515,0</coordinates></LineString><LineString><tessellate>1</tessellate><coordinates>135.497526,34.717730,0 135.497711,34.717996,0 135.497839,34.717708,0</coordinates></LineString><LineString><tessellate>1</tessellate><coordinates>135.498066,34.722922,0 135.498251,34.723189,0 135.498379,34.722900,0</coordinates></LineString><LineString><tessellate>1</tessellate><coordinates>135.498827,34.728103,0 135.499046,34.728351,0 135.499135,34.728053,0</coordinates></LineString></MultiGeometry></Placemark>
<Placemark><name>d5·3 🚶 Shin-Osaka → Shin-Osaka ⇒ Isla de Miyajima</name><styleUrl>#lb8636f7a3</styleUrl><description><![CDATA[caminando · rumbo del plan: Isla de Miyajima]]></description><MultiGeometry><LineString><tessellate>1</tessellate><coordinates>135.500358,34.733256,0 135.499899,34.733104,0 135.499751,34.733057,0 135.499412,34.733816,0 135.499396,34.733851,0 135.499385,34.733847,0 135.499144,34.733766,0 135.499135,34.733763,0 135.499133,34.733643,0 135.499055,34.733617,0 135.499042,34.733617,0 135.498995,34.733617,0 135.498892,34.733617,0 135.498892,34.733629,0 135.498890,34.733759,0 135.498891,34.733789,0 135.497930,34.733479,0 135.497896,34.733468,0</coordinates></LineString><LineString><tessellate>1</tessellate><coordinates>135.499509,34.733798,0 135.499269,34.733808,0 135.499433,34.733954,0</coordinates></LineString></MultiGeometry></Placemark>
<Placemark><name>d5·4 🚇 07:34 Shinkansen: Shin-Osaka → Hiroshima ⇒ Isla de Miyajima</name><styleUrl>#lffa0501c6</styleUrl><description><![CDATA[SALE 07:34 de Shin-Osaka → LLEGA a Hiroshima · Shinkansen — sentido Hakata (3 tramos) · ruta escénica · rumbo del plan: Isla de Miyajima]]></description><MultiGeometry><LineString><tessellate>1</tessellate><coordinates>135.497888,34.733485,0 135.195468,34.706288,0 133.918266,34.666750,0 132.475379,34.397667,0</coordinates></LineString><LineString><tessellate>1</tessellate><coordinates>135.159723,34.705052,0 135.159381,34.705171,0 135.159711,34.705312,0</coordinates></LineString><LineString><tessellate>1</tessellate><coordinates>134.819749,34.694527,0 134.819406,34.694647,0 134.819737,34.694787,0</coordinates></LineString><LineString><tessellate>1</tessellate><coordinates>134.479774,34.684003,0 134.479432,34.684122,0 134.479762,34.684263,0</coordinates></LineString><LineString><tessellate>1</tessellate><coordinates>134.139800,34.673478,0 134.139457,34.673598,0 134.139788,34.673738,0</coordinates></LineString><LineString><tessellate>1</tessellate><coordinates>133.802721,34.645069,0 133.802358,34.645135,0 133.802652,34.645323,0</coordinates></LineString><LineString><tessellate>1</tessellate><coordinates>133.470976,34.583202,0 133.470613,34.583268,0 133.470907,34.583456,0</coordinates></LineString><LineString><tessellate>1</tessellate><coordinates>133.139231,34.521335,0 133.138868,34.521401,0 133.139162,34.521589,0</coordinates></LineString><LineString><tessellate>1</tessellate><coordinates>132.807485,34.459468,0 132.807123,34.459534,0 132.807417,34.459722,0</coordinates></LineString></MultiGeometry></Placemark>
<Placemark><name>d5·5 🚇 09:10 JR San-yō Line (local): Hiroshima → Miyajimaguchi ⇒ Isla de Miyajima</name><styleUrl>#lff00d4ff6</styleUrl><description><![CDATA[SALE 09:10 de Hiroshima → LLEGA a Miyajimaguchi · JR San-yō Line (local) — sentido Iwakuni (9 tramos) · rumbo del plan: Isla de Miyajima]]></description><MultiGeometry><LineString><tessellate>1</tessellate><coordinates>132.475379,34.397667,0 132.461172,34.408460,0 132.450602,34.409960,0 132.427982,34.398048,0 132.392096,34.375716,0 132.368100,34.366927,0 132.335676,34.358027,0 132.324075,34.348964,0 132.314302,34.323073,0 132.302951,34.312009,0</coordinates></LineString><LineString><tessellate>1</tessellate><coordinates>132.455472,34.409137,0 132.455168,34.409312,0 132.455525,34.409393,0</coordinates></LineString><LineString><tessellate>1</tessellate><coordinates>132.433476,34.400788,0 132.433109,34.400748,0 132.433308,34.401007,0</coordinates></LineString><LineString><tessellate>1</tessellate><coordinates>132.412919,34.388513,0 132.412557,34.388450,0 132.412732,34.388721,0</coordinates></LineString><LineString><tessellate>1</tessellate><coordinates>132.392637,34.375891,0 132.392275,34.375828,0 132.392449,34.376099,0</coordinates></LineString><LineString><tessellate>1</tessellate><coordinates>132.369489,34.367293,0 132.369119,34.367300,0 132.369362,34.367531,0</coordinates></LineString><LineString><tessellate>1</tessellate><coordinates>132.345471,34.360579,0 132.345104,34.360615,0 132.345373,34.360826,0</coordinates></LineString><LineString><tessellate>1</tessellate><coordinates>132.324805,34.349356,0 132.324454,34.349260,0 132.324591,34.349545,0</coordinates></LineString><LineString><tessellate>1</tessellate><coordinates>132.316897,34.329513,0 132.316647,34.329286,0 132.316598,34.329591,0</coordinates></LineString></MultiGeometry></Placemark>
<Placemark><name>d5·6 ⛴️ 09:45 Ferry JR a Miyajima: Miyajimaguchi → Miyajima ⇒ Isla de Miyajima</name><styleUrl>#lffaf5c006</styleUrl><description><![CDATA[SALE 09:45 de Miyajimaguchi → LLEGA a Miyajima · Ferry JR a Miyajima — sentido Miyajima (1 tramos) · ruta escénica · rumbo del plan: Isla de Miyajima]]></description><LineString><tessellate>1</tessellate><coordinates>132.302951,34.312009,0 132.302951,34.312009,0</coordinates></LineString></Placemark>
<Placemark><name>d5·7 🚶 Isla de Miyajima → Santuario Itsukushima</name><styleUrl>#lb8636f7a3</styleUrl><description><![CDATA[caminando]]></description><MultiGeometry><LineString><tessellate>1</tessellate><coordinates>132.305219,34.273083,0 132.305641,34.273015,0 132.306005,34.273239,0 132.306244,34.273279,0 132.306418,34.273372,0 132.306510,34.273536,0 132.307175,34.274347,0 132.307483,34.274557,0 132.307529,34.274644,0 132.307559,34.274776,0 132.307583,34.274908,0 132.307583,34.274962,0 132.307657,34.275058,0 132.307716,34.275165,0 132.307726,34.275250,0 132.307610,34.275853,0 132.307549,34.275966,0 132.307400,34.276236,0 132.307278,34.276479,0 132.307224,34.276642,0 132.307203,34.276980,0 132.307210,34.277075,0 132.307376,34.277546,0 132.307429,34.277407,0 132.307542,34.277349,0 132.307677,34.277296,0 132.308276,34.277171,0 132.308750,34.277305,0 132.308920,34.277260,0 132.309132,34.277022,0 132.309442,34.276889,0 132.309730,34.276865,0 132.309948,34.276886,0 132.310308,34.276794,0 132.310701,34.276672,0 132.310841,34.276670,0 132.311035,34.276802,0 132.311432,34.276924,0 132.311908,34.276991,0 132.312145,34.276947,0 132.312374,34.276891,0 132.312873,34.276673,0 132.313622,34.276249,0 132.314309,34.275724,0 132.314527,34.275620,0 132.315308,34.275363,0 132.315573,34.275306,0 132.315775,34.275730,0 132.315851,34.275875,0 132.316137,34.276157,0 132.316442,34.276372,0 132.316590,34.276455,0 132.316727,34.276573,0 132.316787,34.276697,0 132.316793,34.276815,0 132.316780,34.276923,0 132.316740,34.277047,0 132.316685,34.277238,0 132.316705,34.277435,0 132.316712,34.277632,0 132.316658,34.278055,0 132.316665,34.278235,0 132.316685,34.278304,0 132.316780,34.278349,0 132.316822,34.278411,0 132.316827,34.278461,0 132.316820,34.278552,0 132.316665,34.278799,0 132.316658,34.278895,0 132.316688,34.278988,0 132.316780,34.279103,0 132.316780,34.279261,0 132.316727,34.279436,0 132.316710,34.279487,0 132.316720,34.279529,0 132.316895,34.279683,0 132.316937,34.279745,0 132.317111,34.279815,0 132.317155,34.279883,0 132.317213,34.279987,0 132.317281,34.280040,0 132.317314,34.280086,0 132.317261,34.280141,0 132.317248,34.280208,0 132.317264,34.280240,0 132.317234,34.280255,0 132.317221,34.280290,0 132.317260,34.280375,0 132.317264,34.280531,0 132.317255,34.280605,0 132.317250,34.280626,0 132.317246,34.280679,0 132.317219,34.280775,0 132.317316,34.280981,0 132.317269,34.281062,0 132.317269,34.281107,0 132.317247,34.281142,0 132.317231,34.281175,0 132.317166,34.281334,0 132.317162,34.281346,0 132.317145,34.281396,0 132.317137,34.281483,0 132.317163,34.281560,0 132.317166,34.281629,0 132.317196,34.281772,0 132.317281,34.281985,0 132.317304,34.282072,0 132.317270,34.282156,0 132.317327,34.282132,0 132.317414,34.282094,0 132.317547,34.282402,0 132.317532,34.282467,0 132.317526,34.282521,0 132.317545,34.282603,0 132.317583,34.282679,0 132.317626,34.282767,0 132.317656,34.282847,0 132.317683,34.282917,0 132.317675,34.283052,0 132.317693,34.283089,0 132.317786,34.283164,0 132.317858,34.283270,0 132.317923,34.283345,0 132.317942,34.283482,0 132.317910,34.283503,0 132.317850,34.283535,0 132.317900,34.283610,0 132.317905,34.283664,0 132.317893,34.283703,0 132.317886,34.283755,0 132.317876,34.283806,0 132.317856,34.283832,0 132.317815,34.283960,0 132.317804,34.283997,0 132.317741,34.284059,0 132.317719,34.284067,0 132.317693,34.284098,0 132.317666,34.284158,0 132.317689,34.284199,0 132.317687,34.284246,0 132.317679,34.284329,0 132.317695,34.284443,0 132.317641,34.284455,0 132.317578,34.284450,0 132.317604,34.284480,0 132.317639,34.284498,0 132.317643,34.284536,0 132.317662,34.284554,0 132.317672,34.284605,0 132.317681,34.284639,0 132.317652,34.284656,0 132.317666,34.284676,0 132.317691,34.284699,0 132.317683,34.284740,0 132.317701,34.284788,0 132.317704,34.284819,0 132.317734,34.284835,0 132.317739,34.284867,0 132.317739,34.284902,0 132.317695,34.284911,0 132.317650,34.284922,0 132.317650,34.284959,0 132.317678,34.284987,0 132.317747,34.285021,0 132.317775,34.285026,0 132.317837,34.285021,0 132.317802,34.285060,0 132.317734,34.285105,0 132.317680,34.285085,0 132.317614,34.285058,0 132.317559,34.285035,0 132.317512,34.285063,0 132.317473,34.285127,0 132.317456,34.285219,0 132.317440,34.285291,0 132.317409,34.285302,0 132.317361,34.285394,0 132.317514,34.285461,0 132.317536,34.285484,0 132.317532,34.285583,0 132.317458,34.285570,0 132.317384,34.285600,0 132.317369,34.285625,0 132.317393,34.285669,0 132.317447,34.285733,0 132.317469,34.285776,0 132.317476,34.285845,0 132.317480,34.285929,0 132.317452,34.285999,0 132.317407,34.286084,0 132.317386,34.286124,0 132.317343,34.286158,0 132.317310,34.286201,0 132.317320,34.286230,0 132.317368,34.286238,0 132.317435,34.286289,0 132.317460,34.286346,0 132.317479,34.286365,0 132.317469,34.286394,0 132.317452,34.286450,0 132.317427,34.286472,0 132.317351,34.286508,0 132.317343,34.286554,0 132.317357,34.286591,0 132.317376,34.286622,0 132.317426,34.286671,0 132.317493,34.286697,0 132.317540,34.286740,0 132.317532,34.286758,0 132.317600,34.286840,0 132.317701,34.286928,0 132.317765,34.286981,0 132.317769,34.287013,0 132.317835,34.287110,0 132.317959,34.287159,0 132.318033,34.287245,0 132.318062,34.287307,0 132.318105,34.287373,0 132.318150,34.287476,0 132.318192,34.287532,0 132.318237,34.287561,0 132.318256,34.287646,0 132.318311,34.287696,0 132.318365,34.287721,0 132.318420,34.287729,0 132.318451,34.287803,0 132.318457,34.287880,0 132.318439,34.287951,0 132.318478,34.288010,0 132.318495,34.288148,0 132.318548,34.288237,0 132.318622,34.288286,0 132.318694,34.288341,0 132.318783,34.288384,0 132.318830,34.288412,0 132.318851,34.288447,0 132.318852,34.288534,0 132.318862,34.288557,0 132.318863,34.288597,0 132.318884,34.288632,0 132.318892,34.288661,0 132.318847,34.288688,0 132.318803,34.288691,0 132.318697,34.288675,0 132.318663,34.288685,0 132.318611,34.288663,0 132.318573,34.288654,0 132.318532,34.288663,0 132.318489,34.288673,0 132.318453,34.288664,0 132.318385,34.288711,0 132.318413,34.288734,0 132.318466,34.288751,0 132.318539,34.288800,0 132.318551,34.288843,0 132.318582,34.288868,0 132.318607,34.288945,0 132.318646,34.288992,0 132.318671,34.289002,0 132.318705,34.289039,0 132.318717,34.289067,0 132.318720,34.289096,0 132.318746,34.289134,0 132.318759,34.289163,0 132.318779,34.289182,0 132.318802,34.289224,0 132.318800,34.289248,0 132.318795,34.289267,0 132.318778,34.289281,0 132.318772,34.289301,0 132.318788,34.289319,0 132.318873,34.289362,0 132.318917,34.289363,0 132.318935,34.289365,0 132.318963,34.289368,0 132.318975,34.289376,0 132.318946,34.289385,0 132.318935,34.289396,0 132.318925,34.289412,0 132.318902,34.289424,0 132.318882,34.289427,0 132.318870,34.289442,0 132.318857,34.289451,0 132.318837,34.289459,0 132.318832,34.289475,0 132.318775,34.289529,0 132.318755,34.289540,0 132.318733,34.289538,0 132.318710,34.289531,0 132.318685,34.289538,0 132.318677,34.289559,0 132.318770,34.289644,0 132.318790,34.289673,0 132.318815,34.289675,0 132.318832,34.289685,0 132.318845,34.289710,0 132.318870,34.289729,0 132.318870,34.289749,0 132.318854,34.289783,0 132.318835,34.289815,0 132.318815,34.289827,0 132.318767,34.289840,0 132.318729,34.289861,0 132.318701,34.289875,0 132.318671,34.289869,0 132.318650,34.289879,0 132.318674,34.289909,0 132.318697,34.289920,0 132.318728,34.289943,0 132.318736,34.289971,0 132.318704,34.289974,0 132.318667,34.289964,0 132.318661,34.289977,0 132.318668,34.289994,0 132.318697,34.290013,0 132.318722,34.290038,0 132.318729,34.290093,0 132.318745,34.290117,0 132.318770,34.290130,0 132.318830,34.290142,0 132.318905,34.290124,0 132.318989,34.290069,0 132.319130,34.290014,0 132.319225,34.289995,0 132.319276,34.289988,0 132.319318,34.290004,0 132.319329,34.290042,0 132.319340,34.290110,0 132.319353,34.290127,0 132.319404,34.290154,0 132.319373,34.290218,0 132.319315,34.290287,0 132.319207,34.290341,0 132.319194,34.290377,0 132.319204,34.290422,0 132.319232,34.290457,0 132.319271,34.290491,0 132.319283,34.290511,0 132.319281,34.290563,0 132.319276,34.290590,0 132.319261,34.290643,0 132.319257,34.290675,0 132.319247,34.290734,0 132.319246,34.290880,0 132.319270,34.290917,0 132.319276,34.290952,0 132.319250,34.291024,0 132.319243,34.291046,0 132.319202,34.291101,0 132.319152,34.291161,0 132.319122,34.291216,0 132.319108,34.291262,0 132.319103,34.291301,0 132.319099,34.291464,0 132.319086,34.291554,0 132.319082,34.291569,0 132.319050,34.291612,0 132.319047,34.291625,0 132.319057,34.291715,0 132.319070,34.291815,0 132.319077,34.291858,0 132.319084,34.291903,0 132.319103,34.292069,0 132.319110,34.292134,0 132.319122,34.292228,0 132.319138,34.292278,0 132.319193,34.292356,0 132.319277,34.292414,0 132.319408,34.292463,0 132.319427,34.292476,0 132.319436,34.292531,0 132.319408,34.292571,0 132.319336,34.292654,0 132.319219,34.292753,0 132.319111,34.292811,0 132.319018,34.292857,0 132.318975,34.292885,0 132.319040,34.293012,0 132.318884,34.293061,0 132.318760,34.293097,0 132.318745,34.293102,0 132.318744,34.293112,0 132.318742,34.293174,0 132.318735,34.293284,0 132.318737,34.293395,0 132.318753,34.293766,0 132.318763,34.294089,0 132.318772,34.294539,0 132.318809,34.294981,0 132.318631,34.294998,0 132.318718,34.295104,0 132.318748,34.295138,0 132.318789,34.295188,0 132.318818,34.295214,0 132.318869,34.295261,0 132.318876,34.295267,0 132.318897,34.295289,0 132.319234,34.295600,0 132.319435,34.295452,0 132.319758,34.295750,0 132.319551,34.295910,0 132.319577,34.295932,0 132.319663,34.296008,0 132.319674,34.296018,0 132.319708,34.295991,0 132.319763,34.296040,0</coordinates></LineString><LineString><tessellate>1</tessellate><coordinates>132.308177,34.277232,0 132.308415,34.277210,0 132.308242,34.277073,0</coordinates></LineString><LineString><tessellate>1</tessellate><coordinates>132.315405,34.275181,0 132.315578,34.275317,0 132.315593,34.275119,0</coordinates></LineString><LineString><tessellate>1</tessellate><coordinates>132.317170,34.281064,0 132.317196,34.281262,0 132.317361,34.281118,0</coordinates></LineString><LineString><tessellate>1</tessellate><coordinates>132.317281,34.286324,0 132.317350,34.286514,0 132.317481,34.286348,0</coordinates></LineString><LineString><tessellate>1</tessellate><coordinates>132.319147,34.290643,0 132.319246,34.290824,0 132.319349,34.290644,0</coordinates></LineString></MultiGeometry></Placemark>
<Placemark><name>d5·8 🚶 Santuario Itsukushima → Miyajima ⇒ Parque Memorial de la Paz</name><styleUrl>#lb8636f7a3</styleUrl><description><![CDATA[caminando · rumbo del plan: Parque Memorial de la Paz]]></description><MultiGeometry><LineString><tessellate>1</tessellate><coordinates>132.319763,34.296040,0 132.319805,34.296077,0 132.319771,34.296103,0 132.319782,34.296113,0 132.319846,34.296169,0 132.319921,34.296236,0 132.320118,34.296078,0 132.320159,34.296045,0 132.320177,34.296027,0 132.320218,34.295990,0 132.320212,34.295945,0 132.320316,34.295860,0 132.320359,34.295825,0 132.320417,34.295781,0 132.320471,34.295827,0 132.320536,34.295856,0 132.320531,34.295918,0 132.320703,34.296144,0 132.320838,34.296329,0 132.320811,34.296383,0 132.320799,34.296457,0 132.320799,34.296580,0 132.320908,34.296741,0 132.320980,34.296850,0 132.321060,34.296964,0 132.321130,34.297039,0 132.321132,34.297059,0 132.321118,34.297091,0 132.320985,34.297297,0 132.320968,34.297323,0 132.320948,34.297345,0 132.320804,34.297519,0 132.320653,34.297731,0 132.320446,34.297676,0 132.320367,34.297830,0 132.320396,34.297902,0 132.320545,34.298043,0 132.320475,34.298090,0 132.320581,34.298203,0 132.320755,34.298425,0 132.320886,34.298632,0 132.320999,34.298835,0 132.321101,34.299076,0 132.321152,34.299221,0 132.321214,34.299494,0 132.321293,34.299487,0 132.321321,34.299699,0 132.321349,34.299764,0 132.321356,34.299830,0 132.321406,34.300259,0 132.321300,34.300262,0 132.321326,34.300502,0 132.321346,34.300678,0 132.321463,34.300671,0 132.321510,34.301026,0 132.321547,34.301068,0 132.321546,34.301123,0 132.321569,34.301253,0 132.321697,34.301335,0 132.322038,34.301592,0 132.322474,34.301903,0 132.322371,34.301997,0 132.322354,34.302012,0 132.322306,34.302053,0 132.322253,34.302013,0 132.322099,34.302145,0 132.322029,34.302205,0 132.322004,34.302219,0 132.321835,34.302089,0 132.321747,34.302133,0 132.321385,34.302281,0 132.321376,34.302284,0 132.321344,34.302271,0 132.321163,34.302196,0 132.321152,34.302195,0 132.320821,34.302344,0 132.306052,34.310695,0 132.306039,34.310731,0 132.305817,34.310894,0 132.305514,34.311019,0 132.305386,34.311074,0 132.305358,34.311113,0 132.305225,34.311199,0 132.305097,34.311285,0 132.304934,34.311289,0 132.304915,34.311343,0 132.304898,34.311389,0 132.304772,34.311403,0 132.304593,34.311485,0 132.304519,34.311526,0 132.304488,34.311510,0 132.304439,34.311524,0 132.304395,34.311537,0 132.304367,34.311539,0 132.304265,34.311548,0 132.304115,34.311610,0 132.303922,34.311690,0 132.303755,34.311772,0 132.303734,34.311739,0 132.303716,34.311746,0 132.303706,34.311729,0 132.303694,34.311709,0 132.303604,34.311747,0 132.303380,34.311838,0 132.303286,34.311877,0 132.303299,34.311899,0 132.303311,34.311918,0 132.303295,34.311924,0 132.303313,34.311956,0 132.303200,34.311987,0 132.303137,34.312015,0 132.303070,34.312044,0 132.303059,34.312049,0</coordinates></LineString><LineString><tessellate>1</tessellate><coordinates>132.320797,34.298671,0 132.320979,34.298800,0 132.320980,34.298601,0</coordinates></LineString><LineString><tessellate>1</tessellate><coordinates>132.321804,34.302016,0 132.321654,34.302171,0 132.321893,34.302167,0</coordinates></LineString><LineString><tessellate>1</tessellate><coordinates>132.317061,34.304369,0 132.316938,34.304539,0 132.317174,34.304508,0</coordinates></LineString><LineString><tessellate>1</tessellate><coordinates>132.312405,34.307001,0 132.312282,34.307172,0 132.312518,34.307140,0</coordinates></LineString><LineString><tessellate>1</tessellate><coordinates>132.307749,34.309634,0 132.307626,34.309805,0 132.307863,34.309773,0</coordinates></LineString></MultiGeometry></Placemark>
<Placemark><name>d5·9 ⛴️ 12:30 Ferry JR a Miyajima: Miyajima → Miyajimaguchi ⇒ Parque Memorial de la Paz</name><styleUrl>#lffaf5c006</styleUrl><description><![CDATA[SALE 12:30 de Miyajima → LLEGA a Miyajimaguchi · Ferry JR a Miyajima — sentido Miyajimaguchi (1 tramos) · ruta escénica · rumbo del plan: Parque Memorial de la Paz]]></description><LineString><tessellate>1</tessellate><coordinates>132.302951,34.312009,0 132.302951,34.312009,0</coordinates></LineString></Placemark>
<Placemark><name>d5·10 🚇 12:45 JR San-yō Line (local): Miyajimaguchi → Hiroshima ⇒ Parque Memorial de la Paz</name><styleUrl>#lff00d4ff6</styleUrl><description><![CDATA[SALE 12:45 de Miyajimaguchi → LLEGA a Hiroshima · JR San-yō Line (local) — sentido Hiroshima (8 tramos) · rumbo del plan: Parque Memorial de la Paz]]></description><MultiGeometry><LineString><tessellate>1</tessellate><coordinates>132.302951,34.312009,0 132.314302,34.323073,0 132.324075,34.348964,0 132.335676,34.358027,0 132.368100,34.366927,0 132.392096,34.375716,0 132.427982,34.398048,0 132.450602,34.409960,0 132.475379,34.397667,0</coordinates></LineString><LineString><tessellate>1</tessellate><coordinates>132.316361,34.328961,0 132.316610,34.329188,0 132.316659,34.328883,0</coordinates></LineString><LineString><tessellate>1</tessellate><coordinates>132.323923,34.349024,0 132.324274,34.349120,0 132.324137,34.348834,0</coordinates></LineString><LineString><tessellate>1</tessellate><coordinates>132.344386,34.360554,0 132.344753,34.360518,0 132.344484,34.360308,0</coordinates></LineString><LineString><tessellate>1</tessellate><coordinates>132.368297,34.367141,0 132.368667,34.367134,0 132.368423,34.366903,0</coordinates></LineString><LineString><tessellate>1</tessellate><coordinates>132.391365,34.375591,0 132.391735,34.375584,0 132.391491,34.375353,0</coordinates></LineString><LineString><tessellate>1</tessellate><coordinates>132.411599,34.388016,0 132.411961,34.388079,0 132.411786,34.387807,0</coordinates></LineString><LineString><tessellate>1</tessellate><coordinates>132.432006,34.400321,0 132.432373,34.400361,0 132.432174,34.400102,0</coordinates></LineString><LineString><tessellate>1</tessellate><coordinates>132.453517,34.408665,0 132.453725,34.408411,0 132.453356,34.408442,0</coordinates></LineString></MultiGeometry></Placemark>
<Placemark><name>d5·11 🚇 13:15 Tranvía Hiroden: Hiroshima-eki → Gembaku Dome-mae ⇒ Parque Memorial de la Paz</name><styleUrl>#lff4499006</styleUrl><description><![CDATA[SALE 13:15 de Hiroshima-eki → LLEGA a Gembaku Dome-mae · Tranvía Hiroden — sentido líneas 2 y 6 (8 tramos) · rumbo del plan: Parque Memorial de la Paz]]></description><MultiGeometry><LineString><tessellate>1</tessellate><coordinates>132.475379,34.397667,0 132.474551,34.393136,0 132.471103,34.392704,0 132.466905,34.393228,0 132.465089,34.393367,0 132.462832,34.394005,0 132.461605,34.394322,0 132.458412,34.395084,0 132.454467,34.395945,0</coordinates></LineString><LineString><tessellate>1</tessellate><coordinates>132.474799,34.393628,0 132.474594,34.393372,0 132.474490,34.393667,0</coordinates></LineString><LineString><tessellate>1</tessellate><coordinates>132.469973,34.392714,0 132.469665,34.392884,0 132.470020,34.392971,0</coordinates></LineString><LineString><tessellate>1</tessellate><coordinates>132.464775,34.393318,0 132.464508,34.393531,0 132.464876,34.393565,0</coordinates></LineString><LineString><tessellate>1</tessellate><coordinates>132.459796,34.394618,0 132.459516,34.394820,0 132.459882,34.394868,0</coordinates></LineString></MultiGeometry></Placemark>
<Placemark><name>d5·12 🚶 Gembaku Dome-mae → Parque Memorial de la Paz</name><styleUrl>#lb8636f7a3</styleUrl><description><![CDATA[caminando]]></description><MultiGeometry><LineString><tessellate>1</tessellate><coordinates>132.454467,34.395945,0 132.454467,34.395945,0 132.454433,34.395864,0 132.454470,34.395854,0 132.454483,34.395851,0 132.454409,34.395636,0 132.454413,34.395621,0 132.454409,34.395608,0 132.454401,34.395588,0 132.454389,34.395556,0 132.454369,34.395537,0 132.454236,34.395155,0 132.454230,34.395140,0 132.454235,34.395126,0 132.454231,34.395113,0 132.454220,34.395084,0 132.454210,34.395061,0 132.454201,34.395047,0 132.454155,34.394925,0 132.454128,34.394816,0 132.454118,34.394730,0 132.454122,34.394601,0 132.454135,34.394533,0 132.454158,34.394456,0 132.454199,34.394343,0 132.454224,34.394312,0 132.454215,34.394308,0 132.454168,34.394292,0 132.454124,34.394277,0 132.454097,34.394274,0 132.453974,34.394242,0 132.453925,34.394224,0 132.453333,34.394072,0 132.453292,34.394061,0 132.452833,34.393928,0 132.452649,34.393878,0 132.452596,34.393858,0 132.452317,34.393709,0 132.452232,34.393679,0 132.452184,34.393671,0 132.452187,34.393656,0 132.452188,34.393623,0 132.452189,34.393589,0 132.452190,34.393574,0 132.452190,34.393558,0 132.452233,34.393564,0 132.452222,34.393268,0 132.452169,34.393051,0 132.452139,34.392972,0 132.452116,34.392914,0 132.451759,34.392274,0 132.451769,34.392269,0 132.452205,34.392158,0 132.452415,34.392695,0 132.452363,34.392715,0</coordinates></LineString><LineString><tessellate>1</tessellate><coordinates>132.454131,34.394189,0 132.453894,34.394216,0 132.454071,34.394350,0</coordinates></LineString><LineString><tessellate>1</tessellate><coordinates>132.452353,34.393381,0 132.452210,34.393221,0 132.452154,34.393414,0</coordinates></LineString></MultiGeometry></Placemark>
<Placemark><name>d5·13 🚶 Parque Memorial de la Paz → Domo de la Bomba Atómica</name><styleUrl>#lb8636f7a3</styleUrl><description><![CDATA[caminando]]></description><MultiGeometry><LineString><tessellate>1</tessellate><coordinates>132.452363,34.392715,0 132.452415,34.392695,0 132.452205,34.392158,0 132.451769,34.392269,0 132.451759,34.392274,0 132.452116,34.392914,0 132.452139,34.392972,0 132.452169,34.393051,0 132.452222,34.393268,0 132.452233,34.393564,0 132.452190,34.393558,0 132.452190,34.393574,0 132.452189,34.393589,0 132.452188,34.393623,0 132.452187,34.393656,0 132.452184,34.393671,0 132.452232,34.393679,0 132.452317,34.393709,0 132.452596,34.393858,0 132.452649,34.393878,0 132.452833,34.393928,0 132.453292,34.394061,0 132.453333,34.394072,0 132.453925,34.394224,0 132.453974,34.394242,0 132.453965,34.394257,0 132.453824,34.394438,0 132.453639,34.394803,0 132.453529,34.394989,0 132.453365,34.395303,0 132.453336,34.395392,0 132.453325,34.395430,0</coordinates></LineString><LineString><tessellate>1</tessellate><coordinates>132.451992,34.392865,0 132.452154,34.393012,0 132.452185,34.392815,0</coordinates></LineString><LineString><tessellate>1</tessellate><coordinates>132.453164,34.394117,0 132.453401,34.394090,0 132.453224,34.393956,0</coordinates></LineString></MultiGeometry></Placemark>
<Placemark><name>d5·14 🚶 Domo de la Bomba Atómica → Hondōri ⇒ hotel</name><styleUrl>#lb8636f7a3</styleUrl><description><![CDATA[caminando · rumbo del plan: hotel]]></description><MultiGeometry><LineString><tessellate>1</tessellate><coordinates>132.453325,34.395430,0 132.453336,34.395392,0 132.453365,34.395303,0 132.453529,34.394989,0 132.453639,34.394803,0 132.453824,34.394438,0 132.453965,34.394257,0 132.453974,34.394242,0 132.454097,34.394274,0 132.454124,34.394277,0 132.454168,34.394292,0 132.454215,34.394308,0 132.454224,34.394312,0 132.454257,34.394307,0 132.454263,34.394299,0 132.454290,34.394258,0 132.454498,34.394319,0 132.455103,34.394153,0 132.455109,34.394152,0 132.455826,34.393956,0 132.455864,34.393945,0 132.455899,34.393934,0 132.456365,34.393811,0 132.456851,34.393684,0 132.456876,34.393676,0 132.456863,34.393635,0 132.456848,34.393585,0 132.456874,34.393578,0 132.456880,34.393577,0 132.456936,34.393563,0 132.456999,34.393548,0 132.456990,34.393522,0 132.456997,34.393520,0 132.456956,34.393394,0</coordinates></LineString><LineString><tessellate>1</tessellate><coordinates>132.454707,34.394350,0 132.454881,34.394214,0 132.454643,34.394191,0</coordinates></LineString></MultiGeometry></Placemark>
<Placemark><name>d5·15 🚇 17:40 Tranvía Hiroden: Hondōri → Hiroshima-eki ⇒ hotel</name><styleUrl>#lff4499006</styleUrl><description><![CDATA[SALE 17:40 de Hondōri → LLEGA a Hiroshima-eki · Tranvía Hiroden — sentido Hiroshima-eki (línea 1) (8 tramos) · rumbo del plan: hotel]]></description><MultiGeometry><LineString><tessellate>1</tessellate><coordinates>132.457008,34.393382,0 132.458412,34.395084,0 132.461605,34.394322,0 132.462832,34.394005,0 132.465089,34.393367,0 132.466905,34.393228,0 132.471103,34.392704,0 132.474551,34.393136,0 132.475379,34.397667,0</coordinates></LineString><LineString><tessellate>1</tessellate><coordinates>132.461647,34.394447,0 132.461922,34.394240,0 132.461555,34.394199,0</coordinates></LineString><LineString><tessellate>1</tessellate><coordinates>132.467561,34.393278,0 132.467869,34.393108,0 132.467514,34.393021,0</coordinates></LineString><LineString><tessellate>1</tessellate><coordinates>132.473582,34.393146,0 132.473937,34.393059,0 132.473628,34.392889,0</coordinates></LineString></MultiGeometry></Placemark>
<Placemark><name>d5·16 🚇 18:53 Shinkansen: Hiroshima → Shin-Osaka ⇒ hotel</name><styleUrl>#lffa0501c6</styleUrl><description><![CDATA[SALE 18:53 de Hiroshima → LLEGA a Shin-Osaka · Shinkansen — sentido Tokyo (3 tramos) · ruta escénica · rumbo del plan: hotel]]></description><MultiGeometry><LineString><tessellate>1</tessellate><coordinates>132.475379,34.397667,0 133.918266,34.666750,0 135.195468,34.706288,0 135.497888,34.733485,0</coordinates></LineString><LineString><tessellate>1</tessellate><coordinates>132.806312,34.459516,0 132.806673,34.459450,0 132.806380,34.459262,0</coordinates></LineString><LineString><tessellate>1</tessellate><coordinates>133.137606,34.521299,0 133.137968,34.521233,0 133.137675,34.521045,0</coordinates></LineString><LineString><tessellate>1</tessellate><coordinates>133.468901,34.583082,0 133.469263,34.583016,0 133.468970,34.582828,0</coordinates></LineString><LineString><tessellate>1</tessellate><coordinates>133.800196,34.644865,0 133.800558,34.644799,0 133.800264,34.644611,0</coordinates></LineString><LineString><tessellate>1</tessellate><coordinates>134.137379,34.673663,0 134.137721,34.673544,0 134.137391,34.673404,0</coordinates></LineString><LineString><tessellate>1</tessellate><coordinates>134.477776,34.684201,0 134.478118,34.684082,0 134.477788,34.683941,0</coordinates></LineString><LineString><tessellate>1</tessellate><coordinates>134.818173,34.694739,0 134.818515,34.694619,0 134.818185,34.694479,0</coordinates></LineString><LineString><tessellate>1</tessellate><coordinates>135.158570,34.705276,0 135.158912,34.705157,0 135.158582,34.705016,0</coordinates></LineString></MultiGeometry></Placemark>
</Folder>
<Folder><name>mar 6 · USJ</name>
<Placemark><name>1. 06:45 · Universal Studios Japan (d6)</name><styleUrl>#p1</styleUrl><description><![CDATA[Hora del plan: 06:45. ⏰ SIGUIENTE PUNTO ESTRICTO del día: 06:45 — Formarse en la reja (reserva/transporte: NO se puede llegar tarde).]]></description><Point><coordinates>135.432319,34.665677,0</coordinates></Point></Placemark>
<Placemark><name>2. 08:30 · Super Nintendo World (d6)</name><styleUrl>#p2</styleUrl><description><![CDATA[Hora del plan: 08:30. ⏰ SIGUIENTE PUNTO ESTRICTO del día: 08:30 — Apertura (reserva/transporte: NO se puede llegar tarde).]]></description><Point><coordinates>135.430323,34.667966,0</coordinates></Point></Placemark>
<Placemark><name>d6·1 🚇 06:10 Metro Sakaisuji: Kitahama → Sakaisuji-Hommachi ⇒ Universal Studios Japan</name><styleUrl>#lff2147816</styleUrl><description><![CDATA[SALE 06:10 de Kitahama → LLEGA a Sakaisuji-Hommachi · Metro Sakaisuji — sentido Tengachaya (1 tramos) · rumbo del plan: Universal Studios Japan]]></description><MultiGeometry><LineString><tessellate>1</tessellate><coordinates>135.506652,34.691696,0 135.506976,34.681829,0</coordinates></LineString><LineString><tessellate>1</tessellate><coordinates>135.506961,34.687045,0 135.506814,34.686763,0 135.506648,34.687038,0</coordinates></LineString></MultiGeometry></Placemark>
<Placemark><name>d6·2 🚇 06:15 Metro Chūō (Osaka): Sakaisuji-Hommachi → Bentenchō ⇒ Universal Studios Japan</name><styleUrl>#lff669a016</styleUrl><description><![CDATA[SALE 06:15 de Sakaisuji-Hommachi → LLEGA a Bentenchō · Metro Chūō (Osaka) — sentido Cosmosquare (4 tramos) · rumbo del plan: Universal Studios Japan]]></description><MultiGeometry><LineString><tessellate>1</tessellate><coordinates>135.506976,34.681829,0 135.498829,34.682007,0 135.486543,34.681281,0 135.473350,34.675250,0 135.461987,34.670158,0</coordinates></LineString><LineString><tessellate>1</tessellate><coordinates>135.501253,34.681824,0 135.500921,34.681961,0 135.501261,34.682084,0</coordinates></LineString><LineString><tessellate>1</tessellate><coordinates>135.495221,34.681663,0 135.494874,34.681773,0 135.495199,34.681923,0</coordinates></LineString><LineString><tessellate>1</tessellate><coordinates>135.489179,34.681307,0 135.488833,34.681416,0 135.489157,34.681566,0</coordinates></LineString><LineString><tessellate>1</tessellate><coordinates>135.483620,34.679796,0 135.483250,34.679776,0 135.483469,34.680024,0</coordinates></LineString><LineString><tessellate>1</tessellate><coordinates>135.478317,34.677372,0 135.477947,34.677351,0 135.478166,34.677600,0</coordinates></LineString><LineString><tessellate>1</tessellate><coordinates>135.473011,34.674951,0 135.472641,34.674932,0 135.472862,34.675179,0</coordinates></LineString><LineString><tessellate>1</tessellate><coordinates>135.467685,34.672563,0 135.467314,34.672545,0 135.467535,34.672792,0</coordinates></LineString></MultiGeometry></Placemark>
<Placemark><name>d6·3 🚇 06:25 JR Osaka Loop Line: Bentenchō → Nishikujō ⇒ Universal Studios Japan</name><styleUrl>#lff0000e86</styleUrl><description><![CDATA[SALE 06:25 de Bentenchō → LLEGA a Nishikujō · JR Osaka Loop Line — sentido Nishikujō / Osaka (1 tramos) · rumbo del plan: Universal Studios Japan]]></description><MultiGeometry><LineString><tessellate>1</tessellate><coordinates>135.461987,34.670158,0 135.465801,34.682725,0</coordinates></LineString><LineString><tessellate>1</tessellate><coordinates>135.463024,34.674108,0 135.463258,34.674347,0 135.463329,34.674045,0</coordinates></LineString><LineString><tessellate>1</tessellate><coordinates>135.464295,34.678297,0 135.464530,34.678536,0 135.464600,34.678234,0</coordinates></LineString></MultiGeometry></Placemark>
<Placemark><name>d6·4 🚇 06:25 JR Yumesaki (ramal Universal): Nishikujō → Universal City ⇒ Universal Studios Japan</name><styleUrl>#lff0000e86</styleUrl><description><![CDATA[SALE 06:25 de Nishikujō → LLEGA a Universal City · JR Yumesaki (ramal Universal) — sentido Sakurajima (2 tramos) · rumbo del plan: Universal Studios Japan]]></description><MultiGeometry><LineString><tessellate>1</tessellate><coordinates>135.465801,34.682725,0 135.441938,34.669932,0 135.438558,34.667805,0</coordinates></LineString><LineString><tessellate>1</tessellate><coordinates>135.460684,34.679826,0 135.460316,34.679784,0 135.460513,34.680045,0</coordinates></LineString><LineString><tessellate>1</tessellate><coordinates>135.455198,34.676886,0 135.454830,34.676843,0 135.455027,34.677104,0</coordinates></LineString><LineString><tessellate>1</tessellate><coordinates>135.449713,34.673945,0 135.449345,34.673903,0 135.449542,34.674163,0</coordinates></LineString><LineString><tessellate>1</tessellate><coordinates>135.444227,34.671004,0 135.443859,34.670962,0 135.444057,34.671222,0</coordinates></LineString></MultiGeometry></Placemark>
<Placemark><name>d6·5 🚶 Universal City → Universal Studios Japan</name><styleUrl>#lb8636f7a3</styleUrl><description><![CDATA[caminando]]></description><MultiGeometry><LineString><tessellate>1</tessellate><coordinates>135.438676,34.667720,0 135.438643,34.667689,0 135.438705,34.667634,0 135.438745,34.667599,0 135.438750,34.667602,0 135.438774,34.667581,0 135.438768,34.667577,0 135.438788,34.667559,0 135.438796,34.667552,0 135.438607,34.667417,0 135.438079,34.667067,0 135.438026,34.667065,0 135.438000,34.667064,0 135.437972,34.667061,0 135.437953,34.667059,0 135.437908,34.667058,0 135.437768,34.667130,0 135.437752,34.667137,0 135.437739,34.667123,0 135.437535,34.667221,0 135.437325,34.667326,0 135.436485,34.667739,0 135.436474,34.667745,0 135.436041,34.668004,0 135.436176,34.668089,0 135.436207,34.668048,0 135.436255,34.667966,0 135.436300,34.667904,0 135.435911,34.667689,0 135.435840,34.667649,0 135.435805,34.667659,0 135.435267,34.667810,0 135.435178,34.667315,0 135.435142,34.667134,0 135.435116,34.667000,0 135.435109,34.666964,0 135.435105,34.666943,0 135.434988,34.666339,0 135.434978,34.666285,0 135.434471,34.666347,0 135.434344,34.666362,0 135.434339,34.666363,0 135.434312,34.666366,0 135.434055,34.666403,0 135.434003,34.666410,0 135.433976,34.666408,0 135.433951,34.666403,0 135.433926,34.666391,0 135.433895,34.666373,0 135.433064,34.665843,0 135.432988,34.665770,0 135.432982,34.665764,0 135.432914,34.665697,0 135.432907,34.665675,0 135.432911,34.665656,0 135.432872,34.665640,0 135.432832,34.665618,0 135.432805,34.665619,0 135.432774,34.665574,0 135.432747,34.665591,0 135.432730,34.665602,0 135.432682,34.665612,0 135.432656,34.665612,0 135.432604,34.665607,0 135.432564,34.665603,0 135.432535,34.665600,0 135.432502,34.665608,0 135.432466,34.665624,0 135.432408,34.665658,0 135.432382,34.665675,0 135.432399,34.665692,0 135.432381,34.665704,0 135.432338,34.665730,0 135.432306,34.665714,0 135.432475,34.665604,0 135.432381,34.665579,0 135.432352,34.665582,0 135.432341,34.665593,0 135.432312,34.665626,0 135.432296,34.665672,0</coordinates></LineString><LineString><tessellate>1</tessellate><coordinates>135.436941,34.667417,0 135.436806,34.667581,0 135.437045,34.667562,0</coordinates></LineString><LineString><tessellate>1</tessellate><coordinates>135.435374,34.667836,0 135.435242,34.667670,0 135.435173,34.667861,0</coordinates></LineString><LineString><tessellate>1</tessellate><coordinates>135.434205,34.666298,0 135.434007,34.666409,0 135.434238,34.666464,0</coordinates></LineString></MultiGeometry></Placemark>
<Placemark><name>d6·6 🚶 Universal Studios Japan → Super Nintendo World</name><styleUrl>#lb8636f7a3</styleUrl><description><![CDATA[caminando]]></description><MultiGeometry><LineString><tessellate>1</tessellate><coordinates>135.432296,34.665672,0 135.432312,34.665626,0 135.432341,34.665593,0 135.432352,34.665582,0 135.432381,34.665579,0 135.432475,34.665604,0 135.432306,34.665714,0 135.432338,34.665730,0 135.432381,34.665704,0 135.432399,34.665692,0 135.432382,34.665675,0 135.432346,34.665699,0 135.432305,34.665722,0 135.432281,34.665735,0 135.432280,34.665745,0 135.432276,34.665752,0 135.432266,34.665762,0 135.432253,34.665768,0 135.432244,34.665770,0 135.432231,34.665769,0 135.432211,34.665777,0 135.432194,34.665813,0 135.432160,34.665824,0 135.432136,34.665829,0 135.432099,34.665848,0 135.432064,34.665868,0 135.432035,34.665887,0 135.432024,34.665898,0 135.431970,34.665939,0 135.431941,34.665924,0 135.431912,34.665919,0 135.431860,34.665851,0 135.431725,34.665756,0 135.431664,34.665717,0 135.431608,34.665686,0 135.431567,34.665663,0 135.431496,34.665633,0 135.431378,34.665604,0 135.431245,34.665577,0 135.431114,34.665557,0 135.431035,34.665558,0 135.430975,34.665566,0 135.430564,34.665641,0 135.430352,34.665701,0 135.430281,34.665757,0 135.430235,34.665815,0 135.430218,34.665868,0 135.430210,34.665907,0 135.430198,34.665919,0 135.430218,34.665982,0 135.430190,34.666048,0 135.430146,34.666155,0 135.430111,34.666277,0 135.430103,34.666342,0 135.430105,34.666436,0 135.430150,34.666503,0 135.430234,34.666561,0 135.430360,34.666671,0 135.430392,34.666733,0 135.430374,34.666847,0 135.430410,34.666919,0 135.430451,34.666976,0 135.430463,34.667046,0 135.430474,34.667160,0 135.430493,34.667252,0 135.430479,34.667348,0 135.430469,34.667430,0 135.430485,34.667484,0 135.430505,34.667574,0 135.430468,34.667665,0 135.430462,34.667674,0 135.430424,34.667750,0 135.430393,34.667812,0 135.430342,34.667782,0 135.430365,34.667740,0 135.430337,34.667727,0 135.430295,34.667835,0 135.430265,34.667910,0 135.430290,34.667948,0 135.430292,34.667952,0 135.430306,34.667973,0 135.430319,34.667976,0</coordinates></LineString><LineString><tessellate>1</tessellate><coordinates>135.431434,34.665520,0 135.431201,34.665570,0 135.431397,34.665686,0</coordinates></LineString><LineString><tessellate>1</tessellate><coordinates>135.430033,34.666508,0 135.430256,34.666581,0 135.430180,34.666392,0</coordinates></LineString></MultiGeometry></Placemark>
<Placemark><name>d6·7 🚶 Super Nintendo World → Universal City ⇒ hotel</name><styleUrl>#lb8636f7a3</styleUrl><description><![CDATA[caminando · rumbo del plan: hotel]]></description><MultiGeometry><LineString><tessellate>1</tessellate><coordinates>135.430319,34.667976,0 135.430306,34.667973,0 135.430292,34.667952,0 135.430290,34.667948,0 135.430265,34.667910,0 135.430295,34.667835,0 135.430337,34.667727,0 135.430365,34.667740,0 135.430342,34.667782,0 135.430393,34.667812,0 135.430424,34.667750,0 135.430462,34.667674,0 135.430468,34.667665,0 135.430505,34.667574,0 135.430485,34.667484,0 135.430469,34.667430,0 135.430479,34.667348,0 135.430493,34.667252,0 135.430474,34.667160,0 135.430463,34.667046,0 135.430451,34.666976,0 135.430410,34.666919,0 135.430374,34.666847,0 135.430392,34.666733,0 135.430360,34.666671,0 135.430234,34.666561,0 135.430150,34.666503,0 135.430105,34.666436,0 135.430103,34.666342,0 135.430111,34.666277,0 135.430146,34.666155,0 135.430190,34.666048,0 135.430218,34.665982,0 135.430198,34.665919,0 135.430210,34.665907,0 135.430218,34.665868,0 135.430235,34.665815,0 135.430281,34.665757,0 135.430352,34.665701,0 135.430564,34.665641,0 135.430975,34.665566,0 135.431035,34.665558,0 135.431114,34.665557,0 135.431245,34.665577,0 135.431378,34.665604,0 135.431496,34.665633,0 135.431567,34.665663,0 135.431608,34.665686,0 135.431664,34.665717,0 135.431725,34.665756,0 135.431860,34.665851,0 135.431912,34.665919,0 135.431941,34.665924,0 135.431970,34.665939,0 135.432024,34.665898,0 135.432035,34.665887,0 135.432064,34.665868,0 135.432099,34.665848,0 135.432136,34.665829,0 135.432160,34.665824,0 135.432194,34.665813,0 135.432211,34.665777,0 135.432231,34.665769,0 135.432244,34.665770,0 135.432253,34.665768,0 135.432266,34.665762,0 135.432276,34.665752,0 135.432280,34.665745,0 135.432281,34.665735,0 135.432305,34.665722,0 135.432346,34.665699,0 135.432382,34.665675,0 135.432408,34.665658,0 135.432466,34.665624,0 135.432502,34.665608,0 135.432535,34.665600,0 135.432564,34.665603,0 135.432604,34.665607,0 135.432656,34.665612,0 135.432682,34.665612,0 135.432730,34.665602,0 135.432747,34.665591,0 135.432774,34.665574,0 135.432805,34.665619,0 135.432832,34.665618,0 135.432872,34.665640,0 135.432911,34.665656,0 135.432907,34.665675,0 135.432914,34.665697,0 135.432982,34.665764,0 135.432988,34.665770,0 135.433064,34.665843,0 135.433895,34.666373,0 135.433926,34.666391,0 135.433951,34.666403,0 135.433976,34.666408,0 135.434003,34.666410,0 135.434055,34.666403,0 135.434312,34.666366,0 135.434339,34.666363,0 135.434344,34.666362,0 135.434471,34.666347,0 135.434978,34.666285,0 135.434988,34.666339,0 135.435105,34.666943,0 135.435109,34.666964,0 135.435116,34.667000,0 135.435142,34.667134,0 135.435178,34.667315,0 135.435267,34.667810,0 135.435805,34.667659,0 135.435840,34.667649,0 135.435911,34.667689,0 135.436300,34.667904,0 135.436255,34.667966,0 135.436207,34.668048,0 135.436176,34.668089,0 135.436041,34.668004,0 135.436474,34.667745,0 135.436485,34.667739,0 135.437325,34.667326,0 135.437535,34.667221,0 135.437739,34.667123,0 135.437752,34.667137,0 135.437768,34.667130,0 135.437908,34.667058,0 135.437953,34.667059,0 135.437972,34.667061,0 135.438000,34.667064,0 135.438026,34.667065,0 135.438079,34.667067,0 135.438607,34.667417,0 135.438796,34.667552,0 135.438788,34.667559,0 135.438768,34.667577,0 135.438774,34.667581,0 135.438750,34.667602,0 135.438745,34.667599,0 135.438705,34.667634,0 135.438643,34.667689,0 135.438676,34.667720,0</coordinates></LineString><LineString><tessellate>1</tessellate><coordinates>135.430187,34.666374,0 135.430139,34.666179,0 135.429990,34.666335,0</coordinates></LineString><LineString><tessellate>1</tessellate><coordinates>135.431976,34.666010,0 135.432107,34.665844,0 135.431869,34.665867,0</coordinates></LineString><LineString><tessellate>1</tessellate><coordinates>135.433991,34.666498,0 135.434188,34.666384,0 135.433956,34.666332,0</coordinates></LineString><LineString><tessellate>1</tessellate><coordinates>135.435127,34.667604,0 135.435260,34.667770,0 135.435328,34.667579,0</coordinates></LineString><LineString><tessellate>1</tessellate><coordinates>135.436723,34.667720,0 135.436858,34.667555,0 135.436619,34.667575,0</coordinates></LineString></MultiGeometry></Placemark>
<Placemark><name>d6·8 🚇 19:00 JR Yumesaki (ramal Universal): Universal City → Nishikujō ⇒ hotel</name><styleUrl>#lff0000e86</styleUrl><description><![CDATA[SALE 19:00 de Universal City → LLEGA a Nishikujō · JR Yumesaki (ramal Universal) — sentido Nishikujō (2 tramos) · rumbo del plan: hotel]]></description><MultiGeometry><LineString><tessellate>1</tessellate><coordinates>135.438558,34.667805,0 135.441938,34.669932,0 135.465801,34.682725,0</coordinates></LineString><LineString><tessellate>1</tessellate><coordinates>135.443492,34.670920,0 135.443860,34.670962,0 135.443662,34.670701,0</coordinates></LineString><LineString><tessellate>1</tessellate><coordinates>135.448977,34.673860,0 135.449345,34.673903,0 135.449148,34.673642,0</coordinates></LineString><LineString><tessellate>1</tessellate><coordinates>135.454462,34.676801,0 135.454830,34.676843,0 135.454633,34.676583,0</coordinates></LineString><LineString><tessellate>1</tessellate><coordinates>135.459948,34.679742,0 135.460316,34.679784,0 135.460118,34.679523,0</coordinates></LineString></MultiGeometry></Placemark>
<Placemark><name>d6·9 🚇 19:10 JR Osaka Loop Line: Nishikujō → Bentenchō ⇒ hotel</name><styleUrl>#lff0000e86</styleUrl><description><![CDATA[SALE 19:10 de Nishikujō → LLEGA a Bentenchō · JR Osaka Loop Line — sentido hacia Tennōji (1 tramos) · rumbo del plan: hotel]]></description><MultiGeometry><LineString><tessellate>1</tessellate><coordinates>135.465801,34.682725,0 135.461987,34.670158,0</coordinates></LineString><LineString><tessellate>1</tessellate><coordinates>135.464764,34.678774,0 135.464530,34.678536,0 135.464460,34.678838,0</coordinates></LineString><LineString><tessellate>1</tessellate><coordinates>135.463493,34.674585,0 135.463258,34.674347,0 135.463188,34.674649,0</coordinates></LineString></MultiGeometry></Placemark>
<Placemark><name>d6·10 🚇 19:10 Metro Chūō (Osaka): Bentenchō → Sakaisuji-Hommachi ⇒ hotel</name><styleUrl>#lff669a016</styleUrl><description><![CDATA[SALE 19:10 de Bentenchō → LLEGA a Sakaisuji-Hommachi · Metro Chūō (Osaka) — sentido Nagata / Ikoma (4 tramos) · rumbo del plan: hotel]]></description><MultiGeometry><LineString><tessellate>1</tessellate><coordinates>135.461987,34.670158,0 135.473350,34.675250,0 135.486543,34.681281,0 135.498829,34.682007,0 135.506976,34.681829,0</coordinates></LineString><LineString><tessellate>1</tessellate><coordinates>135.466943,34.672527,0 135.467314,34.672545,0 135.467093,34.672298,0</coordinates></LineString><LineString><tessellate>1</tessellate><coordinates>135.472270,34.674914,0 135.472641,34.674932,0 135.472419,34.674685,0</coordinates></LineString><LineString><tessellate>1</tessellate><coordinates>135.477576,34.677330,0 135.477947,34.677351,0 135.477728,34.677103,0</coordinates></LineString><LineString><tessellate>1</tessellate><coordinates>135.482879,34.679754,0 135.483249,34.679775,0 135.483030,34.679527,0</coordinates></LineString><LineString><tessellate>1</tessellate><coordinates>135.488485,34.681526,0 135.488832,34.681416,0 135.488507,34.681267,0</coordinates></LineString><LineString><tessellate>1</tessellate><coordinates>135.494527,34.681883,0 135.494874,34.681773,0 135.494549,34.681624,0</coordinates></LineString><LineString><tessellate>1</tessellate><coordinates>135.500588,34.682098,0 135.500921,34.681961,0 135.500580,34.681838,0</coordinates></LineString></MultiGeometry></Placemark>
</Folder>
<Folder><name>mié 7 · Nara</name>
<Placemark><name>1. 06:30 · Parque de Nara (d7)</name><styleUrl>#p1</styleUrl><description><![CDATA[Hora del plan: 06:30. ⏰ SIGUIENTE PUNTO ESTRICTO del día: 07:40 — Tōdai-ji (reserva/transporte: NO se puede llegar tarde).]]></description><Point><coordinates>135.843012,34.685047,0</coordinates></Point></Placemark>
<Placemark><name>2. 07:30 · Tōdai-ji (d7)</name><styleUrl>#p2</styleUrl><description><![CDATA[Hora del plan: 07:30. ⏰ SIGUIENTE PUNTO ESTRICTO del día: 07:40 — Tōdai-ji (reserva/transporte: NO se puede llegar tarde).]]></description><Point><coordinates>135.839816,34.688985,0</coordinates></Point></Placemark>
<Placemark><name>3. 09:35 · Kasuga Taisha (d7)</name><styleUrl>#p3</styleUrl><description><![CDATA[Hora del plan: 09:35. ⏰ SIGUIENTE PUNTO ESTRICTO del día: 15:30 — Osaka-Namba (reserva/transporte: NO se puede llegar tarde).]]></description><Point><coordinates>135.848472,34.681545,0</coordinates></Point></Placemark>
<Placemark><name>4. 10:50 · Kōfuku-ji (d7)</name><styleUrl>#p4</styleUrl><description><![CDATA[Hora del plan: 10:50. ⏰ SIGUIENTE PUNTO ESTRICTO del día: 15:30 — Osaka-Namba (reserva/transporte: NO se puede llegar tarde).]]></description><Point><coordinates>135.831159,34.683231,0</coordinates></Point></Placemark>
<Placemark><name>5. 11:50 · Naramachi (d7)</name><styleUrl>#p5</styleUrl><description><![CDATA[Hora del plan: 11:50. ⏰ SIGUIENTE PUNTO ESTRICTO del día: 15:30 — Osaka-Namba (reserva/transporte: NO se puede llegar tarde).]]></description><Point><coordinates>135.834834,34.676001,0</coordinates></Point></Placemark>
<Placemark><name>6. 13:45 · Jardín Yoshikien (d7)</name><styleUrl>#p6</styleUrl><description><![CDATA[Hora del plan: 13:45. ⏰ SIGUIENTE PUNTO ESTRICTO del día: 15:30 — Osaka-Namba (reserva/transporte: NO se puede llegar tarde).]]></description><Point><coordinates>135.836310,34.685476,0</coordinates></Point></Placemark>
<Placemark><name>d7·1 🚇 05:20 Metro Sakaisuji: Kitahama → Nippombashi ⇒ Parque de Nara</name><styleUrl>#lff2147816</styleUrl><description><![CDATA[SALE 05:20 de Kitahama → LLEGA a Nippombashi · Metro Sakaisuji — sentido Tengachaya (3 tramos) · rumbo del plan: Parque de Nara]]></description><MultiGeometry><LineString><tessellate>1</tessellate><coordinates>135.506652,34.691696,0 135.506976,34.681829,0 135.506331,34.674460,0 135.506120,34.666968,0</coordinates></LineString><LineString><tessellate>1</tessellate><coordinates>135.506962,34.687030,0 135.506814,34.686747,0 135.506648,34.687023,0</coordinates></LineString><LineString><tessellate>1</tessellate><coordinates>135.507154,34.682067,0 135.506973,34.681799,0 135.506841,34.682086,0</coordinates></LineString><LineString><tessellate>1</tessellate><coordinates>135.506722,34.677129,0 135.506541,34.676861,0 135.506409,34.677148,0</coordinates></LineString><LineString><tessellate>1</tessellate><coordinates>135.506424,34.672193,0 135.506259,34.671917,0 135.506110,34.672199,0</coordinates></LineString></MultiGeometry></Placemark>
<Placemark><name>d7·2 🚶 Nippombashi → Osaka-Namba ⇒ Parque de Nara</name><styleUrl>#lb8636f7a3</styleUrl><description><![CDATA[caminando · rumbo del plan: Parque de Nara]]></description><MultiGeometry><LineString><tessellate>1</tessellate><coordinates>135.506116,34.666968,0 135.506119,34.667130,0 135.505944,34.667140,0 135.505947,34.667192,0 135.505947,34.667244,0 135.505665,34.667250,0 135.505636,34.667262,0 135.505608,34.667277,0 135.505526,34.667279,0 135.505253,34.667288,0 135.505207,34.667271,0 135.505155,34.667259,0 135.504936,34.667265,0 135.504346,34.667272,0 135.504289,34.667273,0 135.504253,34.667272,0 135.504225,34.667272,0 135.504201,34.667272,0 135.503775,34.667283,0 135.503457,34.667288,0 135.503389,34.667290,0 135.503141,34.667293,0 135.503025,34.667298,0 135.502407,34.667302,0 135.502310,34.667305,0 135.502183,34.667308,0 135.501461,34.667322,0 135.501357,34.667324,0 135.501223,34.667327,0 135.500885,34.667334,0 135.500659,34.667338,0 135.500530,34.667341,0 135.500531,34.667268,0 135.500531,34.667234,0 135.500530,34.667029,0 135.500530,34.666995,0 135.500528,34.666919,0 135.500454,34.666908,0 135.500402,34.666909,0 135.500353,34.666909,0 135.500296,34.666910,0 135.500149,34.666908,0 135.500139,34.666928,0 135.500017,34.666928,0 135.499847,34.666928,0 135.499420,34.666929,0 135.499318,34.666931,0 135.498827,34.666941,0 135.498509,34.666948,0 135.498202,34.666985,0 135.498189,34.666986,0 135.498117,34.666995,0 135.498018,34.667009,0 135.497989,34.667011,0 135.497929,34.667015,0 135.497885,34.667018,0 135.497824,34.667022,0 135.497793,34.667106,0 135.497606,34.667137,0 135.497531,34.667158,0 135.497492,34.667168,0 135.497404,34.667160,0 135.497226,34.667112,0 135.497046,34.667064,0 135.497016,34.667095,0 135.496980,34.667097,0 135.496951,34.667086,0 135.496893,34.667098,0 135.496835,34.667112,0 135.496841,34.667131,0 135.496815,34.667135,0 135.496791,34.667138,0 135.496759,34.667143,0 135.496705,34.667151,0 135.496687,34.667198,0 135.496624,34.667218,0 135.496592,34.667237,0 135.496539,34.667245,0 135.496512,34.667237,0 135.496405,34.667259,0 135.496387,34.667195,0 135.496406,34.667192,0 135.496409,34.667198,0 135.496427,34.667195,0 135.496597,34.667163,0 135.496625,34.667159,0 135.496622,34.667151,0 135.496651,34.667148,0 135.496687,34.667146,0 135.496826,34.667432,0 135.498550,34.667145,0 135.500342,34.667113,0</coordinates></LineString><LineString><tessellate>1</tessellate><coordinates>135.503647,34.667198,0 135.503433,34.667289,0 135.503654,34.667366,0</coordinates></LineString><LineString><tessellate>1</tessellate><coordinates>135.500633,34.667420,0 135.500531,34.667239,0 135.500429,34.667420,0</coordinates></LineString><LineString><tessellate>1</tessellate><coordinates>135.498121,34.666918,0 135.497912,34.667016,0 135.498137,34.667085,0</coordinates></LineString><LineString><tessellate>1</tessellate><coordinates>135.497147,34.667464,0 135.497340,34.667346,0 135.497107,34.667300,0</coordinates></LineString></MultiGeometry></Placemark>
<Placemark><name>d7·3 🚇 05:30 Kintetsu Nara Line: Osaka-Namba → Kintetsu-Nara ⇒ Parque de Nara</name><styleUrl>#lff2900d76</styleUrl><description><![CDATA[SALE 05:30 de Osaka-Namba → LLEGA a Kintetsu-Nara · Kintetsu Nara Line — sentido Kintetsu-Nara (7 tramos) · rumbo del plan: Parque de Nara]]></description><MultiGeometry><LineString><tessellate>1</tessellate><coordinates>135.500342,34.667098,0 135.506063,34.666976,0 135.520150,34.665581,0 135.530318,34.665246,0 135.697921,34.693236,0 135.750546,34.697283,0 135.782681,34.693798,0 135.827528,34.684249,0</coordinates></LineString><LineString><tessellate>1</tessellate><coordinates>135.536690,34.666442,0 135.537051,34.666370,0 135.536752,34.666188,0</coordinates></LineString><LineString><tessellate>1</tessellate><coordinates>135.572914,34.672492,0 135.573275,34.672420,0 135.572976,34.672237,0</coordinates></LineString><LineString><tessellate>1</tessellate><coordinates>135.609139,34.678541,0 135.609500,34.678469,0 135.609201,34.678287,0</coordinates></LineString><LineString><tessellate>1</tessellate><coordinates>135.645363,34.684591,0 135.645724,34.684519,0 135.645425,34.684336,0</coordinates></LineString><LineString><tessellate>1</tessellate><coordinates>135.681588,34.690640,0 135.681949,34.690568,0 135.681650,34.690386,0</coordinates></LineString><LineString><tessellate>1</tessellate><coordinates>135.718150,34.694922,0 135.718499,34.694818,0 135.718179,34.694663,0</coordinates></LineString><LineString><tessellate>1</tessellate><coordinates>135.754974,34.696934,0 135.755287,34.696769,0 135.754933,34.696677,0</coordinates></LineString><LineString><tessellate>1</tessellate><coordinates>135.791439,34.692067,0 135.791726,34.691872,0 135.791361,34.691816,0</coordinates></LineString></MultiGeometry></Placemark>
<Placemark><name>d7·4 🚶 Kintetsu-Nara → Parque de Nara</name><styleUrl>#lb8636f7a3</styleUrl><description><![CDATA[caminando]]></description><MultiGeometry><LineString><tessellate>1</tessellate><coordinates>135.827517,34.684249,0 135.827517,34.684222,0 135.827623,34.684221,0 135.827708,34.684220,0 135.828091,34.684218,0 135.828569,34.684216,0 135.828677,34.684219,0 135.828757,34.684221,0 135.829170,34.684309,0 135.829428,34.684349,0 135.830623,34.684351,0 135.831801,34.684347,0 135.831872,34.684347,0 135.831950,34.684346,0 135.832729,34.684337,0 135.832958,34.684336,0 135.833042,34.684327,0 135.833126,34.684322,0 135.833962,34.684304,0 135.834150,34.684301,0 135.834351,34.684294,0 135.834615,34.684294,0 135.834818,34.684294,0 135.835274,34.684293,0 135.835778,34.684298,0 135.835907,34.684302,0 135.836233,34.684304,0 135.836409,34.684271,0 135.836490,34.684256,0 135.836817,34.684138,0 135.837421,34.683957,0 135.837449,34.684021,0 135.837464,34.684054,0 135.837797,34.683955,0 135.837975,34.683909,0 135.837995,34.683908,0 135.838055,34.683910,0 135.838138,34.683889,0 135.838193,34.683873,0 135.838228,34.683844,0 135.838773,34.683736,0 135.839016,34.683693,0 135.839601,34.683585,0 135.839697,34.683601,0 135.839758,34.683629,0 135.839894,34.683612,0 135.839961,34.683608,0 135.840019,34.683606,0 135.840019,34.683641,0 135.840077,34.683642,0 135.840306,34.683646,0 135.840308,34.683717,0 135.840476,34.683714,0 135.840742,34.683709,0 135.840745,34.683761,0 135.840946,34.683759,0 135.841055,34.683767,0 135.841130,34.683783,0 135.841218,34.683823,0 135.841291,34.683860,0 135.841399,34.683900,0 135.841492,34.683935,0 135.841629,34.683965,0 135.841754,34.683975,0 135.841901,34.683985,0 135.842009,34.683979,0 135.842079,34.683971,0 135.842178,34.683956,0 135.842252,34.684010,0 135.842368,34.684093,0 135.842499,34.684186,0 135.842593,34.684300,0 135.842651,34.684458,0 135.842755,34.684525,0 135.842904,34.684762,0 135.842887,34.685042,0</coordinates></LineString><LineString><tessellate>1</tessellate><coordinates>135.830047,34.684434,0 135.830265,34.684350,0 135.830048,34.684266,0</coordinates></LineString><LineString><tessellate>1</tessellate><coordinates>135.832853,34.684423,0 135.833063,34.684326,0 135.832839,34.684255,0</coordinates></LineString><LineString><tessellate>1</tessellate><coordinates>135.835640,34.684378,0 135.835861,34.684301,0 135.835648,34.684210,0</coordinates></LineString><LineString><tessellate>1</tessellate><coordinates>135.838259,34.683924,0 135.838447,34.683801,0 135.838211,34.683761,0</coordinates></LineString><LineString><tessellate>1</tessellate><coordinates>135.840792,34.683832,0 135.841018,34.683764,0 135.840810,34.683665,0</coordinates></LineString></MultiGeometry></Placemark>
<Placemark><name>d7·5 🚶 Parque de Nara → Tōdai-ji</name><styleUrl>#lb8636f7a3</styleUrl><description><![CDATA[caminando]]></description><MultiGeometry><LineString><tessellate>1</tessellate><coordinates>135.842887,34.685042,0 135.842882,34.685127,0 135.842888,34.685357,0 135.842894,34.685595,0 135.842891,34.685693,0 135.842880,34.685983,0 135.842874,34.686325,0 135.842885,34.686402,0 135.842894,34.686465,0 135.842718,34.686520,0 135.841831,34.686511,0 135.841833,34.686534,0 135.841837,34.686588,0 135.841841,34.686617,0 135.841841,34.686655,0 135.841845,34.686675,0 135.841103,34.686663,0 135.840711,34.686666,0 135.840692,34.686774,0 135.840694,34.686877,0 135.840740,34.687009,0 135.840751,34.687127,0 135.840768,34.687140,0 135.840820,34.687214,0 135.840857,34.687266,0 135.840862,34.687292,0 135.840885,34.687438,0 135.840897,34.687667,0 135.840894,34.687736,0 135.840895,34.687806,0 135.840771,34.687778,0 135.840719,34.687778,0 135.840666,34.687778,0 135.840665,34.687815,0 135.840665,34.687861,0 135.840035,34.687860,0 135.839861,34.687859,0 135.839861,34.687945,0 135.839861,34.687990,0 135.839860,34.688448,0 135.839846,34.688450,0 135.839833,34.688456,0 135.839823,34.688464,0 135.839817,34.688474,0 135.839815,34.688486,0 135.839817,34.688497,0 135.839823,34.688508,0 135.839833,34.688516,0 135.839846,34.688522,0 135.839860,34.688524,0 135.839856,34.688652,0 135.839854,34.688698,0 135.839816,34.688698,0</coordinates></LineString><LineString><tessellate>1</tessellate><coordinates>135.842250,34.686431,0 135.842031,34.686513,0 135.842247,34.686599,0</coordinates></LineString><LineString><tessellate>1</tessellate><coordinates>135.840778,34.687335,0 135.840889,34.687511,0 135.840981,34.687327,0</coordinates></LineString></MultiGeometry></Placemark>
<Placemark><name>d7·6 🚶 Tōdai-ji → Kasuga Taisha</name><styleUrl>#lb8636f7a3</styleUrl><description><![CDATA[caminando]]></description><MultiGeometry><LineString><tessellate>1</tessellate><coordinates>135.839816,34.688698,0 135.839854,34.688698,0 135.839856,34.688652,0 135.839860,34.688524,0 135.839846,34.688522,0 135.839833,34.688516,0 135.839823,34.688508,0 135.839817,34.688497,0 135.839815,34.688486,0 135.839817,34.688474,0 135.839823,34.688464,0 135.839833,34.688456,0 135.839846,34.688450,0 135.839860,34.688448,0 135.839861,34.687990,0 135.839861,34.687945,0 135.839861,34.687859,0 135.840035,34.687860,0 135.840665,34.687861,0 135.840665,34.687815,0 135.840666,34.687778,0 135.840719,34.687778,0 135.840771,34.687778,0 135.840895,34.687806,0 135.840894,34.687736,0 135.840897,34.687667,0 135.840885,34.687438,0 135.840862,34.687292,0 135.840857,34.687266,0 135.840820,34.687214,0 135.840768,34.687140,0 135.840751,34.687127,0 135.840740,34.687009,0 135.840694,34.686877,0 135.840692,34.686774,0 135.840711,34.686666,0 135.841103,34.686663,0 135.841845,34.686675,0 135.841943,34.686677,0 135.842209,34.686698,0 135.842375,34.686712,0 135.842601,34.686676,0 135.842680,34.686674,0 135.842734,34.686691,0 135.842776,34.686713,0 135.842811,34.686734,0 135.842893,34.686823,0 135.842946,34.686863,0 135.843010,34.686902,0 135.843255,34.687026,0 135.843282,34.687040,0 135.843471,34.687184,0 135.843548,34.687247,0 135.843659,34.687287,0 135.843938,34.687317,0 135.844294,34.687337,0 135.844309,34.687284,0 135.844318,34.687240,0 135.844334,34.687165,0 135.844372,34.687074,0 135.844452,34.686985,0 135.844724,34.686878,0 135.844949,34.686788,0 135.845126,34.686685,0 135.845255,34.686627,0 135.845528,34.686412,0 135.845552,34.686441,0 135.845857,34.686453,0 135.845886,34.686429,0 135.845926,34.686388,0 135.846092,34.686207,0 135.846293,34.685981,0 135.846457,34.685784,0 135.846538,34.685676,0 135.846614,34.685574,0 135.846722,34.685407,0 135.846866,34.685186,0 135.847079,34.684858,0 135.847050,34.684756,0 135.847021,34.684602,0 135.847031,34.684473,0 135.847038,34.684392,0 135.847067,34.684338,0 135.847027,34.684266,0 135.846986,34.684199,0 135.846922,34.683639,0 135.846933,34.683477,0 135.846939,34.683385,0 135.846946,34.683284,0 135.847101,34.683286,0 135.847135,34.682682,0 135.847165,34.682659,0 135.847175,34.682610,0 135.847260,34.682028,0 135.847292,34.681806,0 135.847486,34.681786,0 135.847521,34.681766,0 135.847655,34.681688,0 135.847666,34.681607,0 135.847666,34.681549,0 135.847667,34.681380,0 135.847817,34.681382,0 135.847919,34.681383,0 135.847930,34.681163,0 135.847991,34.681162,0 135.848015,34.681162,0 135.848112,34.681164,0 135.848385,34.681167,0 135.848385,34.681167,0</coordinates></LineString><LineString><tessellate>1</tessellate><coordinates>135.841039,34.687357,0 135.840841,34.687244,0 135.840864,34.687442,0</coordinates></LineString><LineString><tessellate>1</tessellate><coordinates>135.842638,34.686685,0 135.842851,34.686777,0 135.842799,34.686582,0</coordinates></LineString><LineString><tessellate>1</tessellate><coordinates>135.845010,34.686833,0 135.845153,34.686673,0 135.844913,34.686685,0</coordinates></LineString><LineString><tessellate>1</tessellate><coordinates>135.846969,34.685204,0 135.846983,34.685006,0 135.846790,34.685125,0</coordinates></LineString><LineString><tessellate>1</tessellate><coordinates>135.847222,34.682948,0 135.847130,34.682763,0 135.847019,34.682940,0</coordinates></LineString></MultiGeometry></Placemark>
<Placemark><name>d7·7 🚶 Kasuga Taisha → Kōfuku-ji</name><styleUrl>#lb8636f7a3</styleUrl><description><![CDATA[caminando]]></description><MultiGeometry><LineString><tessellate>1</tessellate><coordinates>135.848385,34.681167,0 135.848112,34.681164,0 135.848015,34.681162,0 135.847991,34.681162,0 135.847930,34.681163,0 135.847776,34.681088,0 135.847651,34.681045,0 135.847648,34.681007,0 135.847644,34.680952,0 135.847523,34.680926,0 135.847275,34.680872,0 135.847163,34.680819,0 135.847074,34.680900,0 135.846947,34.681027,0 135.846863,34.680973,0 135.846668,34.680976,0 135.846652,34.681043,0 135.846497,34.681255,0 135.846164,34.681527,0 135.846198,34.681565,0 135.846107,34.681656,0 135.846072,34.681654,0 135.846005,34.681600,0 135.845926,34.681573,0 135.845822,34.681597,0 135.845780,34.681622,0 135.845576,34.681677,0 135.845439,34.682082,0 135.845437,34.682143,0 135.845258,34.682133,0 135.845163,34.682136,0 135.845110,34.682140,0 135.845010,34.682148,0 135.844606,34.682146,0 135.844217,34.682213,0 135.844176,34.682213,0 135.843790,34.682207,0 135.843652,34.682201,0 135.843638,34.682200,0 135.843464,34.682230,0 135.843351,34.682143,0 135.843268,34.682155,0 135.843224,34.682155,0 135.842768,34.682150,0 135.842766,34.682220,0 135.842688,34.682276,0 135.842570,34.682367,0 135.842470,34.682445,0 135.842312,34.682548,0 135.842203,34.682607,0 135.842032,34.682696,0 135.841894,34.682778,0 135.841814,34.682821,0 135.841717,34.682841,0 135.841576,34.682855,0 135.841507,34.682895,0 135.841440,34.682977,0 135.841333,34.683012,0 135.841224,34.683043,0 135.841071,34.683159,0 135.840922,34.683226,0 135.840780,34.683223,0 135.840594,34.683259,0 135.840315,34.683326,0 135.840063,34.683388,0 135.840026,34.683388,0 135.839954,34.683389,0 135.839889,34.683388,0 135.839815,34.683387,0 135.839728,34.683443,0 135.839685,34.683463,0 135.839454,34.683506,0 135.838814,34.683608,0 135.838623,34.683646,0 135.838200,34.683741,0 135.837822,34.683821,0 135.837421,34.683957,0 135.836817,34.684138,0 135.836490,34.684256,0 135.836409,34.684271,0 135.836233,34.684304,0 135.835907,34.684302,0 135.835778,34.684298,0 135.835274,34.684293,0 135.834818,34.684294,0 135.834615,34.684294,0 135.834351,34.684294,0 135.834150,34.684301,0 135.833962,34.684304,0 135.833126,34.684322,0 135.833042,34.684327,0 135.832958,34.684336,0 135.832729,34.684337,0 135.831950,34.684346,0 135.831872,34.684347,0 135.831872,34.684226,0 135.831862,34.683140,0 135.831740,34.683141,0 135.831731,34.682675,0 135.831728,34.682534,0 135.831624,34.682535,0 135.831166,34.682536,0 135.831167,34.682580,0 135.831166,34.682590,0 135.831167,34.682650,0 135.831167,34.682706,0 135.831167,34.682730,0 135.831164,34.682888,0 135.831160,34.683127,0</coordinates></LineString><LineString><tessellate>1</tessellate><coordinates>135.845529,34.681505,0 135.845568,34.681702,0 135.845724,34.681551,0</coordinates></LineString><LineString><tessellate>1</tessellate><coordinates>135.842609,34.682221,0 135.842520,34.682406,0 135.842748,34.682344,0</coordinates></LineString><LineString><tessellate>1</tessellate><coordinates>135.839410,34.683427,0 135.839216,34.683544,0 135.839449,34.683593,0</coordinates></LineString><LineString><tessellate>1</tessellate><coordinates>135.835888,34.684215,0 135.835669,34.684297,0 135.835886,34.684383,0</coordinates></LineString><LineString><tessellate>1</tessellate><coordinates>135.832193,34.684259,0 135.831977,34.684346,0 135.832196,34.684427,0</coordinates></LineString></MultiGeometry></Placemark>
<Placemark><name>d7·8 🚶 Kōfuku-ji → Naramachi</name><styleUrl>#lb8636f7a3</styleUrl><description><![CDATA[caminando]]></description><MultiGeometry><LineString><tessellate>1</tessellate><coordinates>135.831160,34.683127,0 135.831160,34.683127,0 135.831164,34.682888,0 135.831167,34.682730,0 135.831167,34.682706,0 135.831167,34.682650,0 135.831166,34.682590,0 135.831167,34.682580,0 135.831166,34.682536,0 135.831624,34.682535,0 135.831728,34.682534,0 135.831720,34.682091,0 135.831859,34.682104,0 135.833120,34.682123,0 135.833212,34.682121,0 135.833212,34.682078,0 135.833212,34.682038,0 135.833418,34.682036,0 135.833811,34.682040,0 135.833855,34.682040,0 135.834018,34.682038,0 135.834346,34.682045,0 135.834538,34.682041,0 135.834613,34.682022,0 135.834671,34.681988,0 135.834678,34.681922,0 135.834694,34.681800,0 135.834745,34.681381,0 135.834747,34.681346,0 135.834758,34.681279,0 135.834787,34.681088,0 135.834825,34.680962,0 135.834878,34.680751,0 135.834907,34.680642,0 135.834918,34.680389,0 135.834899,34.680052,0 135.834875,34.679851,0 135.834851,34.679710,0 135.834840,34.679667,0 135.834831,34.679574,0 135.834915,34.679383,0 135.834977,34.679208,0 135.834988,34.679108,0 135.834984,34.678939,0 135.834980,34.678809,0 135.834969,34.678605,0 135.834930,34.678477,0 135.834926,34.678268,0 135.834945,34.678133,0 135.834956,34.677971,0 135.834934,34.677894,0 135.834920,34.677871,0 135.834895,34.677813,0 135.834826,34.677743,0 135.834793,34.677731,0 135.834793,34.677717,0 135.834790,34.677681,0 135.834783,34.677565,0 135.834781,34.677538,0 135.834758,34.677505,0 135.834788,34.677474,0 135.834816,34.677445,0 135.834829,34.677409,0 135.834827,34.677214,0 135.834810,34.677192,0 135.834809,34.677173,0 135.834808,34.677157,0 135.834823,34.677142,0 135.834823,34.677129,0 135.834825,34.676929,0 135.834810,34.676078,0 135.834787,34.676063,0 135.834787,34.676033,0 135.834840,34.676022,0</coordinates></LineString><LineString><tessellate>1</tessellate><coordinates>135.832146,34.682192,0 135.832366,34.682112,0 135.832150,34.682024,0</coordinates></LineString><LineString><tessellate>1</tessellate><coordinates>135.834756,34.682146,0 135.834674,34.681959,0 135.834554,34.682131,0</coordinates></LineString><LineString><tessellate>1</tessellate><coordinates>135.835008,34.680112,0 135.834886,34.679941,0 135.834806,34.680129,0</coordinates></LineString><LineString><tessellate>1</tessellate><coordinates>135.835095,34.678092,0 135.834946,34.677935,0 135.834897,34.678130,0</coordinates></LineString></MultiGeometry></Placemark>
<Placemark><name>d7·9 🚶 Naramachi → Jardín Yoshikien</name><styleUrl>#lb8636f7a3</styleUrl><description><![CDATA[caminando]]></description><MultiGeometry><LineString><tessellate>1</tessellate><coordinates>135.834840,34.676022,0 135.834787,34.676033,0 135.834787,34.676063,0 135.834810,34.676078,0 135.834825,34.676929,0 135.834823,34.677129,0 135.834823,34.677142,0 135.834808,34.677157,0 135.834809,34.677173,0 135.834810,34.677192,0 135.834827,34.677214,0 135.834829,34.677409,0 135.834816,34.677445,0 135.834788,34.677474,0 135.834758,34.677505,0 135.834781,34.677538,0 135.834783,34.677565,0 135.834790,34.677681,0 135.834793,34.677717,0 135.834793,34.677731,0 135.834826,34.677743,0 135.834895,34.677813,0 135.834920,34.677871,0 135.834934,34.677894,0 135.834956,34.677971,0 135.834945,34.678133,0 135.834926,34.678268,0 135.834930,34.678477,0 135.834969,34.678605,0 135.834980,34.678809,0 135.834984,34.678939,0 135.834988,34.679108,0 135.834977,34.679208,0 135.834915,34.679383,0 135.834831,34.679574,0 135.834840,34.679667,0 135.834851,34.679710,0 135.834875,34.679851,0 135.834899,34.680052,0 135.834918,34.680389,0 135.834907,34.680642,0 135.834878,34.680751,0 135.834825,34.680962,0 135.834787,34.681088,0 135.834758,34.681279,0 135.834747,34.681346,0 135.834745,34.681381,0 135.834694,34.681800,0 135.834678,34.681922,0 135.834671,34.681988,0 135.834613,34.682022,0 135.834614,34.682089,0 135.834615,34.682161,0 135.834659,34.682201,0 135.834700,34.682271,0 135.834692,34.682714,0 135.834637,34.682714,0 135.834635,34.683362,0 135.834616,34.683467,0 135.834650,34.683611,0 135.834640,34.683673,0 135.834581,34.683761,0 135.834477,34.683850,0 135.834447,34.683900,0 135.834348,34.684141,0 135.834309,34.684175,0 135.834272,34.684184,0 135.834147,34.684189,0 135.834150,34.684301,0 135.834351,34.684294,0 135.834615,34.684294,0 135.834615,34.684603,0 135.834817,34.684603,0 135.834816,34.684690,0 135.834858,34.684691,0 135.834860,34.684553,0 135.834806,34.684613,0 135.834793,34.684680,0 135.834776,34.685573,0 135.834775,34.685661,0 135.834774,34.685705,0 135.835081,34.685715,0 135.835623,34.685721,0 135.836409,34.685732,0 135.836427,34.685708,0 135.836564,34.685692,0 135.836596,34.685693,0 135.836616,34.685701,0 135.836627,34.685701,0 135.836625,34.685688,0 135.836607,34.685665,0 135.836586,34.685649,0 135.836537,34.685653,0 135.836496,34.685648,0 135.836491,34.685630,0 135.836489,34.685591,0 135.836496,34.685533,0 135.836496,34.685475,0</coordinates></LineString><LineString><tessellate>1</tessellate><coordinates>135.834862,34.677864,0 135.834951,34.678049,0 135.835064,34.677874,0</coordinates></LineString><LineString><tessellate>1</tessellate><coordinates>135.834794,34.679993,0 135.834906,34.680170,0 135.834997,34.679986,0</coordinates></LineString><LineString><tessellate>1</tessellate><coordinates>135.834506,34.682132,0 135.834692,34.682258,0 135.834688,34.682059,0</coordinates></LineString><LineString><tessellate>1</tessellate><coordinates>135.834401,34.684095,0 135.834189,34.684187,0 135.834411,34.684263,0</coordinates></LineString><LineString><tessellate>1</tessellate><coordinates>135.834681,34.685238,0 135.834779,34.685419,0 135.834884,34.685240,0</coordinates></LineString></MultiGeometry></Placemark>
<Placemark><name>d7·10 🚶 Jardín Yoshikien → Kintetsu-Nara ⇒ hotel</name><styleUrl>#lb8636f7a3</styleUrl><description><![CDATA[caminando · rumbo del plan: hotel]]></description><MultiGeometry><LineString><tessellate>1</tessellate><coordinates>135.836496,34.685475,0 135.836496,34.685533,0 135.836489,34.685591,0 135.836491,34.685630,0 135.836496,34.685648,0 135.836537,34.685653,0 135.836586,34.685649,0 135.836607,34.685665,0 135.836625,34.685688,0 135.836627,34.685701,0 135.836616,34.685701,0 135.836596,34.685693,0 135.836564,34.685692,0 135.836427,34.685708,0 135.836409,34.685732,0 135.835623,34.685721,0 135.835081,34.685715,0 135.834774,34.685705,0 135.834705,34.685693,0 135.834576,34.685672,0 135.834574,34.685731,0 135.834528,34.685716,0 135.834342,34.685701,0 135.834080,34.685683,0 135.833916,34.685681,0 135.833389,34.685682,0 135.833113,34.685679,0 135.833027,34.685674,0 135.832925,34.685673,0 135.832164,34.685673,0 135.832074,34.685673,0 135.831921,34.685674,0 135.831875,34.685671,0 135.831841,34.685671,0 135.831841,34.685646,0 135.831840,34.685589,0 135.831840,34.685502,0 135.831840,34.685419,0 135.831618,34.685371,0 135.831532,34.685352,0 135.831466,34.685328,0 135.831421,34.685301,0 135.831374,34.685272,0 135.831330,34.685186,0 135.831326,34.685123,0 135.831320,34.685072,0 135.831292,34.685019,0 135.831070,34.684602,0 135.831028,34.684602,0 135.830693,34.684600,0 135.830493,34.684599,0 135.829288,34.684592,0 135.828949,34.684542,0 135.828773,34.684543,0 135.828741,34.684542,0 135.828606,34.684541,0 135.828477,34.684462,0 135.827708,34.684471,0 135.827608,34.684472,0 135.827575,34.684472,0 135.827519,34.684504,0 135.827518,34.684369,0 135.827517,34.684273,0 135.827517,34.684249,0</coordinates></LineString><LineString><tessellate>1</tessellate><coordinates>135.834616,34.685639,0 135.834390,34.685705,0 135.834597,34.685806,0</coordinates></LineString><LineString><tessellate>1</tessellate><coordinates>135.831942,34.685717,0 135.831840,34.685536,0 135.831738,34.685717,0</coordinates></LineString><LineString><tessellate>1</tessellate><coordinates>135.830093,34.684513,0 135.829875,34.684595,0 135.830092,34.684681,0</coordinates></LineString></MultiGeometry></Placemark>
<Placemark><name>d7·11 🚇 15:30 Kintetsu Nara Line: Kintetsu-Nara → Osaka-Namba ⇒ hotel</name><styleUrl>#lff2900d76</styleUrl><description><![CDATA[SALE 15:30 de Kintetsu-Nara → LLEGA a Osaka-Namba · Kintetsu Nara Line — sentido Osaka-Namba / Amagasaki (7 tramos) · rumbo del plan: hotel]]></description><MultiGeometry><LineString><tessellate>1</tessellate><coordinates>135.827528,34.684249,0 135.782681,34.693798,0 135.750546,34.697283,0 135.697921,34.693236,0 135.530318,34.665246,0 135.520150,34.665581,0 135.506063,34.666976,0 135.500342,34.667098,0</coordinates></LineString><LineString><tessellate>1</tessellate><coordinates>135.792023,34.691675,0 135.791736,34.691870,0 135.792101,34.691926,0</coordinates></LineString><LineString><tessellate>1</tessellate><coordinates>135.755618,34.696602,0 135.755305,34.696767,0 135.755659,34.696860,0</coordinates></LineString><LineString><tessellate>1</tessellate><coordinates>135.718871,34.694716,0 135.718521,34.694820,0 135.718842,34.694975,0</coordinates></LineString><LineString><tessellate>1</tessellate><coordinates>135.682331,34.690499,0 135.681970,34.690572,0 135.682269,34.690754,0</coordinates></LineString><LineString><tessellate>1</tessellate><coordinates>135.646100,34.684449,0 135.645739,34.684521,0 135.646038,34.684704,0</coordinates></LineString><LineString><tessellate>1</tessellate><coordinates>135.609869,34.678398,0 135.609508,34.678471,0 135.609807,34.678653,0</coordinates></LineString><LineString><tessellate>1</tessellate><coordinates>135.573639,34.672348,0 135.573278,34.672420,0 135.573576,34.672603,0</coordinates></LineString><LineString><tessellate>1</tessellate><coordinates>135.537408,34.666297,0 135.537047,34.666370,0 135.537346,34.666552,0</coordinates></LineString></MultiGeometry></Placemark>
<Placemark><name>d7·12 🚶 Osaka-Namba → Nippombashi ⇒ hotel</name><styleUrl>#lb8636f7a3</styleUrl><description><![CDATA[caminando · rumbo del plan: hotel]]></description><MultiGeometry><LineString><tessellate>1</tessellate><coordinates>135.500342,34.667113,0 135.498550,34.667145,0 135.496826,34.667432,0 135.496687,34.667146,0 135.496651,34.667148,0 135.496622,34.667151,0 135.496620,34.667145,0 135.496593,34.667149,0 135.496422,34.667180,0 135.496404,34.667184,0 135.496406,34.667192,0 135.496387,34.667195,0 135.496405,34.667259,0 135.496512,34.667237,0 135.496539,34.667245,0 135.496592,34.667237,0 135.496624,34.667218,0 135.496687,34.667198,0 135.496705,34.667151,0 135.496759,34.667143,0 135.496791,34.667138,0 135.496815,34.667135,0 135.496841,34.667131,0 135.496835,34.667112,0 135.496893,34.667098,0 135.496951,34.667086,0 135.496980,34.667097,0 135.497016,34.667095,0 135.497046,34.667064,0 135.497226,34.667112,0 135.497404,34.667160,0 135.497492,34.667168,0 135.497531,34.667158,0 135.497606,34.667137,0 135.497793,34.667106,0 135.497824,34.667022,0 135.497885,34.667018,0 135.497929,34.667015,0 135.497989,34.667011,0 135.498018,34.667009,0 135.498117,34.666995,0 135.498189,34.666986,0 135.498202,34.666985,0 135.498509,34.666948,0 135.498827,34.666941,0 135.499318,34.666931,0 135.499420,34.666929,0 135.499847,34.666928,0 135.500017,34.666928,0 135.500139,34.666928,0 135.500149,34.666908,0 135.500296,34.666910,0 135.500353,34.666909,0 135.500402,34.666909,0 135.500454,34.666908,0 135.500528,34.666919,0 135.500530,34.666995,0 135.500530,34.667029,0 135.500531,34.667234,0 135.500531,34.667268,0 135.500530,34.667341,0 135.500659,34.667338,0 135.500885,34.667334,0 135.501223,34.667327,0 135.501357,34.667324,0 135.501461,34.667322,0 135.502183,34.667308,0 135.502310,34.667305,0 135.502407,34.667302,0 135.503025,34.667298,0 135.503141,34.667293,0 135.503389,34.667290,0 135.503457,34.667288,0 135.503775,34.667283,0 135.504201,34.667272,0 135.504225,34.667272,0 135.504253,34.667272,0 135.504289,34.667273,0 135.504346,34.667272,0 135.504936,34.667265,0 135.505155,34.667259,0 135.505207,34.667271,0 135.505253,34.667288,0 135.505526,34.667279,0 135.505608,34.667277,0 135.505636,34.667262,0 135.505665,34.667250,0 135.505947,34.667244,0 135.505947,34.667192,0 135.505944,34.667140,0 135.506119,34.667130,0 135.506116,34.666968,0</coordinates></LineString><LineString><tessellate>1</tessellate><coordinates>135.497534,34.667228,0 135.497340,34.667346,0 135.497574,34.667393,0</coordinates></LineString><LineString><tessellate>1</tessellate><coordinates>135.497704,34.667115,0 135.497912,34.667016,0 135.497687,34.666947,0</coordinates></LineString><LineString><tessellate>1</tessellate><coordinates>135.500429,34.667059,0 135.500531,34.667240,0 135.500633,34.667059,0</coordinates></LineString><LineString><tessellate>1</tessellate><coordinates>135.503219,34.667379,0 135.503433,34.667289,0 135.503212,34.667211,0</coordinates></LineString></MultiGeometry></Placemark>
<Placemark><name>d7·13 🚇 16:25 Metro Sakaisuji: Nippombashi → Kitahama ⇒ hotel</name><styleUrl>#lff2147816</styleUrl><description><![CDATA[SALE 16:25 de Nippombashi → LLEGA a Kitahama · Metro Sakaisuji — sentido Kita-Senri / Tenjimbashisuji (3 tramos) · rumbo del plan: hotel]]></description><MultiGeometry><LineString><tessellate>1</tessellate><coordinates>135.506120,34.666968,0 135.506331,34.674460,0 135.506976,34.681829,0 135.506652,34.691696,0</coordinates></LineString><LineString><tessellate>1</tessellate><coordinates>135.506095,34.671641,0 135.506259,34.671917,0 135.506408,34.671635,0</coordinates></LineString><LineString><tessellate>1</tessellate><coordinates>135.506360,34.676592,0 135.506541,34.676861,0 135.506673,34.676573,0</coordinates></LineString><LineString><tessellate>1</tessellate><coordinates>135.506792,34.681530,0 135.506973,34.681799,0 135.507105,34.681511,0</coordinates></LineString><LineString><tessellate>1</tessellate><coordinates>135.506666,34.686465,0 135.506814,34.686747,0 135.506980,34.686472,0</coordinates></LineString></MultiGeometry></Placemark>
</Folder>
<Folder><name>jue 8 · → Kioto</name>
<Placemark><name>1. 09:30 · Shinsekai (d8)</name><styleUrl>#p1</styleUrl><description><![CDATA[Hora del plan: 09:30. ⏰ SIGUIENTE PUNTO ESTRICTO del día: 14:00 — Mirador Abeno Harukas (reserva/transporte: NO se puede llegar tarde).]]></description><Point><coordinates>135.505956,34.651601,0</coordinates></Point></Placemark>
<Placemark><name>2. 09:30 · Tsūtenkaku (d8)</name><styleUrl>#p2</styleUrl><description><![CDATA[Hora del plan: 09:30. ⏰ SIGUIENTE PUNTO ESTRICTO del día: 14:00 — Mirador Abeno Harukas (reserva/transporte: NO se puede llegar tarde).]]></description><Point><coordinates>135.506306,34.652499,0</coordinates></Point></Placemark>
<Placemark><name>3. 11:10 · Parque Tennōji + Keitakuen (d8)</name><styleUrl>#p3</styleUrl><description><![CDATA[Hora del plan: 11:10. ⏰ SIGUIENTE PUNTO ESTRICTO del día: 14:00 — Mirador Abeno Harukas (reserva/transporte: NO se puede llegar tarde).]]></description><Point><coordinates>135.511583,34.649657,0</coordinates></Point></Placemark>
<Placemark><name>4. 14:00 · Abeno Harukas (d8)</name><styleUrl>#p4</styleUrl><description><![CDATA[Hora del plan: 14:00. ⏰ SIGUIENTE PUNTO ESTRICTO del día: 14:00 — Mirador Abeno Harukas (reserva/transporte: NO se puede llegar tarde).]]></description><Point><coordinates>135.513309,34.646306,0</coordinates></Point></Placemark>
<Placemark><name>d8·1 🚇 09:15 Metro Sakaisuji: Kitahama → Ebisuchō ⇒ Shinsekai</name><styleUrl>#lff2147816</styleUrl><description><![CDATA[SALE 09:15 de Kitahama → LLEGA a Ebisuchō · Metro Sakaisuji — sentido Tengachaya (4 tramos) · rumbo del plan: Shinsekai]]></description><MultiGeometry><LineString><tessellate>1</tessellate><coordinates>135.506652,34.691696,0 135.506976,34.681829,0 135.506331,34.674460,0 135.506120,34.666968,0 135.505636,34.655631,0</coordinates></LineString><LineString><tessellate>1</tessellate><coordinates>135.506969,34.686824,0 135.506821,34.686541,0 135.506655,34.686817,0</coordinates></LineString><LineString><tessellate>1</tessellate><coordinates>135.507118,34.681656,0 135.506937,34.681387,0 135.506805,34.681675,0</coordinates></LineString><LineString><tessellate>1</tessellate><coordinates>135.506668,34.676513,0 135.506487,34.676244,0 135.506355,34.676532,0</coordinates></LineString><LineString><tessellate>1</tessellate><coordinates>135.506401,34.671369,0 135.506236,34.671093,0 135.506087,34.671375,0</coordinates></LineString><LineString><tessellate>1</tessellate><coordinates>135.506244,34.666212,0 135.506076,34.665938,0 135.505931,34.666221,0</coordinates></LineString><LineString><tessellate>1</tessellate><coordinates>135.506025,34.661058,0 135.505856,34.660784,0 135.505711,34.661067,0</coordinates></LineString></MultiGeometry></Placemark>
<Placemark><name>d8·2 🚶 Ebisuchō → Shinsekai</name><styleUrl>#lb8636f7a3</styleUrl><description><![CDATA[caminando]]></description><MultiGeometry><LineString><tessellate>1</tessellate><coordinates>135.505643,34.655631,0 135.505639,34.655554,0 135.505730,34.655548,0 135.505728,34.655516,0 135.505748,34.655501,0 135.505747,34.655467,0 135.505747,34.655436,0 135.505745,34.655380,0 135.505743,34.655346,0 135.505742,34.655316,0 135.505721,34.655310,0 135.505715,34.655292,0 135.505698,34.654903,0 135.505657,34.654679,0 135.505654,34.654667,0 135.505737,34.654537,0 135.505707,34.654440,0 135.505689,34.654375,0 135.505683,34.654357,0 135.505735,34.654346,0 135.505737,34.654345,0 135.505759,34.654341,0 135.505688,34.654269,0 135.505703,34.654220,0 135.505744,34.654084,0 135.505842,34.653778,0 135.505984,34.653328,0 135.506175,34.652738,0 135.506177,34.652728,0 135.506196,34.652729,0 135.506202,34.652705,0 135.506236,34.652707,0 135.506296,34.652703,0 135.506343,34.652696,0 135.506332,34.652654,0 135.506257,34.652432,0 135.506243,34.652390,0 135.506124,34.652052,0 135.505965,34.651599,0 135.505956,34.651601,0</coordinates></LineString><LineString><tessellate>1</tessellate><coordinates>135.505937,34.653811,0 135.505894,34.653615,0 135.505740,34.653768,0</coordinates></LineString></MultiGeometry></Placemark>
<Placemark><name>d8·3 🚶 Tsūtenkaku → Parque Tennōji + Keitakuen</name><styleUrl>#lb8636f7a3</styleUrl><description><![CDATA[caminando]]></description><MultiGeometry><LineString><tessellate>1</tessellate><coordinates>135.506282,34.652505,0 135.506257,34.652432,0 135.506243,34.652390,0 135.506124,34.652052,0 135.505965,34.651599,0 135.506172,34.651550,0 135.506739,34.651413,0 135.506574,34.650943,0 135.506860,34.650880,0 135.506876,34.650876,0 135.507034,34.650843,0 135.507069,34.650835,0 135.507101,34.650828,0 135.507336,34.650814,0 135.507359,34.650741,0 135.507374,34.650703,0 135.507403,34.650664,0 135.507481,34.650617,0 135.507582,34.650616,0 135.507670,34.650654,0 135.507724,34.650724,0 135.507833,34.650700,0 135.508777,34.650479,0 135.509388,34.650339,0 135.509423,34.650332,0 135.509472,34.650329,0 135.509568,34.650305,0 135.509608,34.650339,0 135.509635,34.650333,0 135.509759,34.650303,0 135.509782,34.650298,0 135.509909,34.650267,0 135.509949,34.650208,0 135.510044,34.650194,0 135.509959,34.649769,0 135.509960,34.649654,0 135.510114,34.649559,0 135.510269,34.649503,0 135.510305,34.649490,0 135.510473,34.649493,0 135.510525,34.649497,0 135.510583,34.649512,0 135.510590,34.649514,0 135.510597,34.649516,0 135.510675,34.649537,0 135.510689,34.649567,0 135.510818,34.649657,0 135.510956,34.649774,0 135.510988,34.649816,0 135.511049,34.649929,0 135.511104,34.650096,0 135.511255,34.650114,0 135.511279,34.650110,0 135.511326,34.650081,0 135.511347,34.650072,0 135.511395,34.650073,0 135.511448,34.650071,0 135.511507,34.650051,0 135.511586,34.650054,0 135.511645,34.650031,0 135.511670,34.650020,0 135.511723,34.649999,0 135.511758,34.649995,0 135.511791,34.649991,0 135.511801,34.649962,0 135.511802,34.649936,0 135.511804,34.649916,0 135.511792,34.649889,0 135.511792,34.649862,0 135.511802,34.649841,0</coordinates></LineString><LineString><tessellate>1</tessellate><coordinates>135.506774,34.651212,0 135.506616,34.651063,0 135.506579,34.651259,0</coordinates></LineString><LineString><tessellate>1</tessellate><coordinates>135.508373,34.650661,0 135.508555,34.650531,0 135.508318,34.650499,0</coordinates></LineString><LineString><tessellate>1</tessellate><coordinates>135.509948,34.649766,0 135.510062,34.649591,0 135.509827,34.649631,0</coordinates></LineString></MultiGeometry></Placemark>
<Placemark><name>d8·4 🚶 Parque Tennōji + Keitakuen → Abeno Harukas</name><styleUrl>#lb8636f7a3</styleUrl><description><![CDATA[caminando]]></description><MultiGeometry><LineString><tessellate>1</tessellate><coordinates>135.511802,34.649841,0 135.511792,34.649862,0 135.511792,34.649889,0 135.511804,34.649916,0 135.511802,34.649936,0 135.511801,34.649962,0 135.511791,34.649991,0 135.511758,34.649995,0 135.511723,34.649999,0 135.511670,34.650020,0 135.511645,34.650031,0 135.511586,34.650054,0 135.511507,34.650051,0 135.511448,34.650071,0 135.511395,34.650073,0 135.511347,34.650072,0 135.511326,34.650081,0 135.511279,34.650110,0 135.511255,34.650114,0 135.511104,34.650096,0 135.511049,34.649929,0 135.510988,34.649816,0 135.510956,34.649774,0 135.510818,34.649657,0 135.510689,34.649567,0 135.510675,34.649537,0 135.510597,34.649516,0 135.510590,34.649514,0 135.510583,34.649512,0 135.510525,34.649497,0 135.510473,34.649493,0 135.510305,34.649490,0 135.510358,34.649370,0 135.510404,34.649308,0 135.510471,34.649246,0 135.510520,34.649230,0 135.510675,34.649175,0 135.510683,34.649038,0 135.510736,34.649026,0 135.510928,34.648981,0 135.510867,34.648783,0 135.510945,34.648767,0 135.511238,34.648704,0 135.512078,34.648494,0 135.512017,34.648259,0 135.512311,34.648192,0 135.512439,34.648165,0 135.512629,34.648123,0 135.512882,34.648073,0 135.513010,34.648028,0 135.512954,34.647942,0 135.512959,34.647895,0 135.512963,34.647827,0 135.512967,34.647731,0 135.512969,34.647694,0 135.512964,34.647668,0 135.513003,34.647630,0 135.513006,34.647599,0 135.512907,34.647022,0 135.512907,34.646989,0 135.512895,34.646927,0 135.512833,34.646895,0 135.512858,34.646861,0 135.512939,34.646899,0 135.513028,34.646915,0 135.513107,34.646906,0 135.513171,34.646881,0 135.513228,34.646835,0 135.513255,34.646804,0 135.513269,34.646769,0 135.513275,34.646729,0 135.513253,34.646587,0 135.513234,34.646507,0 135.513251,34.646436,0 135.513350,34.646410,0</coordinates></LineString><LineString><tessellate>1</tessellate><coordinates>135.510772,34.649248,0 135.510681,34.649064,0 135.510570,34.649240,0</coordinates></LineString><LineString><tessellate>1</tessellate><coordinates>135.512531,34.648229,0 135.512719,34.648105,0 135.512484,34.648065,0</coordinates></LineString></MultiGeometry></Placemark>
<Placemark><name>d8·5 🚇 15:45 Metro Midosuji: Tennōji → Yodoyabashi ⇒ hotel</name><styleUrl>#lff1f17e56</styleUrl><description><![CDATA[SALE 15:45 de Tennōji → LLEGA a Yodoyabashi · Metro Midosuji — sentido Shin-Osaka / Senri-Chūō (6 tramos) · rumbo del plan: hotel]]></description><MultiGeometry><LineString><tessellate>1</tessellate><coordinates>135.513869,34.647310,0 135.503507,34.648838,0 135.497845,34.655911,0 135.500342,34.667098,0 135.500377,34.675057,0 135.498829,34.682007,0 135.501053,34.692261,0</coordinates></LineString><LineString><tessellate>1</tessellate><coordinates>135.507039,34.648186,0 135.506735,34.648362,0 135.507094,34.648441,0</coordinates></LineString><LineString><tessellate>1</tessellate><coordinates>135.501369,34.651273,0 135.501314,34.651577,0 135.501631,34.651417,0</coordinates></LineString><LineString><tessellate>1</tessellate><coordinates>135.497805,34.656450,0 135.498021,34.656700,0 135.498114,34.656403,0</coordinates></LineString><LineString><tessellate>1</tessellate><coordinates>135.499123,34.662353,0 135.499339,34.662603,0 135.499432,34.662306,0</coordinates></LineString><LineString><tessellate>1</tessellate><coordinates>135.500191,34.668252,0 135.500349,34.668530,0 135.500504,34.668251,0</coordinates></LineString><LineString><tessellate>1</tessellate><coordinates>135.500217,34.674255,0 135.500375,34.674533,0 135.500531,34.674254,0</coordinates></LineString><LineString><tessellate>1</tessellate><coordinates>135.499084,34.680148,0 135.499177,34.680446,0 135.499393,34.680195,0</coordinates></LineString><LineString><tessellate>1</tessellate><coordinates>135.499558,34.686101,0 135.499772,34.686353,0 135.499867,34.686055,0</coordinates></LineString></MultiGeometry></Placemark>
<Placemark><name>d8·6 🚇 16:35 Metro Midosuji: Yodoyabashi → Umeda ⇒ hotel</name><styleUrl>#lff1f17e56</styleUrl><description><![CDATA[SALE 16:35 de Yodoyabashi → LLEGA a Umeda · Metro Midosuji — sentido Shin-Osaka / Senri-Chūō (1 tramos) · rumbo del plan: hotel]]></description><MultiGeometry><LineString><tessellate>1</tessellate><coordinates>135.501053,34.692261,0 135.498427,34.705027,0</coordinates></LineString><LineString><tessellate>1</tessellate><coordinates>135.500079,34.696220,0 135.500178,34.696517,0 135.500389,34.696264,0</coordinates></LineString><LineString><tessellate>1</tessellate><coordinates>135.499204,34.700475,0 135.499302,34.700772,0 135.499514,34.700519,0</coordinates></LineString></MultiGeometry></Placemark>
<Placemark><name>d8·7 🚇 17:07 HARUKA Limited Express: Osaka (Umekita) → Kyoto ⇒ hotel</name><styleUrl>#lffa557276</styleUrl><description><![CDATA[SALE 17:07 de Osaka (Umekita) → LLEGA a Kyoto · HARUKA Limited Express — sentido Kyoto (Ltd. Exp. HARUKA) (2 tramos) · rumbo del plan: hotel]]></description><MultiGeometry><LineString><tessellate>1</tessellate><coordinates>135.498427,34.705027,0 135.497888,34.733485,0 135.758767,34.985849,0</coordinates></LineString><LineString><tessellate>1</tessellate><coordinates>135.506663,34.742175,0 135.507002,34.742302,0 135.506902,34.742006,0</coordinates></LineString><LineString><tessellate>1</tessellate><coordinates>135.538134,34.772618,0 135.538472,34.772745,0 135.538372,34.772449,0</coordinates></LineString><LineString><tessellate>1</tessellate><coordinates>135.569604,34.803061,0 135.569943,34.803189,0 135.569843,34.802892,0</coordinates></LineString><LineString><tessellate>1</tessellate><coordinates>135.601075,34.833505,0 135.601413,34.833632,0 135.601314,34.833336,0</coordinates></LineString><LineString><tessellate>1</tessellate><coordinates>135.632545,34.863948,0 135.632884,34.864075,0 135.632784,34.863779,0</coordinates></LineString><LineString><tessellate>1</tessellate><coordinates>135.664016,34.894391,0 135.664355,34.894519,0 135.664255,34.894222,0</coordinates></LineString><LineString><tessellate>1</tessellate><coordinates>135.695486,34.924835,0 135.695825,34.924962,0 135.695726,34.924666,0</coordinates></LineString><LineString><tessellate>1</tessellate><coordinates>135.726957,34.955278,0 135.727296,34.955406,0 135.727196,34.955109,0</coordinates></LineString></MultiGeometry></Placemark>
<Placemark><name>d8·8 🚇 17:40 Metro Karasuma (Kioto): Kyoto → Gojō ⇒ hotel</name><styleUrl>#lff4499006</styleUrl><description><![CDATA[SALE 17:40 de Kyoto → LLEGA a Gojō · Metro Karasuma (Kioto) — sentido Kokusaikaikan (1 tramos) · rumbo del plan: hotel]]></description><MultiGeometry><LineString><tessellate>1</tessellate><coordinates>135.758767,34.985849,0 135.759718,34.995434,0</coordinates></LineString><LineString><tessellate>1</tessellate><coordinates>135.759058,34.990374,0 135.759242,34.990642,0 135.759372,34.990353,0</coordinates></LineString></MultiGeometry></Placemark>
</Folder>
<Folder><name>vie 9 · Kioto este</name>
<Placemark><name>1. 05:00 · Kiyomizu-dera (d9)</name><styleUrl>#p1</styleUrl><description><![CDATA[Hora del plan: 05:00. ⏰ SIGUIENTE PUNTO ESTRICTO del día: 05:00 — Desayuno konbini (reserva/transporte: NO se puede llegar tarde).]]></description><Point><coordinates>135.784661,34.994666,0</coordinates></Point></Placemark>
<Placemark><name>2. 07:15 · Sannenzaka y Ninenzaka (d9)</name><styleUrl>#p2</styleUrl><description><![CDATA[Hora del plan: 07:15. ⏰ SIGUIENTE PUNTO ESTRICTO del día: 15:50 — punto fijo (reserva/transporte: NO se puede llegar tarde).]]></description><Point><coordinates>135.781008,34.996664,0</coordinates></Point></Placemark>
<Placemark><name>3. 07:15 · Pagoda Yasaka (Hōkan-ji) (d9)</name><styleUrl>#p3</styleUrl><description><![CDATA[Hora del plan: 07:15. ⏰ SIGUIENTE PUNTO ESTRICTO del día: 15:50 — punto fijo (reserva/transporte: NO se puede llegar tarde).]]></description><Point><coordinates>135.779236,34.998558,0</coordinates></Point></Placemark>
<Placemark><name>4. 08:00 · Santuario Yasaka (d9)</name><styleUrl>#p4</styleUrl><description><![CDATA[Hora del plan: 08:00. ⏰ SIGUIENTE PUNTO ESTRICTO del día: 15:50 — punto fijo (reserva/transporte: NO se puede llegar tarde).]]></description><Point><coordinates>135.778553,35.003656,0</coordinates></Point></Placemark>
<Placemark><name>5. 08:40 · Ryōzen Kannon (d9)</name><styleUrl>#p5</styleUrl><description><![CDATA[Hora del plan: 08:40. ⏰ SIGUIENTE PUNTO ESTRICTO del día: 15:50 — punto fijo (reserva/transporte: NO se puede llegar tarde).]]></description><Point><coordinates>135.781907,34.999902,0</coordinates></Point></Placemark>
<Placemark><name>6. 09:10 · Gion (d9)</name><styleUrl>#p6</styleUrl><description><![CDATA[Hora del plan: 09:10. ⏰ SIGUIENTE PUNTO ESTRICTO del día: 15:50 — punto fijo (reserva/transporte: NO se puede llegar tarde).]]></description><Point><coordinates>135.777245,35.003782,0</coordinates></Point></Placemark>
<Placemark><name>7. 09:30 · Sanjūsangen-dō (d9)</name><styleUrl>#p7</styleUrl><description><![CDATA[Hora del plan: 09:30. ⏰ SIGUIENTE PUNTO ESTRICTO del día: 15:50 — punto fijo (reserva/transporte: NO se puede llegar tarde).]]></description><Point><coordinates>135.771713,34.987884,0</coordinates></Point></Placemark>
<Placemark><name>d9·1 🚶 Hotel → Kiyomizu-dera</name><styleUrl>#lb8636f7a3</styleUrl><description><![CDATA[caminando]]></description><MultiGeometry><LineString><tessellate>1</tessellate><coordinates>135.759573,34.998308,0 135.759581,34.997724,0 135.759601,34.997723,0 135.759655,34.997723,0 135.759769,34.997722,0 135.759810,34.997722,0 135.759831,34.997723,0 135.759832,34.997679,0 135.759832,34.997658,0 135.759832,34.997636,0 135.759832,34.997597,0 135.759842,34.996484,0 135.759842,34.996431,0 135.759850,34.996415,0 135.759970,34.996412,0 135.760127,34.996410,0 135.760232,34.996408,0 135.760295,34.996407,0 135.760905,34.996391,0 135.761025,34.996389,0 135.761070,34.996388,0 135.761102,34.996388,0 135.761250,34.996380,0 135.761840,34.996358,0 135.762518,34.996338,0 135.762567,34.996339,0 135.762601,34.996340,0 135.762627,34.996339,0 135.762722,34.996333,0 135.762850,34.996326,0 135.763201,34.996311,0 135.763229,34.996310,0 135.763316,34.996306,0 135.764042,34.996261,0 135.764273,34.996248,0 135.764589,34.996231,0 135.764714,34.996226,0 135.764748,34.996224,0 135.764775,34.996223,0 135.764907,34.996214,0 135.765432,34.996192,0 135.765938,34.996144,0 135.766147,34.996122,0 135.766172,34.996119,0 135.766189,34.996118,0 135.766324,34.996189,0 135.766344,34.996180,0 135.766426,34.996151,0 135.766523,34.996115,0 135.766535,34.996111,0 135.766647,34.996069,0 135.767039,34.996022,0 135.767078,34.996017,0 135.767116,34.996012,0 135.767131,34.996010,0 135.767158,34.996006,0 135.767376,34.995981,0 135.767433,34.995974,0 135.767460,34.995970,0 135.767495,34.995966,0 135.767521,34.995962,0 135.767517,34.995942,0 135.767519,34.995925,0 135.767526,34.995910,0 135.767538,34.995897,0 135.767553,34.995886,0 135.767570,34.995879,0 135.767590,34.995875,0 135.768315,34.995772,0 135.768346,34.995767,0 135.768354,34.995792,0 135.768363,34.995796,0 135.768371,34.995802,0 135.768377,34.995808,0 135.768381,34.995816,0 135.768423,34.995938,0 135.768469,34.995920,0 135.768511,34.995903,0 135.768578,34.995873,0 135.768632,34.995850,0 135.768673,34.995832,0 135.768710,34.995816,0 135.768825,34.995787,0 135.768972,34.995744,0 135.769024,34.995734,0 135.769539,34.995659,0 135.769615,34.995649,0 135.769751,34.995630,0 135.769909,34.995605,0 135.769970,34.995595,0 135.770155,34.995566,0 135.770212,34.995558,0 135.771138,34.995419,0 135.771410,34.995383,0 135.771679,34.995347,0 135.771729,34.995340,0 135.771779,34.995333,0 135.771817,34.995330,0 135.771910,34.995314,0 135.772695,34.995169,0 135.773136,34.995061,0 135.773239,34.995034,0 135.773548,34.994956,0 135.773633,34.994934,0 135.773856,34.994879,0 135.774062,34.994828,0 135.774413,34.994742,0 135.775027,34.994601,0 135.775517,34.994495,0 135.775602,34.994476,0 135.775799,34.994430,0 135.775924,34.994406,0 135.776045,34.994409,0 135.776193,34.994603,0 135.776285,34.994578,0 135.776380,34.994553,0 135.776382,34.994515,0 135.776373,34.994451,0 135.776419,34.994463,0 135.776687,34.994534,0 135.776801,34.994578,0 135.776859,34.994600,0 135.777200,34.994726,0 135.777237,34.994741,0 135.777499,34.994841,0 135.777702,34.994972,0 135.777796,34.995034,0 135.778110,34.995240,0 135.778533,34.995219,0 135.778845,34.995205,0 135.779296,34.995182,0 135.779389,34.995178,0 135.779895,34.995151,0 135.780430,34.995127,0 135.780995,34.995093,0 135.781085,34.995088,0 135.781195,34.995082,0 135.781654,34.995059,0 135.781766,34.995054,0 135.782560,34.995017,0 135.782579,34.995020,0 135.782678,34.995031,0 135.782720,34.995034,0 135.782753,34.995032,0 135.782783,34.995028,0 135.782815,34.995050,0 135.782898,34.995101,0 135.782948,34.995110,0 135.782982,34.995134,0 135.782980,34.995057,0 135.782959,34.994927,0 135.782955,34.994899,0 135.782987,34.994858,0 135.783043,34.994909,0 135.783110,34.994925,0 135.783135,34.994887,0 135.783178,34.994865,0 135.783272,34.994863,0 135.783390,34.994834,0 135.783514,34.994789,0 135.783594,34.994765,0 135.783707,34.994765,0 135.784241,34.994545,0 135.784553,34.994590,0 135.784606,34.994580,0 135.784636,34.994575,0</coordinates></LineString><LineString><tessellate>1</tessellate><coordinates>135.761918,34.996440,0 135.762133,34.996349,0 135.761911,34.996272,0</coordinates></LineString><LineString><tessellate>1</tessellate><coordinates>135.766690,34.996149,0 135.766892,34.996040,0 135.766661,34.995982,0</coordinates></LineString><LineString><tessellate>1</tessellate><coordinates>135.771190,34.995497,0 135.771390,34.995386,0 135.771158,34.995331,0</coordinates></LineString><LineString><tessellate>1</tessellate><coordinates>135.775851,34.994313,0 135.776054,34.994421,0 135.776024,34.994224,0</coordinates></LineString><LineString><tessellate>1</tessellate><coordinates>135.780139,34.995224,0 135.780352,34.995131,0 135.780128,34.995056,0</coordinates></LineString></MultiGeometry></Placemark>
<Placemark><name>d9·2 🚶 Kiyomizu-dera → Sannenzaka y Ninenzaka</name><styleUrl>#lb8636f7a3</styleUrl><description><![CDATA[caminando]]></description><MultiGeometry><LineString><tessellate>1</tessellate><coordinates>135.784636,34.994575,0 135.784606,34.994580,0 135.784553,34.994590,0 135.784241,34.994545,0 135.783707,34.994765,0 135.783594,34.994765,0 135.783514,34.994789,0 135.783390,34.994834,0 135.783272,34.994863,0 135.783178,34.994865,0 135.783135,34.994887,0 135.783110,34.994925,0 135.783096,34.994947,0 135.783069,34.994989,0 135.783057,34.995008,0 135.783103,34.995068,0 135.783117,34.995242,0 135.783092,34.995256,0 135.783053,34.995275,0 135.782917,34.995513,0 135.782322,34.995502,0 135.782282,34.995503,0 135.782242,34.995507,0 135.782203,34.995514,0 135.782165,34.995523,0 135.782127,34.995534,0 135.782091,34.995548,0 135.782057,34.995565,0 135.782024,34.995583,0 135.781993,34.995604,0 135.781964,34.995626,0 135.781902,34.995675,0 135.781869,34.995698,0 135.781846,34.995714,0 135.781821,34.995728,0 135.781696,34.995793,0 135.781303,34.995994,0 135.781271,34.996008,0 135.781235,34.996022,0 135.781201,34.996034,0 135.780791,34.996178,0 135.780808,34.996209,0 135.780886,34.996354,0 135.780945,34.996474,0 135.781019,34.996657,0 135.781019,34.996664,0</coordinates></LineString><LineString><tessellate>1</tessellate><coordinates>135.782875,34.995428,0 135.782654,34.995508,0 135.782870,34.995596,0</coordinates></LineString></MultiGeometry></Placemark>
<Placemark><name>d9·3 🚶 Sannenzaka y Ninenzaka → Pagoda Yasaka (Hōkan-ji)</name><styleUrl>#lb8636f7a3</styleUrl><description><![CDATA[caminando]]></description><MultiGeometry><LineString><tessellate>1</tessellate><coordinates>135.781019,34.996664,0 135.781019,34.996657,0 135.781024,34.996718,0 135.781027,34.996894,0 135.781028,34.996947,0 135.781063,34.997495,0 135.781059,34.997650,0 135.781053,34.997706,0 135.781046,34.997767,0 135.781040,34.997789,0 135.781030,34.997810,0 135.781005,34.997851,0 135.780988,34.997873,0 135.780965,34.997897,0 135.780941,34.997917,0 135.780920,34.997932,0 135.780805,34.997998,0 135.780783,34.998007,0 135.780760,34.998015,0 135.780733,34.998023,0 135.780708,34.998028,0 135.780593,34.998050,0 135.780293,34.998083,0 135.780237,34.998096,0 135.780194,34.998109,0 135.779926,34.998230,0 135.779888,34.998252,0 135.779852,34.998278,0 135.779825,34.998300,0 135.779800,34.998317,0 135.779769,34.998328,0 135.779503,34.998366,0 135.779256,34.998401,0 135.779261,34.998423,0 135.779257,34.998482,0</coordinates></LineString><LineString><tessellate>1</tessellate><coordinates>135.780949,34.997845,0 135.780798,34.998001,0 135.781039,34.997996,0</coordinates></LineString></MultiGeometry></Placemark>
<Placemark><name>d9·4 🚶 Pagoda Yasaka (Hōkan-ji) → Santuario Yasaka</name><styleUrl>#lb8636f7a3</styleUrl><description><![CDATA[caminando]]></description><MultiGeometry><LineString><tessellate>1</tessellate><coordinates>135.779257,34.998482,0 135.779257,34.998482,0 135.779261,34.998423,0 135.779256,34.998401,0 135.779113,34.998420,0 135.779010,34.998435,0 135.779025,34.998546,0 135.778990,34.998549,0 135.778771,34.998563,0 135.778794,34.999240,0 135.778797,34.999315,0 135.778817,34.999765,0 135.778802,34.999780,0 135.778800,34.999835,0 135.778794,35.000141,0 135.778793,35.000218,0 135.778764,35.000234,0 135.778761,35.000312,0 135.778729,35.000478,0 135.778718,35.000496,0 135.778652,35.000831,0 135.778648,35.000849,0 135.778646,35.000872,0 135.778635,35.000964,0 135.778594,35.001452,0 135.778585,35.001636,0 135.778567,35.001788,0 135.778539,35.002018,0 135.778564,35.002026,0 135.778579,35.002477,0 135.778574,35.002591,0 135.778570,35.002642,0 135.778565,35.002651,0 135.778562,35.002662,0 135.778561,35.002672,0 135.778562,35.002683,0 135.778567,35.002690,0 135.778576,35.002694,0 135.778584,35.002695,0 135.778585,35.002723,0 135.778585,35.002756,0 135.778499,35.002756,0 135.778500,35.002766,0 135.778504,35.003036,0 135.778515,35.003152,0 135.778516,35.003156,0 135.778532,35.003319,0 135.778631,35.003313,0 135.778637,35.003371,0 135.778646,35.003463,0 135.778646,35.003475,0 135.778674,35.003498,0 135.778925,35.003481,0 135.778950,35.003732,0 135.778879,35.003736,0 135.778858,35.003529,0 135.778635,35.003544,0 135.778632,35.003515,0 135.778465,35.003526,0 135.778468,35.003555,0 135.778468,35.003555,0</coordinates></LineString><LineString><tessellate>1</tessellate><coordinates>135.778894,35.000061,0 135.778769,35.000231,0 135.779008,35.000201,0</coordinates></LineString><LineString><tessellate>1</tessellate><coordinates>135.778484,35.002311,0 135.778578,35.002495,0 135.778688,35.002317,0</coordinates></LineString></MultiGeometry></Placemark>
<Placemark><name>d9·5 🚶 Santuario Yasaka → Ryōzen Kannon</name><styleUrl>#lb8636f7a3</styleUrl><description><![CDATA[caminando]]></description><MultiGeometry><LineString><tessellate>1</tessellate><coordinates>135.778468,35.003555,0 135.778468,35.003555,0 135.778465,35.003526,0 135.778632,35.003515,0 135.778635,35.003544,0 135.778858,35.003529,0 135.778879,35.003736,0 135.778950,35.003732,0 135.778925,35.003481,0 135.778674,35.003498,0 135.778646,35.003475,0 135.778646,35.003463,0 135.778637,35.003371,0 135.778631,35.003313,0 135.778532,35.003319,0 135.778516,35.003156,0 135.778515,35.003152,0 135.778504,35.003036,0 135.778500,35.002766,0 135.778499,35.002756,0 135.778585,35.002756,0 135.778585,35.002723,0 135.778584,35.002695,0 135.778576,35.002694,0 135.778567,35.002690,0 135.778562,35.002683,0 135.778561,35.002672,0 135.778562,35.002662,0 135.778565,35.002651,0 135.778570,35.002642,0 135.778574,35.002591,0 135.778579,35.002477,0 135.778564,35.002026,0 135.778539,35.002018,0 135.778567,35.001788,0 135.778585,35.001636,0 135.778594,35.001452,0 135.778635,35.000964,0 135.778646,35.000872,0 135.778648,35.000849,0 135.778652,35.000831,0 135.778718,35.000496,0 135.778729,35.000478,0 135.778761,35.000312,0 135.779194,35.000318,0 135.779497,35.000269,0 135.779461,35.000121,0 135.779506,35.000068,0 135.779494,34.999962,0 135.779827,34.999938,0 135.779880,34.999934,0 135.779905,34.999931,0 135.779944,34.999931,0 135.779962,34.999930,0 135.779960,34.999696,0 135.780038,34.999641,0 135.780123,34.999593,0 135.780123,34.999560,0 135.780119,34.999376,0 135.780705,34.999383,0 135.780794,34.999384,0 135.780984,34.999389,0 135.781013,34.999396,0 135.781139,34.999408,0 135.781232,34.999418,0 135.781393,34.999450,0 135.781411,34.999400,0 135.781522,34.999432,0 135.781537,34.999537,0 135.781667,34.999524,0 135.781678,34.999597,0 135.781678,34.999597,0</coordinates></LineString><LineString><tessellate>1</tessellate><coordinates>135.778325,35.002840,0 135.778543,35.002756,0 135.778325,35.002672,0</coordinates></LineString><LineString><tessellate>1</tessellate><coordinates>135.778712,35.001029,0 135.778651,35.000837,0 135.778511,35.000999,0</coordinates></LineString><LineString><tessellate>1</tessellate><coordinates>135.780064,34.999980,0 135.779961,34.999800,0 135.779860,34.999981,0</coordinates></LineString></MultiGeometry></Placemark>
<Placemark><name>d9·6 🚶 Ryōzen Kannon → Gion</name><styleUrl>#lb8636f7a3</styleUrl><description><![CDATA[caminando]]></description><MultiGeometry><LineString><tessellate>1</tessellate><coordinates>135.781678,34.999597,0 135.781678,34.999597,0 135.781667,34.999524,0 135.781537,34.999537,0 135.781522,34.999432,0 135.781411,34.999400,0 135.781393,34.999450,0 135.781232,34.999418,0 135.781139,34.999408,0 135.781013,34.999396,0 135.780984,34.999389,0 135.780794,34.999384,0 135.780705,34.999383,0 135.780119,34.999376,0 135.780123,34.999560,0 135.780123,34.999593,0 135.780038,34.999641,0 135.779960,34.999696,0 135.779962,34.999930,0 135.779944,34.999931,0 135.779905,34.999931,0 135.779880,34.999934,0 135.779827,34.999938,0 135.779494,34.999962,0 135.779506,35.000068,0 135.779461,35.000121,0 135.779497,35.000269,0 135.779194,35.000318,0 135.778761,35.000312,0 135.778729,35.000478,0 135.778718,35.000496,0 135.778652,35.000831,0 135.778648,35.000849,0 135.778646,35.000872,0 135.778108,35.000876,0 135.777679,35.000884,0 135.777658,35.000889,0 135.777653,35.000927,0 135.777553,35.001876,0 135.777535,35.002019,0 135.777517,35.002097,0 135.777509,35.002123,0 135.777402,35.002412,0 135.777387,35.002460,0 135.777362,35.002596,0 135.777336,35.002658,0 135.777329,35.002671,0 135.777305,35.002715,0 135.777281,35.002755,0 135.777208,35.002982,0 135.777198,35.003138,0 135.777306,35.003508,0 135.777152,35.003527,0 135.777193,35.003749,0 135.777216,35.003792,0</coordinates></LineString><LineString><tessellate>1</tessellate><coordinates>135.779857,34.999610,0 135.779961,34.999789,0 135.780061,34.999608,0</coordinates></LineString><LineString><tessellate>1</tessellate><coordinates>135.778590,35.000624,0 135.778655,35.000815,0 135.778791,35.000651,0</coordinates></LineString><LineString><tessellate>1</tessellate><coordinates>135.777460,35.001797,0 135.777539,35.001985,0 135.777663,35.001815,0</coordinates></LineString></MultiGeometry></Placemark>
<Placemark><name>d9·7 🚌 09:10 Bus urbano de Kioto: Gion → Hakubutsukan-Sanjūsangendō-mae</name><styleUrl>#lff1fc38f6</styleUrl><description><![CDATA[SALE 09:10 de Gion → LLEGA a Hakubutsukan-Sanjūsangendō-mae · Bus urbano de Kioto — sentido hacia Kyoto-eki (6 tramos)]]></description><MultiGeometry><LineString><tessellate>1</tessellate><coordinates>135.777245,35.003782,0 135.777563,35.000853,0 135.778989,34.997117,0 135.778415,34.995385,0 135.774869,34.992619,0 135.744382,34.989177,0 135.772140,34.989219,0</coordinates></LineString><LineString><tessellate>1</tessellate><coordinates>135.779008,34.997501,0 135.778959,34.997196,0 135.778707,34.997423,0</coordinates></LineString><LineString><tessellate>1</tessellate><coordinates>135.774181,34.992410,0 135.773825,34.992501,0 135.774139,34.992668,0</coordinates></LineString><LineString><tessellate>1</tessellate><coordinates>135.766046,34.991492,0 135.765690,34.991583,0 135.766003,34.991749,0</coordinates></LineString><LineString><tessellate>1</tessellate><coordinates>135.757911,34.990573,0 135.757555,34.990664,0 135.757868,34.990831,0</coordinates></LineString><LineString><tessellate>1</tessellate><coordinates>135.749776,34.989655,0 135.749419,34.989746,0 135.749733,34.989913,0</coordinates></LineString><LineString><tessellate>1</tessellate><coordinates>135.747170,34.989311,0 135.747508,34.989182,0 135.747171,34.989051,0</coordinates></LineString><LineString><tessellate>1</tessellate><coordinates>135.755381,34.989324,0 135.755719,34.989194,0 135.755381,34.989064,0</coordinates></LineString><LineString><tessellate>1</tessellate><coordinates>135.763592,34.989336,0 135.763930,34.989207,0 135.763592,34.989076,0</coordinates></LineString></MultiGeometry></Placemark>
<Placemark><name>d9·8 🚶 Hakubutsukan-Sanjūsangendō-mae → Gion</name><styleUrl>#lb8636f7a3</styleUrl><description><![CDATA[caminando]]></description><MultiGeometry><LineString><tessellate>1</tessellate><coordinates>135.772140,34.989222,0 135.772386,34.989212,0 135.772497,34.989208,0 135.774228,34.989139,0 135.774288,34.989149,0 135.774359,34.989202,0 135.774385,34.989259,0 135.774430,34.989658,0 135.774509,34.990340,0 135.774625,34.991152,0 135.774637,34.991271,0 135.774647,34.991356,0 135.774666,34.991526,0 135.774718,34.991974,0 135.774781,34.992522,0 135.774786,34.992631,0 135.774786,34.992664,0 135.774786,34.992699,0 135.774787,34.992720,0 135.774795,34.992728,0 135.775400,34.993551,0 135.775653,34.993890,0 135.775625,34.994026,0 135.775652,34.994075,0 135.775678,34.994126,0 135.775714,34.994205,0 135.775734,34.994257,0 135.775748,34.994289,0 135.775777,34.994369,0 135.775791,34.994406,0 135.775892,34.994391,0 135.775921,34.994389,0 135.775924,34.994406,0 135.776045,34.994409,0 135.776193,34.994603,0 135.776215,34.994621,0 135.776240,34.994683,0 135.776240,34.994708,0 135.776229,34.994750,0 135.776236,34.994770,0 135.776247,34.994795,0 135.776255,34.994836,0 135.776260,34.994850,0 135.776288,34.994855,0 135.776298,34.994875,0 135.776334,34.995032,0 135.776409,34.995322,0 135.776437,34.995459,0 135.776449,34.995538,0 135.776456,34.995567,0 135.776557,34.995970,0 135.776628,34.996305,0 135.776656,34.996440,0 135.776776,34.996952,0 135.776788,34.997003,0 135.776847,34.997249,0 135.776853,34.997272,0 135.776915,34.997573,0 135.776923,34.997613,0 135.776927,34.997637,0 135.776933,34.997664,0 135.776941,34.997714,0 135.777029,34.998234,0 135.777102,34.998639,0 135.777110,34.998689,0 135.777114,34.998711,0 135.777118,34.998731,0 135.777216,34.999273,0 135.777242,34.999417,0 135.777253,34.999477,0 135.777254,34.999488,0 135.777320,34.999856,0 135.777391,35.000255,0 135.777406,35.000333,0 135.777443,35.000537,0 135.777451,35.000715,0 135.777463,35.000791,0 135.777468,35.000808,0 135.777480,35.000848,0 135.777491,35.000883,0 135.777501,35.000918,0 135.777441,35.001443,0 135.777389,35.001871,0 135.777374,35.002010,0 135.777368,35.002053,0 135.777364,35.002079,0 135.777276,35.002317,0 135.777244,35.002414,0 135.777193,35.002543,0 135.777128,35.002713,0 135.777005,35.003027,0 135.776969,35.003128,0 135.777033,35.003542,0 135.777152,35.003527,0 135.777193,35.003749,0 135.777216,35.003792,0</coordinates></LineString><LineString><tessellate>1</tessellate><coordinates>135.774372,34.990043,0 135.774494,34.990215,0 135.774575,34.990027,0</coordinates></LineString><LineString><tessellate>1</tessellate><coordinates>135.774812,34.992914,0 135.775013,34.993025,0 135.774987,34.992827,0</coordinates></LineString><LineString><tessellate>1</tessellate><coordinates>135.776292,34.995257,0 135.776429,34.995420,0 135.776493,34.995229,0</coordinates></LineString><LineString><tessellate>1</tessellate><coordinates>135.776899,34.998085,0 135.777032,34.998251,0 135.777101,34.998060,0</coordinates></LineString><LineString><tessellate>1</tessellate><coordinates>135.777400,35.000908,0 135.777481,35.001096,0 135.777603,35.000924,0</coordinates></LineString></MultiGeometry></Placemark>
<Placemark><name>d9·9 🚶 Gion → Sanjūsangen-dō</name><styleUrl>#lb8636f7a3</styleUrl><description><![CDATA[caminando]]></description><MultiGeometry><LineString><tessellate>1</tessellate><coordinates>135.777216,35.003792,0 135.777193,35.003749,0 135.777152,35.003527,0 135.777033,35.003542,0 135.776969,35.003128,0 135.777005,35.003027,0 135.777128,35.002713,0 135.777193,35.002543,0 135.777244,35.002414,0 135.777276,35.002317,0 135.777364,35.002079,0 135.777368,35.002053,0 135.777374,35.002010,0 135.777389,35.001871,0 135.777441,35.001443,0 135.777501,35.000918,0 135.777491,35.000883,0 135.777480,35.000848,0 135.777468,35.000808,0 135.777463,35.000791,0 135.777451,35.000715,0 135.777443,35.000537,0 135.777406,35.000333,0 135.777391,35.000255,0 135.777320,34.999856,0 135.777254,34.999488,0 135.777253,34.999477,0 135.777242,34.999417,0 135.777216,34.999273,0 135.777118,34.998731,0 135.777114,34.998711,0 135.777110,34.998689,0 135.777102,34.998639,0 135.777029,34.998234,0 135.776941,34.997714,0 135.776933,34.997664,0 135.776927,34.997637,0 135.776923,34.997613,0 135.776915,34.997573,0 135.776853,34.997272,0 135.776847,34.997249,0 135.776788,34.997003,0 135.776776,34.996952,0 135.776656,34.996440,0 135.776628,34.996305,0 135.776557,34.995970,0 135.776456,34.995567,0 135.776449,34.995538,0 135.776437,34.995459,0 135.776409,34.995322,0 135.776334,34.995032,0 135.776298,34.994875,0 135.776288,34.994855,0 135.776260,34.994850,0 135.776255,34.994836,0 135.776247,34.994795,0 135.776236,34.994770,0 135.776229,34.994750,0 135.776240,34.994708,0 135.776240,34.994683,0 135.776215,34.994621,0 135.776193,34.994603,0 135.776045,34.994409,0 135.775924,34.994406,0 135.775921,34.994389,0 135.775892,34.994391,0 135.775791,34.994406,0 135.775777,34.994369,0 135.775748,34.994289,0 135.775734,34.994257,0 135.775714,34.994205,0 135.775678,34.994126,0 135.775652,34.994075,0 135.775625,34.994026,0 135.775653,34.993890,0 135.775400,34.993551,0 135.774795,34.992728,0 135.774787,34.992720,0 135.774786,34.992699,0 135.774786,34.992664,0 135.774786,34.992631,0 135.774781,34.992522,0 135.774718,34.991974,0 135.774666,34.991526,0 135.774647,34.991356,0 135.774637,34.991271,0 135.774625,34.991152,0 135.774509,34.990340,0 135.774430,34.989658,0 135.774385,34.989259,0 135.774359,34.989202,0 135.774288,34.989149,0 135.774228,34.989139,0 135.772497,34.989208,0 135.772494,34.989153,0 135.772490,34.989093,0 135.772487,34.989051,0 135.772417,34.989053,0 135.772408,34.988919,0 135.772386,34.988909,0 135.772383,34.988869,0 135.772382,34.988853,0 135.772381,34.988836,0 135.772402,34.988823,0 135.772343,34.987845,0 135.772331,34.987845,0 135.772264,34.987846,0 135.772196,34.987848,0 135.772189,34.987848,0 135.771936,34.987853,0 135.771928,34.987853,0 135.771928,34.987853,0</coordinates></LineString><LineString><tessellate>1</tessellate><coordinates>135.777634,35.001003,0 135.777481,35.000850,0 135.777437,35.001046,0</coordinates></LineString><LineString><tessellate>1</tessellate><coordinates>135.777080,34.997926,0 135.776949,34.997759,0 135.776878,34.997949,0</coordinates></LineString><LineString><tessellate>1</tessellate><coordinates>135.776293,34.994904,0 135.776239,34.994710,0 135.776094,34.994869,0</coordinates></LineString><LineString><tessellate>1</tessellate><coordinates>135.774853,34.992256,0 135.774731,34.992085,0 135.774650,34.992272,0</coordinates></LineString><LineString><tessellate>1</tessellate><coordinates>135.774329,34.989051,0 135.774116,34.989143,0 135.774339,34.989219,0</coordinates></LineString></MultiGeometry></Placemark>
<Placemark><name>d9·10 🚶 Sanjūsangen-dō → Hakubutsukan-Sanjūsangendō-mae ⇒ hotel</name><styleUrl>#lb8636f7a3</styleUrl><description><![CDATA[caminando · rumbo del plan: hotel]]></description><LineString><tessellate>1</tessellate><coordinates>135.771928,34.987853,0 135.771936,34.987853,0 135.772189,34.987848,0 135.772196,34.987848,0 135.772264,34.987846,0 135.772331,34.987845,0 135.772343,34.987845,0 135.772402,34.988823,0 135.772381,34.988836,0 135.772382,34.988853,0 135.772383,34.988869,0 135.772386,34.988909,0 135.772408,34.988919,0 135.772417,34.989053,0 135.772373,34.989055,0 135.772377,34.989098,0 135.772381,34.989158,0 135.772386,34.989212,0 135.772140,34.989222,0</coordinates></LineString></Placemark>
<Placemark><name>d9·11 🚌 10:30 Bus urbano de Kioto: Hakubutsukan-Sanjūsangendō-mae → Kyoto-eki-mae ⇒ hotel</name><styleUrl>#lff1fc38f6</styleUrl><description><![CDATA[SALE 10:30 de Hakubutsukan-Sanjūsangendō-mae → LLEGA a Kyoto-eki-mae · Bus urbano de Kioto — sentido Kyoto-eki (2 tramos) · rumbo del plan: hotel]]></description><MultiGeometry><LineString><tessellate>1</tessellate><coordinates>135.772140,34.989219,0 135.768406,34.989371,0 135.758767,34.985849,0</coordinates></LineString><LineString><tessellate>1</tessellate><coordinates>135.767845,34.989024,0 135.767472,34.989030,0 135.767717,34.989262,0</coordinates></LineString><LineString><tessellate>1</tessellate><coordinates>135.763492,34.987433,0 135.763119,34.987439,0 135.763364,34.987671,0</coordinates></LineString></MultiGeometry></Placemark>
<Placemark><name>d9·12 🚇 12:15 Metro Karasuma (Kioto): Kyoto → Gojō ⇒ hotel</name><styleUrl>#lff4499006</styleUrl><description><![CDATA[SALE 12:15 de Kyoto → LLEGA a Gojō · Metro Karasuma (Kioto) — sentido Kokusaikaikan (1 tramos) · rumbo del plan: hotel]]></description><MultiGeometry><LineString><tessellate>1</tessellate><coordinates>135.758767,34.985849,0 135.759718,34.995434,0</coordinates></LineString><LineString><tessellate>1</tessellate><coordinates>135.759058,34.990374,0 135.759242,34.990642,0 135.759372,34.990353,0</coordinates></LineString></MultiGeometry></Placemark>
</Folder>
<Folder><name>sáb 10 · Arashiyama</name>
<Placemark><name>1. 05:00 · Bosque de bambú (d10)</name><styleUrl>#p1</styleUrl><description><![CDATA[Hora del plan: 05:00. ⏰ SIGUIENTE PUNTO ESTRICTO del día: 05:00 — Desayuno konbini (reserva/transporte: NO se puede llegar tarde).]]></description><Point><coordinates>135.671301,35.016819,0</coordinates></Point></Placemark>
<Placemark><name>2. 06:35 · Bosque de bambú (d10)</name><styleUrl>#p2</styleUrl><description><![CDATA[Hora del plan: 06:35. ⏰ SIGUIENTE PUNTO ESTRICTO del día: 08:30 — Tenryu-ji (reserva/transporte: NO se puede llegar tarde).]]></description><Point><coordinates>135.671301,35.016819,0</coordinates></Point></Placemark>
<Placemark><name>3. 07:20 · Puente Togetsukyō (d10)</name><styleUrl>#p3</styleUrl><description><![CDATA[Hora del plan: 07:20. ⏰ SIGUIENTE PUNTO ESTRICTO del día: 08:30 — Tenryu-ji (reserva/transporte: NO se puede llegar tarde).]]></description><Point><coordinates>135.677775,35.012877,0</coordinates></Point></Placemark>
<Placemark><name>4. 08:30 · Tenryū-ji (d10)</name><styleUrl>#p4</styleUrl><description><![CDATA[Hora del plan: 08:30. ⏰ SIGUIENTE PUNTO ESTRICTO del día: 08:30 — Tenryu-ji (reserva/transporte: NO se puede llegar tarde).]]></description><Point><coordinates>135.673765,35.015838,0</coordinates></Point></Placemark>
<Placemark><name>5. 10:15 · Puente Togetsukyō (d10)</name><styleUrl>#p5</styleUrl><description><![CDATA[Hora del plan: 10:15. ⏰ SIGUIENTE PUNTO ESTRICTO del día: 17:30 — punto fijo (reserva/transporte: NO se puede llegar tarde).]]></description><Point><coordinates>135.677775,35.012877,0</coordinates></Point></Placemark>
<Placemark><name>6. 10:30 · Monte de los monos (Iwatayama) (d10)</name><styleUrl>#p6</styleUrl><description><![CDATA[Hora del plan: 10:30. ⏰ SIGUIENTE PUNTO ESTRICTO del día: 17:30 — punto fijo (reserva/transporte: NO se puede llegar tarde).]]></description><Point><coordinates>135.676625,35.011395,0</coordinates></Point></Placemark>
<Placemark><name>7. 12:10 · Otagi Nenbutsu-ji (d10)</name><styleUrl>#p7</styleUrl><description><![CDATA[Hora del plan: 12:10. ⏰ SIGUIENTE PUNTO ESTRICTO del día: 17:30 — punto fijo (reserva/transporte: NO se puede llegar tarde).]]></description><Point><coordinates>135.661555,35.031143,0</coordinates></Point></Placemark>
<Placemark><name>8. 17:30 · Bosque Kimono (d10)</name><styleUrl>#p8</styleUrl><description><![CDATA[Hora del plan: 17:30. ⏰ SIGUIENTE PUNTO ESTRICTO del día: 17:30 — punto fijo (reserva/transporte: NO se puede llegar tarde).]]></description><Point><coordinates>135.678370,35.015268,0</coordinates></Point></Placemark>
<Placemark><name>d10·1 🚇 05:45 Metro Karasuma (Kioto): Gojō → Shijō ⇒ Bosque de bambú</name><styleUrl>#lff4499006</styleUrl><description><![CDATA[SALE 05:45 de Gojō → LLEGA a Shijō · Metro Karasuma (Kioto) — sentido Kokusaikaikan (1 tramos) · rumbo del plan: Bosque de bambú]]></description><MultiGeometry><LineString><tessellate>1</tessellate><coordinates>135.759718,34.995434,0 135.759718,35.002408,0</coordinates></LineString><LineString><tessellate>1</tessellate><coordinates>135.759560,34.998642,0 135.759718,34.998921,0 135.759875,34.998642,0</coordinates></LineString></MultiGeometry></Placemark>
<Placemark><name>d10·2 🚶 Shijō → Karasuma ⇒ Bosque de bambú</name><styleUrl>#lb8636f7a3</styleUrl><description><![CDATA[caminando · rumbo del plan: Bosque de bambú]]></description><LineString><tessellate>1</tessellate><coordinates>135.759718,35.002414,0 135.759727,35.002414,0 135.759778,35.002415,0 135.759801,35.002415,0 135.759801,35.002460,0 135.759798,35.002492,0 135.759805,35.002524,0 135.759805,35.002646,0 135.759801,35.003247,0 135.759800,35.003456,0 135.759802,35.003517,0 135.759831,35.003550,0 135.759879,35.003576,0 135.759947,35.003581,0 135.759946,35.003659,0 135.760590,35.003662,0</coordinates></LineString></Placemark>
<Placemark><name>d10·3 🚇 05:52 Hankyu (Senri / Kyoto / Arashiyama): Karasuma → Katsura ⇒ Bosque de bambú</name><styleUrl>#lff1700806</styleUrl><description><![CDATA[SALE 05:52 de Karasuma → LLEGA a Katsura · Hankyu (Senri / Kyoto / Arashiyama) — sentido Osaka-Umeda (4 tramos) · rumbo del plan: Bosque de bambú]]></description><MultiGeometry><LineString><tessellate>1</tessellate><coordinates>135.760590,35.003674,0 135.748545,35.003636,0 135.732817,35.003600,0 135.718476,34.992356,0 135.703255,34.979412,0</coordinates></LineString><LineString><tessellate>1</tessellate><coordinates>135.753215,35.003521,0 135.752876,35.003650,0 135.753214,35.003781,0</coordinates></LineString><LineString><tessellate>1</tessellate><coordinates>135.745501,35.003499,0 135.745163,35.003628,0 135.745500,35.003759,0</coordinates></LineString><LineString><tessellate>1</tessellate><coordinates>135.737788,35.003481,0 135.737450,35.003610,0 135.737787,35.003741,0</coordinates></LineString><LineString><tessellate>1</tessellate><coordinates>135.730938,35.001947,0 135.730584,35.001849,0 135.730721,35.002135,0</coordinates></LineString><LineString><tessellate>1</tessellate><coordinates>135.725347,34.997563,0 135.724993,34.997466,0 135.725130,34.997752,0</coordinates></LineString><LineString><tessellate>1</tessellate><coordinates>135.719756,34.993180,0 135.719403,34.993082,0 135.719539,34.993368,0</coordinates></LineString><LineString><tessellate>1</tessellate><coordinates>135.714344,34.988655,0 135.713996,34.988546,0 135.714118,34.988836,0</coordinates></LineString><LineString><tessellate>1</tessellate><coordinates>135.708974,34.984089,0 135.708626,34.983979,0 135.708748,34.984270,0</coordinates></LineString></MultiGeometry></Placemark>
<Placemark><name>d10·4 🚇 06:00 Hankyu (Senri / Kyoto / Arashiyama): Katsura → Arashiyama ⇒ Bosque de bambú</name><styleUrl>#lff1700806</styleUrl><description><![CDATA[SALE 06:00 de Katsura → LLEGA a Arashiyama · Hankyu (Senri / Kyoto / Arashiyama) — sentido Arashiyama (3 tramos) · rumbo del plan: Bosque de bambú]]></description><MultiGeometry><LineString><tessellate>1</tessellate><coordinates>135.703255,34.979412,0 135.695849,34.990528,0 135.688058,35.000557,0 135.677713,35.015220,0</coordinates></LineString><LineString><tessellate>1</tessellate><coordinates>135.700247,34.983658,0 135.700222,34.983965,0 135.700523,34.983783,0</coordinates></LineString><LineString><tessellate>1</tessellate><coordinates>135.697213,34.988211,0 135.697188,34.988518,0 135.697489,34.988336,0</coordinates></LineString><LineString><tessellate>1</tessellate><coordinates>135.694001,34.992666,0 135.693951,34.992970,0 135.694266,34.992806,0</coordinates></LineString><LineString><tessellate>1</tessellate><coordinates>135.690603,34.997040,0 135.690554,34.997345,0 135.690869,34.997180,0</coordinates></LineString><LineString><tessellate>1</tessellate><coordinates>135.687251,35.001443,0 135.687217,35.001749,0 135.687523,35.001574,0</coordinates></LineString><LineString><tessellate>1</tessellate><coordinates>135.684082,35.005933,0 135.684049,35.006240,0 135.684355,35.006064,0</coordinates></LineString><LineString><tessellate>1</tessellate><coordinates>135.680914,35.010423,0 135.680881,35.010730,0 135.681187,35.010554,0</coordinates></LineString></MultiGeometry></Placemark>
<Placemark><name>d10·5 🚶 Arashiyama → Bosque de bambú</name><styleUrl>#lb8636f7a3</styleUrl><description><![CDATA[caminando]]></description><MultiGeometry><LineString><tessellate>1</tessellate><coordinates>135.677719,35.015207,0 135.677573,35.015165,0 135.677433,35.015128,0 135.677183,35.015906,0 135.677168,35.015956,0 135.677119,35.015946,0 135.677068,35.015937,0 135.677061,35.015960,0 135.677037,35.015956,0 135.677014,35.015952,0 135.677007,35.015951,0 135.676993,35.015949,0 135.676976,35.015946,0 135.676958,35.015943,0 135.676950,35.015943,0 135.676820,35.015931,0 135.676700,35.015918,0 135.676562,35.015904,0 135.676558,35.015904,0 135.676551,35.015903,0 135.676545,35.015903,0 135.676508,35.015899,0 135.676471,35.015896,0 135.676389,35.015892,0 135.675967,35.015882,0 135.675712,35.015876,0 135.675527,35.015871,0 135.675519,35.015871,0 135.675186,35.015880,0 135.675058,35.015883,0 135.674712,35.015892,0 135.674684,35.015893,0 135.674666,35.015894,0 135.674661,35.015894,0 135.674503,35.015900,0 135.674495,35.015901,0 135.674159,35.015914,0 135.674083,35.015917,0 135.674076,35.015917,0 135.674038,35.015920,0 135.674033,35.015920,0 135.674031,35.015806,0 135.674032,35.015771,0 135.674032,35.015767,0 135.674032,35.015751,0 135.673916,35.015708,0 135.673911,35.015477,0 135.673911,35.015463,0 135.673880,35.015463,0 135.673569,35.015463,0 135.673578,35.015784,0 135.673607,35.015815,0 135.673610,35.015852,0 135.673411,35.015858,0 135.673387,35.015888,0 135.673398,35.015920,0 135.673401,35.015965,0 135.673377,35.015976,0 135.673375,35.015977,0 135.673359,35.015985,0 135.673342,35.015992,0 135.673137,35.016056,0 135.673078,35.016079,0 135.673034,35.016138,0 135.673018,35.016181,0 135.673000,35.016228,0 135.672816,35.016219,0 135.672799,35.016218,0 135.672756,35.016241,0 135.672718,35.016395,0 135.672674,35.016417,0 135.672668,35.016420,0 135.672654,35.016411,0 135.672629,35.016426,0 135.672580,35.016439,0 135.672528,35.016505,0 135.672519,35.016582,0 135.672515,35.016595,0 135.672461,35.016737,0 135.672427,35.016788,0 135.672332,35.016961,0 135.672260,35.017044,0 135.672212,35.017152,0 135.672201,35.017148,0 135.672193,35.017145,0 135.672190,35.017152,0 135.672200,35.017182,0 135.672145,35.017290,0 135.672083,35.017263,0 135.672061,35.017252,0 135.672039,35.017240,0 135.672017,35.017225,0 135.671996,35.017208,0 135.671974,35.017188,0 135.671708,35.016897,0 135.671685,35.016874,0 135.671661,35.016856,0 135.671631,35.016840,0 135.671598,35.016826,0 135.671561,35.016816,0 135.671527,35.016811,0 135.671494,35.016810,0 135.671467,35.016811,0 135.671350,35.016826,0 135.671325,35.016826,0 135.671300,35.016823,0</coordinates></LineString><LineString><tessellate>1</tessellate><coordinates>135.676333,35.015807,0 135.676111,35.015885,0 135.676327,35.015975,0</coordinates></LineString><LineString><tessellate>1</tessellate><coordinates>135.674022,35.015875,0 135.673916,35.015696,0 135.673818,35.015878,0</coordinates></LineString><LineString><tessellate>1</tessellate><coordinates>135.672664,35.016193,0 135.672720,35.016387,0 135.672864,35.016227,0</coordinates></LineString></MultiGeometry></Placemark>
<Placemark><name>d10·6 🚶 Bosque de bambú → Puente Togetsukyō</name><styleUrl>#lb8636f7a3</styleUrl><description><![CDATA[caminando]]></description><MultiGeometry><LineString><tessellate>1</tessellate><coordinates>135.671300,35.016823,0 135.671325,35.016826,0 135.671350,35.016826,0 135.671467,35.016811,0 135.671494,35.016810,0 135.671527,35.016811,0 135.671561,35.016816,0 135.671598,35.016826,0 135.671631,35.016840,0 135.671661,35.016856,0 135.671685,35.016874,0 135.671708,35.016897,0 135.671974,35.017188,0 135.671996,35.017208,0 135.672017,35.017225,0 135.672039,35.017240,0 135.672061,35.017252,0 135.672083,35.017263,0 135.672145,35.017290,0 135.672200,35.017182,0 135.672190,35.017152,0 135.672193,35.017145,0 135.672201,35.017148,0 135.672212,35.017152,0 135.672260,35.017044,0 135.672332,35.016961,0 135.672427,35.016788,0 135.672461,35.016737,0 135.672515,35.016595,0 135.672519,35.016582,0 135.672528,35.016505,0 135.672580,35.016439,0 135.672629,35.016426,0 135.672654,35.016411,0 135.672668,35.016420,0 135.672674,35.016417,0 135.672718,35.016395,0 135.672756,35.016241,0 135.672799,35.016218,0 135.672816,35.016219,0 135.673000,35.016228,0 135.673018,35.016181,0 135.673034,35.016138,0 135.673078,35.016079,0 135.673137,35.016056,0 135.673342,35.015992,0 135.673359,35.015985,0 135.673375,35.015977,0 135.673377,35.015976,0 135.673401,35.015965,0 135.673398,35.015920,0 135.673387,35.015888,0 135.673411,35.015858,0 135.673610,35.015852,0 135.673607,35.015815,0 135.673578,35.015784,0 135.673569,35.015463,0 135.673880,35.015463,0 135.673911,35.015463,0 135.673911,35.015477,0 135.673916,35.015708,0 135.674032,35.015751,0 135.674032,35.015767,0 135.674032,35.015771,0 135.674031,35.015806,0 135.674033,35.015920,0 135.674038,35.015920,0 135.674076,35.015917,0 135.674083,35.015917,0 135.674159,35.015914,0 135.674495,35.015901,0 135.674503,35.015900,0 135.674661,35.015894,0 135.674666,35.015894,0 135.674684,35.015893,0 135.674712,35.015892,0 135.675058,35.015883,0 135.675186,35.015880,0 135.675519,35.015871,0 135.675527,35.015871,0 135.675712,35.015876,0 135.675967,35.015882,0 135.676389,35.015892,0 135.676471,35.015896,0 135.676508,35.015899,0 135.676545,35.015903,0 135.676551,35.015903,0 135.676558,35.015904,0 135.676562,35.015904,0 135.676700,35.015918,0 135.676820,35.015931,0 135.676950,35.015943,0 135.676958,35.015943,0 135.676976,35.015946,0 135.676993,35.015949,0 135.677007,35.015951,0 135.677014,35.015952,0 135.677037,35.015956,0 135.677061,35.015960,0 135.677068,35.015937,0 135.677118,35.015744,0 135.677136,35.015684,0 135.677180,35.015538,0 135.677195,35.015493,0 135.677206,35.015458,0 135.677194,35.015413,0 135.677199,35.015389,0 135.677241,35.015271,0 135.677265,35.015246,0 135.677283,35.015229,0 135.677346,35.015029,0 135.677466,35.014661,0 135.677567,35.014372,0 135.677557,35.014361,0 135.677566,35.014332,0 135.677578,35.014299,0 135.677600,35.014287,0 135.677760,35.013769,0 135.677783,35.013688,0 135.677779,35.013670,0 135.677757,35.013657,0 135.677764,35.013623,0 135.677775,35.013592,0 135.677789,35.013591,0 135.677804,35.013576,0 135.677849,35.013576,0 135.677847,35.013555,0 135.677763,35.012878,0</coordinates></LineString><LineString><tessellate>1</tessellate><coordinates>135.673043,35.016287,0 135.673070,35.016089,0 135.672869,35.016199,0</coordinates></LineString><LineString><tessellate>1</tessellate><coordinates>135.674703,35.015976,0 135.674918,35.015887,0 135.674696,35.015808,0</coordinates></LineString><LineString><tessellate>1</tessellate><coordinates>135.677206,35.015443,0 135.677262,35.015249,0 135.677046,35.015338,0</coordinates></LineString></MultiGeometry></Placemark>
<Placemark><name>d10·7 🚶 Puente Togetsukyō → Tenryū-ji</name><styleUrl>#lb8636f7a3</styleUrl><description><![CDATA[caminando]]></description><MultiGeometry><LineString><tessellate>1</tessellate><coordinates>135.677763,35.012878,0 135.677847,35.013555,0 135.677849,35.013576,0 135.677804,35.013576,0 135.677789,35.013591,0 135.677775,35.013592,0 135.677764,35.013623,0 135.677757,35.013657,0 135.677779,35.013670,0 135.677783,35.013688,0 135.677760,35.013769,0 135.677600,35.014287,0 135.677578,35.014299,0 135.677566,35.014332,0 135.677557,35.014361,0 135.677567,35.014372,0 135.677466,35.014661,0 135.677346,35.015029,0 135.677283,35.015229,0 135.677265,35.015246,0 135.677241,35.015271,0 135.677199,35.015389,0 135.677194,35.015413,0 135.677206,35.015458,0 135.677195,35.015493,0 135.677180,35.015538,0 135.677136,35.015684,0 135.677118,35.015744,0 135.677068,35.015937,0 135.677061,35.015960,0 135.677037,35.015956,0 135.677014,35.015952,0 135.677007,35.015951,0 135.676993,35.015949,0 135.676976,35.015946,0 135.676958,35.015943,0 135.676950,35.015943,0 135.676820,35.015931,0 135.676700,35.015918,0 135.676562,35.015904,0 135.676558,35.015904,0 135.676551,35.015903,0 135.676545,35.015903,0 135.676508,35.015899,0 135.676471,35.015896,0 135.676389,35.015892,0 135.675967,35.015882,0 135.675712,35.015876,0 135.675527,35.015871,0 135.675519,35.015871,0 135.675186,35.015880,0 135.675058,35.015883,0 135.674712,35.015892,0 135.674684,35.015893,0 135.674666,35.015894,0 135.674661,35.015894,0 135.674503,35.015900,0 135.674495,35.015901,0 135.674159,35.015914,0 135.674083,35.015917,0 135.674076,35.015917,0 135.674038,35.015920,0 135.674033,35.015920,0 135.674031,35.015806,0 135.674032,35.015771,0 135.674032,35.015767,0 135.674032,35.015751,0 135.673916,35.015708,0 135.673911,35.015477,0 135.673591,35.015483,0 135.673600,35.015799,0 135.673657,35.015798,0 135.673658,35.015840,0</coordinates></LineString><LineString><tessellate>1</tessellate><coordinates>135.677293,35.014864,0 135.677336,35.015060,0 135.677490,35.014906,0</coordinates></LineString><LineString><tessellate>1</tessellate><coordinates>135.675622,35.015784,0 135.675407,35.015874,0 135.675629,35.015952,0</coordinates></LineString></MultiGeometry></Placemark>
<Placemark><name>d10·8 🚶 Tenryū-ji → Puente Togetsukyō</name><styleUrl>#lb8636f7a3</styleUrl><description><![CDATA[caminando]]></description><MultiGeometry><LineString><tessellate>1</tessellate><coordinates>135.673658,35.015840,0 135.673657,35.015798,0 135.673600,35.015799,0 135.673591,35.015483,0 135.673911,35.015477,0 135.673916,35.015708,0 135.674032,35.015751,0 135.674032,35.015767,0 135.674032,35.015771,0 135.674031,35.015806,0 135.674033,35.015920,0 135.674038,35.015920,0 135.674076,35.015917,0 135.674083,35.015917,0 135.674159,35.015914,0 135.674495,35.015901,0 135.674503,35.015900,0 135.674661,35.015894,0 135.674666,35.015894,0 135.674684,35.015893,0 135.674712,35.015892,0 135.675058,35.015883,0 135.675186,35.015880,0 135.675519,35.015871,0 135.675527,35.015871,0 135.675712,35.015876,0 135.675967,35.015882,0 135.676389,35.015892,0 135.676471,35.015896,0 135.676508,35.015899,0 135.676545,35.015903,0 135.676551,35.015903,0 135.676558,35.015904,0 135.676562,35.015904,0 135.676700,35.015918,0 135.676820,35.015931,0 135.676950,35.015943,0 135.676958,35.015943,0 135.676976,35.015946,0 135.676993,35.015949,0 135.677007,35.015951,0 135.677014,35.015952,0 135.677037,35.015956,0 135.677061,35.015960,0 135.677068,35.015937,0 135.677118,35.015744,0 135.677136,35.015684,0 135.677180,35.015538,0 135.677195,35.015493,0 135.677206,35.015458,0 135.677194,35.015413,0 135.677199,35.015389,0 135.677241,35.015271,0 135.677265,35.015246,0 135.677283,35.015229,0 135.677346,35.015029,0 135.677466,35.014661,0 135.677567,35.014372,0 135.677557,35.014361,0 135.677566,35.014332,0 135.677578,35.014299,0 135.677600,35.014287,0 135.677760,35.013769,0 135.677783,35.013688,0 135.677779,35.013670,0 135.677757,35.013657,0 135.677764,35.013623,0 135.677775,35.013592,0 135.677789,35.013591,0 135.677804,35.013576,0 135.677849,35.013576,0 135.677847,35.013555,0 135.677763,35.012878,0</coordinates></LineString><LineString><tessellate>1</tessellate><coordinates>135.675192,35.015964,0 135.675407,35.015874,0 135.675185,35.015796,0</coordinates></LineString><LineString><tessellate>1</tessellate><coordinates>135.677380,35.015255,0 135.677336,35.015060,0 135.677183,35.015213,0</coordinates></LineString></MultiGeometry></Placemark>
<Placemark><name>d10·9 🚶 Puente Togetsukyō → Monte de los monos (Iwatayama)</name><styleUrl>#lb8636f7a3</styleUrl><description><![CDATA[caminando]]></description><MultiGeometry><LineString><tessellate>1</tessellate><coordinates>135.677763,35.012878,0 135.677678,35.012187,0 135.677662,35.012100,0 135.677610,35.012108,0 135.677518,35.011855,0 135.677465,35.011721,0 135.677411,35.011593,0 135.677406,35.011559,0 135.677341,35.011394,0 135.677320,35.011359,0 135.677299,35.011343,0 135.677211,35.011422,0 135.677078,35.011477,0 135.676945,35.011530,0 135.676858,35.011560,0 135.676852,35.011562,0 135.676696,35.011526,0 135.676643,35.011509,0 135.676584,35.011481,0 135.676622,35.011425,0 135.676622,35.011425,0</coordinates></LineString><LineString><tessellate>1</tessellate><coordinates>135.677647,35.011909,0 135.677482,35.011764,0 135.677453,35.011961,0</coordinates></LineString></MultiGeometry></Placemark>
<Placemark><name>d10·10 🚶 Monte de los monos (Iwatayama) → Arashiyama Tenryūji-mae ⇒ Otagi Nenbutsu-ji</name><styleUrl>#lb8636f7a3</styleUrl><description><![CDATA[caminando · rumbo del plan: Otagi Nenbutsu-ji]]></description><MultiGeometry><LineString><tessellate>1</tessellate><coordinates>135.676622,35.011425,0 135.676584,35.011481,0 135.676643,35.011509,0 135.676696,35.011526,0 135.676852,35.011562,0 135.676858,35.011560,0 135.676945,35.011530,0 135.677078,35.011477,0 135.677211,35.011422,0 135.677299,35.011343,0 135.677320,35.011359,0 135.677341,35.011394,0 135.677406,35.011559,0 135.677411,35.011593,0 135.677465,35.011721,0 135.677518,35.011855,0 135.677610,35.012108,0 135.677629,35.012182,0 135.677802,35.013555,0 135.677804,35.013576,0 135.677789,35.013591,0 135.677775,35.013592,0 135.677764,35.013623,0 135.677757,35.013657,0 135.677779,35.013670,0 135.677783,35.013688,0 135.677760,35.013769,0 135.677600,35.014287,0 135.677578,35.014299,0 135.677566,35.014332,0 135.677557,35.014361,0 135.677567,35.014372,0 135.677466,35.014661,0 135.677346,35.015029,0 135.677283,35.015229,0 135.677265,35.015246,0 135.677241,35.015271,0 135.677199,35.015389,0 135.677194,35.015413,0 135.677206,35.015458,0 135.677195,35.015493,0 135.677180,35.015538,0 135.677136,35.015684,0 135.677118,35.015744,0 135.677068,35.015937,0 135.677061,35.015960,0 135.677037,35.015956,0 135.677014,35.015952,0 135.677007,35.015951,0 135.676993,35.015949,0 135.676976,35.015946,0 135.676958,35.015943,0 135.676950,35.015943,0 135.676820,35.015931,0 135.676700,35.015918,0 135.676562,35.015904,0 135.676558,35.015904,0 135.676551,35.015903,0 135.676545,35.015903,0 135.676508,35.015899,0 135.676471,35.015896,0 135.676389,35.015892,0 135.675967,35.015882,0 135.675712,35.015876,0 135.675527,35.015871,0 135.675519,35.015871,0 135.675186,35.015880,0 135.675058,35.015883,0 135.674712,35.015892,0 135.674684,35.015893,0 135.674666,35.015894,0 135.674661,35.015894,0 135.674503,35.015900,0 135.674495,35.015901,0 135.674159,35.015914,0 135.674083,35.015917,0 135.674076,35.015917,0 135.674038,35.015920,0 135.674033,35.015920,0 135.674031,35.015806,0 135.674032,35.015771,0 135.674032,35.015767,0 135.674032,35.015751,0 135.673916,35.015708,0 135.673911,35.015477,0 135.673591,35.015483,0 135.673600,35.015799,0 135.673657,35.015798,0 135.673658,35.015840,0</coordinates></LineString><LineString><tessellate>1</tessellate><coordinates>135.677590,35.012688,0 135.677714,35.012858,0 135.677793,35.012670,0</coordinates></LineString><LineString><tessellate>1</tessellate><coordinates>135.677289,35.014875,0 135.677333,35.015071,0 135.677487,35.014917,0</coordinates></LineString><LineString><tessellate>1</tessellate><coordinates>135.675615,35.015784,0 135.675400,35.015874,0 135.675622,35.015952,0</coordinates></LineString></MultiGeometry></Placemark>
<Placemark><name>d10·11 🚌 11:50 Bus urbano de Kioto: Arashiyama Tenryūji-mae → Otagidera-mae ⇒ Otagi Nenbutsu-ji</name><styleUrl>#lff1fc38f6</styleUrl><description><![CDATA[SALE 11:50 de Arashiyama Tenryūji-mae → LLEGA a Otagidera-mae · Bus urbano de Kioto — sentido hacia Daikakuji / Kiyotaki (1 tramos) · rumbo del plan: Otagi Nenbutsu-ji]]></description><MultiGeometry><LineString><tessellate>1</tessellate><coordinates>135.673765,35.015838,0 135.661555,35.031143,0</coordinates></LineString><LineString><tessellate>1</tessellate><coordinates>135.670767,35.019360,0 135.670713,35.019664,0 135.671030,35.019503,0</coordinates></LineString><LineString><tessellate>1</tessellate><coordinates>135.667714,35.023186,0 135.667660,35.023490,0 135.667977,35.023329,0</coordinates></LineString><LineString><tessellate>1</tessellate><coordinates>135.664661,35.027012,0 135.664607,35.027317,0 135.664925,35.027155,0</coordinates></LineString></MultiGeometry></Placemark>
<Placemark><name>d10·12 🚶 Otagi Nenbutsu-ji → Bosque Kimono</name><styleUrl>#lb8636f7a3</styleUrl><description><![CDATA[caminando]]></description><MultiGeometry><LineString><tessellate>1</tessellate><coordinates>135.661555,35.031143,0 135.661575,35.031148,0 135.661656,35.031173,0 135.661649,35.031193,0 135.661645,35.031214,0 135.661624,35.031315,0 135.661857,35.030962,0 135.661880,35.030921,0 135.661909,35.030848,0 135.661943,35.030679,0 135.661977,35.030506,0 135.662051,35.030181,0 135.662132,35.029972,0 135.662157,35.029903,0 135.662274,35.029681,0 135.662313,35.029602,0 135.662354,35.029471,0 135.662395,35.029238,0 135.662445,35.028988,0 135.662492,35.028805,0 135.662531,35.028714,0 135.662589,35.028630,0 135.662628,35.028573,0 135.662685,35.028517,0 135.662772,35.028446,0 135.662884,35.028375,0 135.662998,35.028324,0 135.663121,35.028278,0 135.663227,35.028254,0 135.663338,35.028233,0 135.663463,35.028218,0 135.663507,35.028213,0 135.663601,35.028203,0 135.663755,35.028204,0 135.663953,35.028224,0 135.664296,35.028255,0 135.664477,35.028267,0 135.664647,35.028273,0 135.664760,35.028269,0 135.664873,35.028258,0 135.665009,35.028237,0 135.665098,35.028221,0 135.665163,35.028203,0 135.665207,35.028191,0 135.665279,35.028167,0 135.665364,35.028138,0 135.665484,35.028088,0 135.665571,35.028043,0 135.665638,35.028002,0 135.665680,35.027975,0 135.665759,35.027922,0 135.665842,35.027853,0 135.665975,35.027719,0 135.666019,35.027665,0 135.666211,35.027399,0 135.666303,35.027299,0 135.666405,35.027212,0 135.666502,35.027143,0 135.666609,35.027083,0 135.666977,35.026919,0 135.667275,35.026856,0 135.667409,35.026828,0 135.668061,35.026757,0 135.668921,35.026696,0 135.669003,35.026689,0 135.669098,35.026680,0 135.669844,35.026601,0 135.670718,35.026531,0 135.671009,35.026488,0 135.671117,35.026109,0 135.671242,35.025597,0 135.671360,35.025597,0 135.671424,35.025597,0 135.671789,35.025610,0 135.672076,35.025619,0 135.672262,35.025630,0 135.672545,35.025643,0 135.672785,35.025653,0 135.672968,35.025243,0 135.673026,35.025080,0 135.673056,35.024963,0 135.673051,35.024770,0 135.673070,35.024621,0 135.673077,35.024594,0 135.673089,35.024559,0 135.673096,35.024540,0 135.673334,35.023958,0 135.673395,35.023799,0 135.673475,35.023587,0 135.673530,35.023441,0 135.673635,35.023164,0 135.673663,35.023171,0 135.673681,35.023176,0 135.673714,35.023184,0 135.673725,35.023187,0 135.673744,35.023192,0 135.673907,35.023234,0 135.674040,35.023268,0 135.674166,35.023247,0 135.674366,35.023296,0 135.674380,35.023258,0 135.674517,35.023098,0 135.674633,35.022961,0 135.674681,35.022905,0 135.674742,35.022833,0 135.674745,35.022830,0 135.674788,35.022720,0 135.674798,35.022694,0 135.674803,35.022680,0 135.674819,35.022638,0 135.674853,35.022543,0 135.674879,35.022550,0 135.675118,35.021907,0 135.675315,35.021359,0 135.675481,35.020939,0 135.675535,35.020808,0 135.675727,35.020368,0 135.675982,35.019853,0 135.676049,35.019838,0 135.676069,35.019770,0 135.676086,35.019708,0 135.676090,35.019649,0 135.675926,35.019445,0 135.675949,35.019312,0 135.676056,35.019041,0 135.676069,35.019007,0 135.676166,35.018774,0 135.676182,35.018731,0 135.676294,35.018466,0 135.676446,35.018061,0 135.676501,35.017919,0 135.676613,35.017618,0 135.676570,35.017608,0 135.676665,35.017303,0 135.676722,35.017122,0 135.676774,35.016939,0 135.676965,35.016272,0 135.677012,35.016121,0 135.677044,35.016014,0 135.677061,35.015960,0 135.677068,35.015937,0 135.677119,35.015946,0 135.677168,35.015956,0 135.677183,35.015906,0 135.677433,35.015128,0 135.677447,35.015087,0 135.677588,35.015124,0 135.677839,35.015193,0 135.677855,35.015148,0 135.677871,35.015107,0 135.677891,35.015113,0 135.678173,35.015193,0 135.678221,35.015209,0 135.678267,35.015225,0 135.678327,35.015253,0 135.678365,35.015244,0 135.678384,35.015250,0 135.678387,35.015252,0</coordinates></LineString><LineString><tessellate>1</tessellate><coordinates>135.663710,35.028284,0 135.663940,35.028223,0 135.663735,35.028117,0</coordinates></LineString><LineString><tessellate>1</tessellate><coordinates>135.668297,35.026825,0 135.668506,35.026725,0 135.668279,35.026657,0</coordinates></LineString><LineString><tessellate>1</tessellate><coordinates>135.672827,35.025803,0 135.672807,35.025605,0 135.672635,35.025745,0</coordinates></LineString><LineString><tessellate>1</tessellate><coordinates>135.675003,35.022504,0 135.674969,35.022307,0 135.674808,35.022455,0</coordinates></LineString><LineString><tessellate>1</tessellate><coordinates>135.676399,35.018472,0 135.676366,35.018275,0 135.676204,35.018422,0</coordinates></LineString></MultiGeometry></Placemark>
<Placemark><name>d10·13 🚇 18:00 Randen (tranvía de Arashiyama): Arashiyama → Shijō-Ōmiya ⇒ hotel</name><styleUrl>#lff9933666</styleUrl><description><![CDATA[SALE 18:00 de Arashiyama → LLEGA a Shijō-Ōmiya · Randen (tranvía de Arashiyama) — sentido Shijō-Ōmiya (12 tramos) · ruta escénica · rumbo del plan: hotel]]></description><MultiGeometry><LineString><tessellate>1</tessellate><coordinates>135.677713,35.015220,0 135.681372,35.016464,0 135.685660,35.016959,0 135.689113,35.016715,0 135.694783,35.015162,0 135.700181,35.015190,0 135.708259,35.013491,0 135.713000,35.011953,0 135.715196,35.010213,0 135.723370,35.008303,0 135.732129,35.008046,0 135.732817,35.003600,0 135.748610,35.003344,0</coordinates></LineString><LineString><tessellate>1</tessellate><coordinates>135.685725,35.017085,0 135.686048,35.016931,0 135.685698,35.016826,0</coordinates></LineString><LineString><tessellate>1</tessellate><coordinates>135.694158,35.015471,0 135.694429,35.015259,0 135.694058,35.015224,0</coordinates></LineString><LineString><tessellate>1</tessellate><coordinates>135.702708,35.014793,0 135.702997,35.014598,0 135.702631,35.014541,0</coordinates></LineString><LineString><tessellate>1</tessellate><coordinates>135.711024,35.012734,0 135.711280,35.012511,0 135.710908,35.012492,0</coordinates></LineString><LineString><tessellate>1</tessellate><coordinates>135.718555,35.009564,0 135.718837,35.009362,0 135.718469,35.009313,0</coordinates></LineString><LineString><tessellate>1</tessellate><coordinates>135.727001,35.008327,0 135.727333,35.008187,0 135.726990,35.008067,0</coordinates></LineString><LineString><tessellate>1</tessellate><coordinates>135.732734,35.005166,0 135.732620,35.004873,0 135.732421,35.005133,0</coordinates></LineString><LineString><tessellate>1</tessellate><coordinates>135.739601,35.003620,0 135.739935,35.003485,0 135.739595,35.003360,0</coordinates></LineString></MultiGeometry></Placemark>
<Placemark><name>d10·14 🚇 18:30 Hankyu (Senri / Kyoto / Arashiyama): Ōmiya → Karasuma ⇒ hotel</name><styleUrl>#lff1700806</styleUrl><description><![CDATA[SALE 18:30 de Ōmiya → LLEGA a Karasuma · Hankyu (Senri / Kyoto / Arashiyama) — sentido Kyoto-Kawaramachi (1 tramos) · rumbo del plan: hotel]]></description><MultiGeometry><LineString><tessellate>1</tessellate><coordinates>135.748545,35.003636,0 135.760590,35.003674,0</coordinates></LineString><LineString><tessellate>1</tessellate><coordinates>135.754229,35.003784,0 135.754567,35.003655,0 135.754230,35.003524,0</coordinates></LineString></MultiGeometry></Placemark>
</Folder>
<Folder><name>dom 11 · Kioto oeste</name>
<Placemark><name>1. 05:00 · Fushimi Inari (d11)</name><styleUrl>#p1</styleUrl><description><![CDATA[Hora del plan: 05:00. ⏰ SIGUIENTE PUNTO ESTRICTO del día: 05:00 — Desayuno konbini (reserva/transporte: NO se puede llegar tarde).]]></description><Point><coordinates>135.779188,34.967695,0</coordinates></Point></Placemark>
<Placemark><name>2. 06:15 · Fushimi Inari (d11)</name><styleUrl>#p2</styleUrl><description><![CDATA[Hora del plan: 06:15. ⏰ SIGUIENTE PUNTO ESTRICTO del día: 06:15 — Fushimi Inari (reserva/transporte: NO se puede llegar tarde).]]></description><Point><coordinates>135.779188,34.967695,0</coordinates></Point></Placemark>
<Placemark><name>3. 10:45 · Pabellón Dorado (Kinkaku-ji) (d11)</name><styleUrl>#p3</styleUrl><description><![CDATA[Hora del plan: 10:45. ⏰ SIGUIENTE PUNTO ESTRICTO del día: 14:00 — Castillo de Nijo (reserva/transporte: NO se puede llegar tarde).]]></description><Point><coordinates>135.729243,35.039370,0</coordinates></Point></Placemark>
<Placemark><name>4. 14:00 · Castillo de Nijo (d11)</name><styleUrl>#p4</styleUrl><description><![CDATA[Hora del plan: 14:00. ⏰ SIGUIENTE PUNTO ESTRICTO del día: 14:00 — Castillo de Nijo (reserva/transporte: NO se puede llegar tarde).]]></description><Point><coordinates>135.748426,35.014038,0</coordinates></Point></Placemark>
<Placemark><name>5. 16:00 · Palacio Imperial de Kioto (d11)</name><styleUrl>#p5</styleUrl><description><![CDATA[Hora del plan: 16:00. Sin más puntos estrictos hoy después de esta parada.]]></description><Point><coordinates>135.762144,35.024098,0</coordinates></Point></Placemark>
<Placemark><name>d11·1 🚇 05:55 Metro Karasuma (Kioto): Gojō → Kyoto ⇒ Fushimi Inari</name><styleUrl>#lff4499006</styleUrl><description><![CDATA[SALE 05:55 de Gojō → LLEGA a Kyoto · Metro Karasuma (Kioto) — sentido Takeda (1 tramos) · rumbo del plan: Fushimi Inari]]></description><MultiGeometry><LineString><tessellate>1</tessellate><coordinates>135.759718,34.995434,0 135.758767,34.985849,0</coordinates></LineString><LineString><tessellate>1</tessellate><coordinates>135.759427,34.990909,0 135.759242,34.990642,0 135.759113,34.990930,0</coordinates></LineString></MultiGeometry></Placemark>
<Placemark><name>d11·2 🚇 06:03 JR Nara Line: Kyoto → Inari ⇒ Fushimi Inari</name><styleUrl>#lff2b4a7a6</styleUrl><description><![CDATA[SALE 06:03 de Kyoto → LLEGA a Inari · JR Nara Line — sentido Nara (solo el LOCAL para en Inari) (2 tramos) · rumbo del plan: Fushimi Inari]]></description><MultiGeometry><LineString><tessellate>1</tessellate><coordinates>135.758767,34.985849,0 135.769927,34.981365,0 135.770850,34.966807,0</coordinates></LineString><LineString><tessellate>1</tessellate><coordinates>135.763941,34.983915,0 135.764176,34.983676,0 135.763803,34.983681,0</coordinates></LineString><LineString><tessellate>1</tessellate><coordinates>135.769350,34.981742,0 135.769585,34.981503,0 135.769212,34.981508,0</coordinates></LineString><LineString><tessellate>1</tessellate><coordinates>135.770361,34.977007,0 135.770221,34.976722,0 135.770046,34.976993,0</coordinates></LineString><LineString><tessellate>1</tessellate><coordinates>135.770675,34.972050,0 135.770535,34.971764,0 135.770360,34.972036,0</coordinates></LineString></MultiGeometry></Placemark>
<Placemark><name>d11·3 🚶 Inari → Fushimi Inari</name><styleUrl>#lb8636f7a3</styleUrl><description><![CDATA[caminando]]></description><MultiGeometry><LineString><tessellate>1</tessellate><coordinates>135.770947,34.966807,0 135.770947,34.966853,0 135.770945,34.967047,0 135.771036,34.967044,0 135.771868,34.967080,0 135.771982,34.967088,0 135.772272,34.967105,0 135.772469,34.967122,0 135.772455,34.967285,0 135.772452,34.967325,0 135.772484,34.967326,0 135.772614,34.967329,0 135.772649,34.967348,0 135.772920,34.967407,0 135.773105,34.967436,0 135.773128,34.967436,0 135.773189,34.967437,0 135.773322,34.967439,0 135.773351,34.967440,0 135.773500,34.967443,0 135.773608,34.967443,0 135.773623,34.967443,0 135.773640,34.967443,0 135.773684,34.967443,0 135.773695,34.967444,0 135.773736,34.967444,0 135.773780,34.967519,0 135.773801,34.967555,0 135.773803,34.967595,0 135.773983,34.967610,0 135.774091,34.967621,0 135.774197,34.967631,0 135.774253,34.967637,0 135.774290,34.967638,0 135.774334,34.967634,0 135.774423,34.967619,0 135.774490,34.967603,0 135.774630,34.967541,0 135.774755,34.967657,0 135.774872,34.967750,0 135.775007,34.967837,0 135.775175,34.967824,0 135.775267,34.967816,0 135.775540,34.967874,0 135.775618,34.967895,0 135.775861,34.967973,0 135.775969,34.967986,0 135.776163,34.967926,0 135.776229,34.967931,0 135.776316,34.967946,0 135.776382,34.967968,0 135.776615,34.968045,0 135.776962,34.968012,0 135.777160,34.968108,0 135.777226,34.968118,0 135.777279,34.968109,0 135.777752,34.968036,0 135.777901,34.967980,0 135.777960,34.967984,0 135.778067,34.968041,0 135.778125,34.968058,0 135.778193,34.968103,0 135.778215,34.968129,0 135.778309,34.968110,0 135.778319,34.968051,0 135.778381,34.967966,0 135.778522,34.967931,0 135.778665,34.967855,0 135.778719,34.967799,0 135.778764,34.967721,0 135.778788,34.967650,0 135.778816,34.967637,0 135.778944,34.967637,0 135.778973,34.967620,0 135.778990,34.967596,0 135.778990,34.967596,0</coordinates></LineString><LineString><tessellate>1</tessellate><coordinates>135.772504,34.967403,0 135.772741,34.967368,0 135.772556,34.967241,0</coordinates></LineString><LineString><tessellate>1</tessellate><coordinates>135.774613,34.967661,0 135.774842,34.967726,0 135.774755,34.967540,0</coordinates></LineString><LineString><tessellate>1</tessellate><coordinates>135.776827,34.968044,0 135.777067,34.968063,0 135.776930,34.967899,0</coordinates></LineString></MultiGeometry></Placemark>
<Placemark><name>d11·4 🚶 Fushimi Inari → Kyoto-eki-mae ⇒ Pabellón Dorado (Kinkaku-ji)</name><styleUrl>#lb8636f7a3</styleUrl><description><![CDATA[caminando · rumbo del plan: Pabellón Dorado (Kinkaku-ji)]]></description><MultiGeometry><LineString><tessellate>1</tessellate><coordinates>135.778990,34.967596,0 135.778990,34.967596,0 135.778973,34.967620,0 135.778944,34.967637,0 135.778816,34.967637,0 135.778788,34.967650,0 135.778764,34.967721,0 135.778719,34.967799,0 135.778665,34.967855,0 135.778522,34.967931,0 135.778381,34.967966,0 135.778319,34.968051,0 135.778309,34.968110,0 135.778215,34.968129,0 135.778193,34.968103,0 135.778125,34.968058,0 135.778067,34.968041,0 135.777960,34.967984,0 135.777901,34.967980,0 135.777752,34.968036,0 135.777279,34.968109,0 135.777226,34.968118,0 135.777160,34.968108,0 135.776962,34.968012,0 135.776615,34.968045,0 135.776382,34.967968,0 135.776316,34.967946,0 135.776229,34.967931,0 135.776163,34.967926,0 135.775969,34.967986,0 135.775861,34.967973,0 135.775618,34.967895,0 135.775540,34.967874,0 135.775267,34.967816,0 135.775175,34.967824,0 135.775007,34.967837,0 135.774872,34.967750,0 135.774755,34.967657,0 135.774630,34.967541,0 135.774490,34.967603,0 135.774423,34.967619,0 135.774334,34.967634,0 135.774290,34.967638,0 135.774253,34.967637,0 135.774197,34.967631,0 135.774091,34.967621,0 135.773983,34.967610,0 135.773803,34.967595,0 135.773801,34.967555,0 135.773780,34.967519,0 135.773736,34.967444,0 135.773695,34.967444,0 135.773684,34.967443,0 135.773640,34.967443,0 135.773623,34.967443,0 135.773608,34.967443,0 135.773500,34.967443,0 135.773351,34.967440,0 135.773322,34.967439,0 135.773189,34.967437,0 135.773128,34.967436,0 135.773105,34.967436,0 135.772920,34.967407,0 135.772649,34.967348,0 135.772618,34.967372,0 135.772446,34.967368,0 135.772250,34.967587,0 135.772091,34.967732,0 135.772027,34.967760,0 135.771982,34.967797,0 135.771741,34.967815,0 135.771300,34.967898,0 135.771009,34.967924,0 135.770968,34.967882,0 135.770946,34.967880,0 135.770893,34.967874,0 135.770490,34.967866,0 135.770442,34.967868,0 135.770398,34.967869,0 135.770350,34.967871,0 135.770147,34.967917,0 135.770138,34.967919,0 135.770132,34.967964,0 135.770138,34.968009,0 135.770148,34.968153,0 135.770110,34.968570,0 135.770073,34.968972,0 135.770027,34.969574,0 135.769990,34.970020,0 135.769990,34.970080,0 135.769986,34.970174,0 135.769977,34.970331,0 135.769945,34.970870,0 135.769917,34.971181,0 135.769904,34.971302,0 135.769870,34.971471,0 135.769844,34.971587,0 135.769841,34.971606,0 135.769815,34.971675,0 135.769793,34.971760,0 135.769766,34.971868,0 135.769742,34.971928,0 135.769655,34.972072,0 135.769601,34.972179,0 135.769576,34.972229,0 135.769498,34.972347,0 135.769406,34.972474,0 135.769363,34.972534,0 135.769202,34.972726,0 135.769053,34.972879,0 135.768934,34.972949,0 135.768779,34.973011,0 135.768570,34.973013,0 135.768544,34.972880,0 135.768458,34.972880,0 135.768386,34.972880,0 135.768340,34.972960,0 135.768305,34.972993,0 135.768248,34.972957,0 135.768225,34.972942,0 135.768154,34.972986,0 135.767948,34.972988,0 135.767886,34.972989,0 135.767759,34.972992,0 135.767707,34.972993,0 135.767697,34.972995,0 135.767653,34.973006,0 135.767596,34.973005,0 135.767510,34.973006,0 135.767403,34.973007,0 135.767280,34.973009,0 135.767147,34.973082,0 135.765676,34.973107,0 135.765608,34.973108,0 135.765531,34.973113,0 135.765400,34.973119,0 135.765320,34.973124,0 135.764307,34.973146,0 135.764111,34.973147,0 135.764009,34.973147,0 135.764009,34.973194,0 135.764010,34.973273,0 135.764011,34.973314,0 135.763909,34.973357,0 135.763860,34.973420,0 135.763854,34.973496,0 135.763863,34.973684,0 135.763880,34.974010,0 135.763884,34.974217,0 135.763895,34.974406,0 135.763911,34.974512,0 135.763922,34.974720,0 135.763914,34.974760,0 135.763938,34.975148,0 135.763985,34.975927,0 135.763895,34.975930,0 135.763798,34.975933,0 135.763801,34.975986,0 135.763757,34.976022,0 135.763745,34.976026,0 135.763745,34.976067,0 135.763745,34.976110,0 135.763723,34.976105,0 135.763357,34.976103,0 135.763306,34.976103,0 135.763283,34.976100,0 135.762855,34.976104,0 135.762802,34.976104,0 135.762742,34.976105,0 135.762406,34.976112,0 135.761981,34.976109,0 135.761910,34.976159,0 135.761927,34.976572,0 135.761932,34.976590,0 135.761952,34.977128,0 135.761952,34.977149,0 135.761957,34.977168,0 135.761967,34.977429,0 135.761961,34.977500,0 135.761952,34.977600,0 135.761921,34.977730,0 135.761913,34.977753,0 135.761906,34.977773,0 135.761896,34.977794,0 135.761812,34.977969,0 135.761803,34.977990,0 135.761787,34.978009,0 135.761682,34.978179,0 135.761600,34.978300,0 135.761579,34.978335,0 135.761553,34.978375,0 135.761498,34.978462,0 135.761451,34.978567,0 135.761396,34.978707,0 135.761359,34.978839,0 135.761333,34.978954,0 135.761320,34.979025,0 135.761302,34.979134,0 135.761282,34.979296,0 135.761311,34.979354,0 135.761449,34.979484,0 135.761441,34.979505,0 135.761441,34.979560,0 135.761441,34.979669,0 135.761441,34.979735,0 135.761228,34.979892,0 135.761195,34.980754,0 135.761180,34.981458,0 135.761182,34.981725,0 135.761184,34.981841,0 135.761187,34.981973,0 135.761188,34.982007,0 135.761207,34.982945,0 135.761208,34.983008,0 135.761208,34.983026,0 135.761208,34.983273,0 135.761129,34.983272,0 135.761037,34.983272,0 135.761046,34.983793,0 135.761021,34.983823,0 135.760446,34.983818,0 135.760444,34.983784,0 135.760268,34.983787,0 135.760269,34.983774,0 135.760246,34.983774,0 135.760199,34.983775,0 135.760203,34.983926,0 135.760203,34.983939,0 135.760204,34.984395,0 135.760198,34.984749,0 135.760205,34.984886,0 135.760205,34.984972,0 135.760198,34.985881,0 135.760196,34.986022,0 135.759984,34.986911,0 135.759957,34.987025,0 135.759775,34.987025,0 135.759684,34.987025,0 135.759547,34.987024,0 135.759441,34.987025,0 135.759420,34.987025,0 135.759420,34.987005,0 135.759219,34.987003,0 135.759220,34.986927,0 135.759221,34.986882,0 135.759225,34.986562,0 135.759227,34.986428,0 135.759228,34.986394,0 135.759230,34.986224,0 135.758907,34.986221,0 135.758777,34.986220,0 135.758761,34.986220,0</coordinates></LineString><LineString><tessellate>1</tessellate><coordinates>135.772719,34.967290,0 135.772497,34.967369,0 135.772713,34.967458,0</coordinates></LineString><LineString><tessellate>1</tessellate><coordinates>135.769731,34.971591,0 135.769787,34.971785,0 135.769931,34.971625,0</coordinates></LineString><LineString><tessellate>1</tessellate><coordinates>135.763770,34.973269,0 135.763857,34.973455,0 135.763973,34.973280,0</coordinates></LineString><LineString><tessellate>1</tessellate><coordinates>135.761855,34.977652,0 135.761869,34.977851,0 135.762044,34.977714,0</coordinates></LineString><LineString><tessellate>1</tessellate><coordinates>135.760937,34.983372,0 135.761042,34.983552,0 135.761141,34.983370,0</coordinates></LineString></MultiGeometry></Placemark>
<Placemark><name>d11·5 🚌 09:50 Bus urbano de Kioto: Kyoto-eki-mae → Kinkakuji-michi ⇒ Pabellón Dorado (Kinkaku-ji)</name><styleUrl>#lff1fc38f6</styleUrl><description><![CDATA[SALE 09:50 de Kyoto-eki-mae → LLEGA a Kinkakuji-michi · Bus urbano de Kioto — sentido por Nishiōji-dōri (5 tramos) · rumbo del plan: Pabellón Dorado (Kinkaku-ji)]]></description><MultiGeometry><LineString><tessellate>1</tessellate><coordinates>135.758767,34.985849,0 135.732479,34.989249,0 135.731987,35.003553,0 135.730723,35.018129,0 135.732107,35.035071,0 135.733327,35.038635,0</coordinates></LineString><LineString><tessellate>1</tessellate><coordinates>135.749555,34.986909,0 135.749246,34.987080,0 135.749604,34.987166,0</coordinates></LineString><LineString><tessellate>1</tessellate><coordinates>135.740035,34.988140,0 135.739725,34.988312,0 135.740084,34.988397,0</coordinates></LineString><LineString><tessellate>1</tessellate><coordinates>135.732266,34.990865,0 135.732413,34.991147,0 135.732581,34.990872,0</coordinates></LineString><LineString><tessellate>1</tessellate><coordinates>135.731992,34.998813,0 135.732140,34.999095,0 135.732308,34.998820,0</coordinates></LineString><LineString><tessellate>1</tessellate><coordinates>135.731552,35.006749,0 135.731685,35.007036,0 135.731866,35.006767,0</coordinates></LineString><LineString><tessellate>1</tessellate><coordinates>135.730864,35.014680,0 135.730997,35.014967,0 135.731179,35.014698,0</coordinates></LineString><LineString><tessellate>1</tessellate><coordinates>135.730933,35.022630,0 135.731113,35.022899,0 135.731247,35.022612,0</coordinates></LineString><LineString><tessellate>1</tessellate><coordinates>135.731581,35.030563,0 135.731761,35.030832,0 135.731895,35.030546,0</coordinates></LineString></MultiGeometry></Placemark>
<Placemark><name>d11·6 🚶 Kinkakuji-michi → Pabellón Dorado (Kinkaku-ji)</name><styleUrl>#lb8636f7a3</styleUrl><description><![CDATA[caminando]]></description><MultiGeometry><LineString><tessellate>1</tessellate><coordinates>135.733341,35.038632,0 135.733430,35.038914,0 135.733359,35.038930,0 135.733251,35.038954,0 135.733187,35.038969,0 135.733201,35.039024,0 135.733162,35.039043,0 135.732651,35.039105,0 135.732222,35.039159,0 135.732067,35.039176,0 135.732007,35.039183,0 135.731928,35.039139,0 135.731876,35.039145,0 135.731825,35.039151,0 135.731833,35.039250,0 135.731157,35.039188,0 135.730664,35.039133,0 135.730423,35.039106,0 135.730337,35.039077,0 135.730236,35.039057,0 135.730142,35.039051,0 135.730083,35.039056,0 135.730071,35.039058,0 135.729997,35.039068,0 135.729713,35.039105,0 135.729674,35.039109,0 135.729497,35.039125,0 135.729432,35.039130,0 135.729394,35.039192,0 135.729326,35.039196,0</coordinates></LineString><LineString><tessellate>1</tessellate><coordinates>135.731875,35.039169,0 135.731647,35.039233,0 135.731853,35.039336,0</coordinates></LineString></MultiGeometry></Placemark>
<Placemark><name>d11·7 🚶 Pabellón Dorado (Kinkaku-ji) → Kinkakuji-michi ⇒ Castillo de Nijo</name><styleUrl>#lb8636f7a3</styleUrl><description><![CDATA[caminando · rumbo del plan: Castillo de Nijo]]></description><MultiGeometry><LineString><tessellate>1</tessellate><coordinates>135.729326,35.039196,0 135.729394,35.039192,0 135.729432,35.039130,0 135.729497,35.039125,0 135.729674,35.039109,0 135.729713,35.039105,0 135.729997,35.039068,0 135.730071,35.039058,0 135.730083,35.039056,0 135.730142,35.039051,0 135.730236,35.039057,0 135.730337,35.039077,0 135.730423,35.039106,0 135.730664,35.039133,0 135.731157,35.039188,0 135.731833,35.039250,0 135.731825,35.039151,0 135.731876,35.039145,0 135.731928,35.039139,0 135.732007,35.039183,0 135.732067,35.039176,0 135.732222,35.039159,0 135.732651,35.039105,0 135.733162,35.039043,0 135.733201,35.039024,0 135.733187,35.038969,0 135.733251,35.038954,0 135.733359,35.038930,0 135.733430,35.038914,0 135.733341,35.038632,0</coordinates></LineString><LineString><tessellate>1</tessellate><coordinates>135.731418,35.039297,0 135.731647,35.039233,0 135.731440,35.039129,0</coordinates></LineString></MultiGeometry></Placemark>
<Placemark><name>d11·8 🚌 13:30 Bus urbano de Kioto: Kinkakuji-michi → Nijōjō-mae ⇒ Castillo de Nijo</name><styleUrl>#lff1fc38f6</styleUrl><description><![CDATA[SALE 13:30 de Kinkakuji-michi → LLEGA a Nijōjō-mae · Bus urbano de Kioto — sentido hacia Nijōjō (3 tramos) · rumbo del plan: Castillo de Nijo]]></description><MultiGeometry><LineString><tessellate>1</tessellate><coordinates>135.733327,35.038635,0 135.732107,35.035071,0 135.752107,35.017361,0 135.750471,35.011908,0</coordinates></LineString><LineString><tessellate>1</tessellate><coordinates>135.732889,35.034569,0 135.733004,35.034277,0 135.732659,35.034392,0</coordinates></LineString><LineString><tessellate>1</tessellate><coordinates>135.736847,35.031065,0 135.736962,35.030772,0 135.736616,35.030888,0</coordinates></LineString><LineString><tessellate>1</tessellate><coordinates>135.740805,35.027560,0 135.740920,35.027268,0 135.740574,35.027383,0</coordinates></LineString><LineString><tessellate>1</tessellate><coordinates>135.744762,35.024056,0 135.744877,35.023763,0 135.744531,35.023879,0</coordinates></LineString><LineString><tessellate>1</tessellate><coordinates>135.748720,35.020551,0 135.748835,35.020259,0 135.748489,35.020374,0</coordinates></LineString><LineString><tessellate>1</tessellate><coordinates>135.752100,35.016796,0 135.751866,35.016556,0 135.751794,35.016858,0</coordinates></LineString></MultiGeometry></Placemark>
<Placemark><name>d11·9 🚶 Nijōjō-mae → Castillo de Nijo</name><styleUrl>#lb8636f7a3</styleUrl><description><![CDATA[caminando]]></description><MultiGeometry><LineString><tessellate>1</tessellate><coordinates>135.750469,35.011874,0 135.750505,35.011873,0 135.750502,35.011780,0 135.750523,35.011779,0 135.751182,35.011750,0 135.751352,35.011743,0 135.751414,35.011748,0 135.751423,35.011767,0 135.751428,35.011838,0 135.751432,35.011939,0 135.751423,35.011946,0 135.751423,35.011982,0 135.751438,35.012148,0 135.751437,35.012208,0 135.751423,35.012248,0 135.751421,35.012260,0 135.751421,35.012398,0 135.751428,35.012617,0 135.751429,35.012629,0 135.751439,35.012658,0 135.751454,35.012692,0 135.751455,35.012699,0 135.751457,35.012726,0 135.751312,35.012727,0 135.751313,35.012768,0 135.751314,35.012867,0 135.751288,35.012867,0 135.751256,35.012868,0 135.751130,35.012870,0 135.751104,35.012870,0 135.751007,35.012872,0 135.750685,35.012879,0 135.750708,35.013143,0 135.750657,35.013143,0 135.750623,35.013144,0 135.750553,35.013145,0 135.750517,35.013107,0 135.750477,35.013065,0 135.750321,35.012901,0 135.749881,35.012903,0 135.749791,35.012904,0 135.749764,35.012971,0 135.749735,35.013005,0 135.749725,35.013031,0 135.749717,35.013050,0 135.749673,35.013112,0 135.749631,35.013153,0 135.749554,35.013216,0 135.749496,35.013353,0 135.749511,35.013489,0 135.749520,35.013683,0 135.749463,35.013724,0 135.749247,35.013745,0 135.749232,35.013760,0 135.749227,35.013774,0 135.749193,35.013871,0 135.749160,35.014021,0 135.749168,35.014073,0 135.749199,35.014121,0 135.749208,35.014171,0 135.749179,35.014173,0 135.749151,35.014167,0 135.749058,35.014128,0 135.748994,35.014090,0 135.748955,35.014057,0 135.748906,35.013999,0 135.748839,35.014000,0 135.748833,35.013912,0 135.748755,35.013915,0 135.748748,35.013915,0 135.748606,35.013918,0 135.748522,35.013919,0 135.748356,35.013926,0 135.748349,35.013927,0 135.748310,35.013974,0</coordinates></LineString><LineString><tessellate>1</tessellate><coordinates>135.751210,35.012642,0 135.751314,35.012821,0 135.751414,35.012640,0</coordinates></LineString><LineString><tessellate>1</tessellate><coordinates>135.749638,35.013029,0 135.749554,35.013216,0 135.749782,35.013148,0</coordinates></LineString></MultiGeometry></Placemark>
<Placemark><name>d11·10 🚶 Castillo de Nijo → Nijōjō-mae ⇒ Palacio Imperial de Kioto</name><styleUrl>#lb8636f7a3</styleUrl><description><![CDATA[caminando · rumbo del plan: Palacio Imperial de Kioto]]></description><MultiGeometry><LineString><tessellate>1</tessellate><coordinates>135.748310,35.013974,0 135.748349,35.013927,0 135.748356,35.013926,0 135.748522,35.013919,0 135.748606,35.013918,0 135.748748,35.013915,0 135.748755,35.013915,0 135.748833,35.013912,0 135.748839,35.014000,0 135.748906,35.013999,0 135.748955,35.014057,0 135.748994,35.014090,0 135.749058,35.014128,0 135.749151,35.014167,0 135.749179,35.014173,0 135.749208,35.014171,0 135.749199,35.014121,0 135.749168,35.014073,0 135.749160,35.014021,0 135.749193,35.013871,0 135.749227,35.013774,0 135.749232,35.013760,0 135.749247,35.013745,0 135.749463,35.013724,0 135.749520,35.013683,0 135.749511,35.013489,0 135.749496,35.013353,0 135.749554,35.013216,0 135.749631,35.013153,0 135.749673,35.013112,0 135.749717,35.013050,0 135.749725,35.013031,0 135.749735,35.013005,0 135.749764,35.012971,0 135.749791,35.012904,0 135.749881,35.012903,0 135.750321,35.012901,0 135.750477,35.013065,0 135.750517,35.013107,0 135.750553,35.013145,0 135.750623,35.013144,0 135.750657,35.013143,0 135.750708,35.013143,0 135.750685,35.012879,0 135.751007,35.012872,0 135.751104,35.012870,0 135.751130,35.012870,0 135.751256,35.012868,0 135.751288,35.012867,0 135.751314,35.012867,0 135.751313,35.012768,0 135.751312,35.012727,0 135.751457,35.012726,0 135.751455,35.012699,0 135.751454,35.012692,0 135.751439,35.012658,0 135.751429,35.012629,0 135.751428,35.012617,0 135.751421,35.012398,0 135.751421,35.012260,0 135.751423,35.012248,0 135.751437,35.012208,0 135.751438,35.012148,0 135.751423,35.011982,0 135.751423,35.011946,0 135.751432,35.011939,0 135.751428,35.011838,0 135.751423,35.011767,0 135.751414,35.011748,0 135.751352,35.011743,0 135.751182,35.011750,0 135.750523,35.011779,0 135.750502,35.011780,0 135.750505,35.011873,0 135.750469,35.011874,0</coordinates></LineString><LineString><tessellate>1</tessellate><coordinates>135.749471,35.013402,0 135.749554,35.013216,0 135.749327,35.013283,0</coordinates></LineString><LineString><tessellate>1</tessellate><coordinates>135.751417,35.013001,0 135.751314,35.012821,0 135.751213,35.013002,0</coordinates></LineString></MultiGeometry></Placemark>
<Placemark><name>d11·11 🚇 15:40 Metro Tōzai (Kioto): Nijōjō-mae → Higashiyama ⇒ Palacio Imperial de Kioto</name><styleUrl>#lff0c86c76</styleUrl><description><![CDATA[SALE 15:40 de Nijōjō-mae → LLEGA a Higashiyama · Metro Tōzai (Kioto) — sentido Rokujizō (4 tramos) · rumbo del plan: Palacio Imperial de Kioto]]></description><MultiGeometry><LineString><tessellate>1</tessellate><coordinates>135.750471,35.011908,0 135.759609,35.009992,0 135.769348,35.010926,0 135.773917,35.009259,0 135.779876,35.009426,0</coordinates></LineString><LineString><tessellate>1</tessellate><coordinates>135.756035,35.010876,0 135.756323,35.010681,0 135.755957,35.010624,0</coordinates></LineString><LineString><tessellate>1</tessellate><coordinates>135.761886,35.010341,0 135.762240,35.010244,0 135.761922,35.010083,0</coordinates></LineString><LineString><tessellate>1</tessellate><coordinates>135.767884,35.010917,0 135.768237,35.010820,0 135.767920,35.010659,0</coordinates></LineString><LineString><tessellate>1</tessellate><coordinates>135.773602,35.009516,0 135.773847,35.009284,0 135.773475,35.009278,0</coordinates></LineString></MultiGeometry></Placemark>
<Placemark><name>d11·12 🚶 Higashiyama → Palacio Imperial de Kioto</name><styleUrl>#lb8636f7a3</styleUrl><description><![CDATA[caminando]]></description><MultiGeometry><LineString><tessellate>1</tessellate><coordinates>135.779876,35.009429,0 135.779751,35.009443,0 135.779725,35.009364,0 135.779496,35.009389,0 135.779322,35.009398,0 135.779151,35.009405,0 135.779041,35.009407,0 135.778962,35.009407,0 135.778776,35.009405,0 135.778334,35.009397,0 135.778284,35.009397,0 135.778205,35.009333,0 135.778104,35.009339,0 135.778012,35.009345,0 135.777963,35.009385,0 135.777902,35.009397,0 135.777520,35.009399,0 135.777108,35.009388,0 135.776721,35.009381,0 135.776672,35.009380,0 135.776644,35.009380,0 135.776609,35.009379,0 135.776572,35.009378,0 135.776245,35.009369,0 135.776075,35.009357,0 135.775548,35.009324,0 135.775503,35.009320,0 135.775446,35.009317,0 135.775377,35.009312,0 135.775307,35.009307,0 135.774931,35.009282,0 135.774762,35.009273,0 135.774744,35.009272,0 135.774702,35.009268,0 135.774526,35.009253,0 135.774235,35.009229,0 135.773574,35.009168,0 135.773564,35.009219,0 135.773551,35.009287,0 135.773229,35.009244,0 135.773092,35.009250,0 135.772983,35.009242,0 135.772537,35.009210,0 135.772487,35.009218,0 135.772481,35.009257,0 135.772470,35.009723,0 135.772464,35.009948,0 135.772459,35.010159,0 135.772477,35.010173,0 135.772478,35.010205,0 135.772479,35.010245,0 135.772457,35.010274,0 135.772479,35.010786,0 135.772411,35.010787,0 135.772300,35.010789,0 135.772204,35.010791,0 135.772189,35.010817,0 135.772147,35.010841,0 135.772146,35.010899,0 135.772146,35.011019,0 135.772145,35.011073,0 135.772107,35.011073,0 135.771204,35.011079,0 135.771131,35.011097,0 135.771037,35.011146,0 135.770633,35.011150,0 135.770596,35.011217,0 135.770591,35.011522,0 135.770597,35.011820,0 135.770584,35.012227,0 135.770562,35.012380,0 135.770545,35.012472,0 135.770497,35.012592,0 135.770498,35.012766,0 135.770498,35.012774,0 135.770494,35.012892,0 135.770483,35.012955,0 135.770479,35.012990,0 135.770479,35.013016,0 135.770416,35.013016,0 135.770341,35.013017,0 135.770341,35.013051,0 135.770248,35.013120,0 135.770208,35.013134,0 135.770208,35.013194,0 135.770208,35.013235,0 135.769294,35.013255,0 135.769207,35.013262,0 135.769099,35.013355,0 135.769098,35.013396,0 135.769066,35.013763,0 135.769052,35.014146,0 135.769043,35.014424,0 135.769044,35.014508,0 135.769042,35.014591,0 135.769021,35.015452,0 135.768918,35.015454,0 135.768817,35.015456,0 135.768812,35.015546,0 135.768810,35.015614,0 135.768828,35.016515,0 135.768826,35.016570,0 135.768824,35.016591,0 135.768876,35.017282,0 135.768817,35.017339,0 135.768780,35.017376,0 135.768745,35.017402,0 135.768704,35.017415,0 135.768593,35.017412,0 135.768098,35.017381,0 135.767417,35.017348,0 135.767416,35.017427,0 135.767415,35.017516,0 135.767393,35.017515,0 135.767382,35.017517,0 135.767373,35.017523,0 135.767367,35.017530,0 135.767364,35.017540,0 135.767370,35.017748,0 135.767391,35.018870,0 135.767394,35.019189,0 135.767406,35.020045,0 135.767370,35.020046,0 135.767344,35.020043,0 135.767350,35.020238,0 135.767361,35.020418,0 135.767387,35.021104,0 135.767397,35.021321,0 135.767334,35.021330,0 135.767253,35.021345,0 135.767198,35.021352,0 135.767160,35.021402,0 135.767130,35.021414,0 135.767082,35.023214,0 135.767081,35.023262,0 135.766886,35.023265,0 135.766850,35.023265,0 135.766815,35.023266,0 135.766672,35.023269,0 135.766096,35.023288,0 135.764375,35.023360,0 135.763913,35.023372,0 135.763903,35.023637,0 135.763733,35.023637,0 135.763712,35.023638,0 135.763647,35.023638,0 135.763578,35.023638,0 135.763574,35.023638,0 135.762777,35.023638,0 135.762777,35.023870,0 135.762616,35.023868,0 135.762555,35.023868,0 135.762488,35.023868,0 135.762143,35.023868,0 135.762142,35.023987,0 135.762142,35.024006,0</coordinates></LineString><LineString><tessellate>1</tessellate><coordinates>135.774356,35.009156,0 135.774128,35.009219,0 135.774334,35.009323,0</coordinates></LineString><LineString><tessellate>1</tessellate><coordinates>135.770622,35.010968,0 135.770624,35.011167,0 135.770807,35.011037,0</coordinates></LineString><LineString><tessellate>1</tessellate><coordinates>135.768934,35.014821,0 135.769032,35.015003,0 135.769138,35.014825,0</coordinates></LineString><LineString><tessellate>1</tessellate><coordinates>135.767278,35.018287,0 135.767383,35.018466,0 135.767482,35.018284,0</coordinates></LineString><LineString><tessellate>1</tessellate><coordinates>135.766988,35.022925,0 135.767085,35.023107,0 135.767192,35.022929,0</coordinates></LineString></MultiGeometry></Placemark>
</Folder>
<Folder><name>lun 12 · → Tokio</name>
<Placemark><name>1. 17:00 · Mirador del Gobierno Metropolitano (d12)</name><styleUrl>#p1</styleUrl><description><![CDATA[Hora del plan: 17:00. Sin más puntos estrictos hoy después de esta parada.]]></description><Point><coordinates>139.691656,35.689733,0</coordinates></Point></Placemark>
<Placemark><name>2. 19:30 · Omoide Yokocho (d12)</name><styleUrl>#p2</styleUrl><description><![CDATA[Hora del plan: 19:30. Sin más puntos estrictos hoy después de esta parada.]]></description><Point><coordinates>139.699499,35.693100,0</coordinates></Point></Placemark>
<Placemark><name>d12·1 🚶 Hotel → Gojō ⇒ Mirador del Gobierno Metropolitano</name><styleUrl>#lb8636f7a3</styleUrl><description><![CDATA[caminando · rumbo del plan: Mirador del Gobierno Metropolitano]]></description><MultiGeometry><LineString><tessellate>1</tessellate><coordinates>135.759573,34.998308,0 135.759581,34.997724,0 135.759581,34.997680,0 135.759580,34.997651,0 135.759579,34.997630,0 135.759579,34.997598,0 135.759582,34.996486,0 135.759582,34.996427,0 135.759538,34.996416,0 135.759460,34.996420,0 135.759458,34.996384,0 135.759456,34.996326,0 135.759454,34.996265,0 135.759453,34.996240,0 135.759452,34.996224,0 135.759452,34.996200,0 135.759451,34.996164,0 135.759449,34.996113,0 135.759447,34.996042,0 135.759445,34.996000,0 135.759442,34.995985,0 135.759552,34.995895,0 135.759593,34.995895,0 135.759598,34.995508,0 135.759664,34.995507,0 135.759718,34.995507,0</coordinates></LineString><LineString><tessellate>1</tessellate><coordinates>135.759683,34.996955,0 135.759581,34.996775,0 135.759479,34.996955,0</coordinates></LineString></MultiGeometry></Placemark>
<Placemark><name>d12·2 🚇 09:45 Metro Karasuma (Kioto): Gojō → Kyoto ⇒ Mirador del Gobierno Metropolitano</name><styleUrl>#lff4499006</styleUrl><description><![CDATA[SALE 09:45 de Gojō → LLEGA a Kyoto · Metro Karasuma (Kioto) — sentido Takeda (1 tramos) · rumbo del plan: Mirador del Gobierno Metropolitano]]></description><MultiGeometry><LineString><tessellate>1</tessellate><coordinates>135.759718,34.995434,0 135.758767,34.985849,0</coordinates></LineString><LineString><tessellate>1</tessellate><coordinates>135.759427,34.990909,0 135.759242,34.990642,0 135.759113,34.990930,0</coordinates></LineString></MultiGeometry></Placemark>
<Placemark><name>d12·3 🚇 10:30 Shinkansen: Kyoto → Tokyo ⇒ Mirador del Gobierno Metropolitano</name><styleUrl>#lffa0501c6</styleUrl><description><![CDATA[SALE 10:30 de Kyoto → LLEGA a Tokyo · Shinkansen — sentido Tokyo (4 tramos) · ruta escénica · rumbo del plan: Mirador del Gobierno Metropolitano]]></description><MultiGeometry><LineString><tessellate>1</tessellate><coordinates>135.758767,34.985849,0 136.881537,35.170915,0 139.617555,35.507658,0 139.738760,35.628471,0 139.767066,35.681300,0</coordinates></LineString><LineString><tessellate>1</tessellate><coordinates>136.212173,35.060717,0 136.212536,35.060644,0 136.212235,35.060462,0</coordinates></LineString><LineString><tessellate>1</tessellate><coordinates>136.665942,35.135511,0 136.666305,35.135438,0 136.666004,35.135256,0</coordinates></LineString><LineString><tessellate>1</tessellate><coordinates>137.122302,35.200679,0 137.122660,35.200592,0 137.122348,35.200422,0</coordinates></LineString><LineString><tessellate>1</tessellate><coordinates>137.580990,35.257134,0 137.581348,35.257046,0 137.581036,35.256877,0</coordinates></LineString><LineString><tessellate>1</tessellate><coordinates>138.039677,35.313588,0 138.040036,35.313501,0 138.039724,35.313331,0</coordinates></LineString><LineString><tessellate>1</tessellate><coordinates>138.498365,35.370042,0 138.498724,35.369955,0 138.498412,35.369785,0</coordinates></LineString><LineString><tessellate>1</tessellate><coordinates>138.957053,35.426497,0 138.957413,35.426409,0 138.957100,35.426240,0</coordinates></LineString><LineString><tessellate>1</tessellate><coordinates>139.415741,35.482951,0 139.416101,35.482864,0 139.415788,35.482694,0</coordinates></LineString></MultiGeometry></Placemark>
<Placemark><name>d12·4 🚶 Tokyo → Tokyo ⇒ Mirador del Gobierno Metropolitano</name><styleUrl>#lb8636f7a3</styleUrl><description><![CDATA[caminando · rumbo del plan: Mirador del Gobierno Metropolitano]]></description><MultiGeometry><LineString><tessellate>1</tessellate><coordinates>139.767039,35.681307,0 139.766891,35.680902,0 139.766849,35.680789,0 139.766965,35.680763,0 139.766925,35.680655,0 139.767004,35.680553,0 139.767228,35.680261,0 139.767216,35.680228,0 139.767218,35.680130,0 139.766911,35.679447,0 139.766895,35.679413,0 139.766904,35.679384,0 139.766829,35.679250,0 139.766795,35.679239,0 139.766777,35.679244,0 139.766419,35.678500,0 139.766093,35.678121,0 139.765874,35.677734,0 139.765798,35.677612,0 139.765755,35.677539,0 139.765639,35.677563,0 139.765175,35.677655,0 139.764983,35.677695,0 139.764621,35.677767,0 139.764611,35.677765,0 139.764426,35.677803,0 139.764413,35.677767,0 139.764238,35.677805,0 139.764231,35.677801,0 139.764160,35.677816,0 139.764158,35.677811,0 139.764619,35.677713,0</coordinates></LineString><LineString><tessellate>1</tessellate><coordinates>139.767115,35.679657,0 139.766942,35.679516,0 139.766922,35.679715,0</coordinates></LineString><LineString><tessellate>1</tessellate><coordinates>139.766069,35.677879,0 139.765884,35.677751,0 139.765883,35.677950,0</coordinates></LineString></MultiGeometry></Placemark>
<Placemark><name>d12·5 🚇 12:45 JR Chūō Line (rápida): Tokyo → Shinjuku ⇒ Mirador del Gobierno Metropolitano</name><styleUrl>#lff225af16</styleUrl><description><![CDATA[SALE 12:45 de Tokyo → LLEGA a Shinjuku · JR Chūō Line (rápida) — sentido Nakano / Takao (4 tramos) · rumbo del plan: Mirador del Gobierno Metropolitano]]></description><MultiGeometry><LineString><tessellate>1</tessellate><coordinates>139.764615,35.677700,0 139.770698,35.694473,0 139.764440,35.699717,0 139.729482,35.686205,0 139.698762,35.688726,0</coordinates></LineString><LineString><tessellate>1</tessellate><coordinates>139.767522,35.686173,0 139.767771,35.686403,0 139.767827,35.686099,0</coordinates></LineString><LineString><tessellate>1</tessellate><coordinates>139.770259,35.694655,0 139.770134,35.694945,0 139.770486,35.694837,0</coordinates></LineString><LineString><tessellate>1</tessellate><coordinates>139.762152,35.698689,0 139.761776,35.698688,0 139.762017,35.698924,0</coordinates></LineString><LineString><tessellate>1</tessellate><coordinates>139.752117,35.694810,0 139.751741,35.694809,0 139.751981,35.695045,0</coordinates></LineString><LineString><tessellate>1</tessellate><coordinates>139.742082,35.690931,0 139.741706,35.690930,0 139.741946,35.691166,0</coordinates></LineString><LineString><tessellate>1</tessellate><coordinates>139.732046,35.687052,0 139.731670,35.687051,0 139.731910,35.687287,0</coordinates></LineString><LineString><tessellate>1</tessellate><coordinates>139.721171,35.686757,0 139.720847,35.686914,0 139.721202,35.687015,0</coordinates></LineString><LineString><tessellate>1</tessellate><coordinates>139.710128,35.687663,0 139.709805,35.687820,0 139.710160,35.687921,0</coordinates></LineString></MultiGeometry></Placemark>
<Placemark><name>d12·6 🚶 Shinjuku → Mirador del Gobierno Metropolitano</name><styleUrl>#lb8636f7a3</styleUrl><description><![CDATA[caminando]]></description><MultiGeometry><LineString><tessellate>1</tessellate><coordinates>139.698762,35.688726,0 139.698749,35.688820,0 139.698743,35.688873,0 139.698704,35.688896,0 139.698668,35.689128,0 139.698631,35.689353,0 139.698621,35.689430,0 139.698121,35.689414,0 139.697541,35.689389,0 139.697053,35.689367,0 139.696777,35.689357,0 139.696548,35.689344,0 139.696537,35.689444,0 139.696432,35.689440,0 139.696324,35.689437,0 139.696264,35.689397,0 139.696060,35.689389,0 139.695414,35.689363,0 139.695306,35.689438,0 139.695238,35.689428,0 139.695114,35.689409,0 139.695025,35.689395,0 139.694956,35.689332,0 139.694730,35.689295,0 139.693555,35.689102,0 139.692673,35.688957,0 139.692658,35.689030,0 139.692710,35.689038,0 139.692726,35.689036,0 139.692728,35.689024,0 139.692720,35.689017,0 139.692609,35.689001,0 139.692458,35.689620,0 139.692396,35.689609,0 139.692283,35.689592,0 139.692208,35.689581,0 139.692170,35.689747,0 139.692150,35.689829,0 139.692080,35.689777,0 139.691905,35.689647,0 139.691905,35.689647,0</coordinates></LineString><LineString><tessellate>1</tessellate><coordinates>139.696460,35.689201,0 139.696543,35.689388,0 139.696665,35.689216,0</coordinates></LineString><LineString><tessellate>1</tessellate><coordinates>139.693941,35.689080,0 139.693705,35.689127,0 139.693901,35.689245,0</coordinates></LineString></MultiGeometry></Placemark>
<Placemark><name>d12·7 🚶 Mirador del Gobierno Metropolitano → Omoide Yokocho</name><styleUrl>#lb8636f7a3</styleUrl><description><![CDATA[caminando]]></description><MultiGeometry><LineString><tessellate>1</tessellate><coordinates>139.691905,35.689647,0 139.691905,35.689647,0 139.692080,35.689777,0 139.692150,35.689829,0 139.692080,35.690119,0 139.692065,35.690180,0 139.691945,35.690163,0 139.691840,35.690148,0 139.691824,35.690145,0 139.691818,35.690177,0 139.691972,35.690202,0 139.691966,35.690232,0 139.692012,35.690240,0 139.691984,35.690349,0 139.692075,35.690364,0 139.692182,35.690381,0 139.692512,35.690432,0 139.692579,35.690445,0 139.692701,35.690464,0 139.692723,35.690468,0 139.692972,35.690505,0 139.693053,35.690518,0 139.693125,35.690529,0 139.693311,35.690559,0 139.693486,35.690586,0 139.693467,35.690666,0 139.693450,35.690741,0 139.693426,35.690839,0 139.693569,35.690862,0 139.693669,35.690879,0 139.694171,35.690960,0 139.694390,35.690995,0 139.694398,35.691010,0 139.694569,35.691023,0 139.694617,35.691014,0 139.696260,35.691182,0 139.696458,35.691201,0 139.696685,35.691213,0 139.696979,35.691234,0 139.697509,35.691266,0 139.698127,35.691303,0 139.698129,35.691285,0 139.698147,35.691297,0 139.698165,35.691312,0 139.698179,35.691325,0 139.698194,35.691340,0 139.698254,35.691416,0 139.698316,35.691480,0 139.698329,35.691490,0 139.698343,35.691499,0 139.698358,35.691506,0 139.698373,35.691512,0 139.698391,35.691518,0 139.698409,35.691522,0 139.698429,35.691525,0 139.698736,35.691541,0 139.698877,35.691544,0 139.698889,35.691535,0 139.698900,35.691526,0 139.698912,35.691515,0 139.698920,35.691506,0 139.698962,35.691509,0 139.699091,35.691517,0 139.699189,35.691522,0 139.699188,35.691786,0 139.699341,35.691994,0 139.699413,35.692096,0 139.699441,35.692163,0 139.699451,35.692213,0 139.699449,35.692251,0 139.699442,35.692301,0 139.699430,35.692393,0 139.699398,35.692617,0 139.699396,35.692634,0 139.699392,35.692670,0 139.699385,35.692718,0 139.699384,35.692730,0 139.699334,35.693068,0 139.699468,35.693085,0 139.699493,35.693089,0 139.699492,35.693099,0</coordinates></LineString><LineString><tessellate>1</tessellate><coordinates>139.693142,35.690619,0 139.693378,35.690569,0 139.693181,35.690453,0</coordinates></LineString><LineString><tessellate>1</tessellate><coordinates>139.695578,35.691197,0 139.695810,35.691136,0 139.695604,35.691030,0</coordinates></LineString><LineString><tessellate>1</tessellate><coordinates>139.698271,35.691601,0 139.698498,35.691529,0 139.698284,35.691433,0</coordinates></LineString></MultiGeometry></Placemark>
</Folder>
<Folder><name>mar 13 · Tokio viejo</name>
<Placemark><name>1. 05:30 · Sensō-ji (d13)</name><styleUrl>#p1</styleUrl><description><![CDATA[Hora del plan: 05:30. ⏰ SIGUIENTE PUNTO ESTRICTO del día: 05:30 — Konbini ligero (reserva/transporte: NO se puede llegar tarde).]]></description><Point><coordinates>139.796655,35.714765,0</coordinates></Point></Placemark>
<Placemark><name>2. 07:10 · Sensō-ji (d13)</name><styleUrl>#p2</styleUrl><description><![CDATA[Hora del plan: 07:10. ⏰ SIGUIENTE PUNTO ESTRICTO del día: 10:15 — Benitsuru (reserva/transporte: NO se puede llegar tarde).]]></description><Point><coordinates>139.796655,35.714765,0</coordinates></Point></Placemark>
<Placemark><name>3. 08:10 · Tokyo Skytree (d13)</name><styleUrl>#p3</styleUrl><description><![CDATA[Hora del plan: 08:10. ⏰ SIGUIENTE PUNTO ESTRICTO del día: 10:15 — Benitsuru (reserva/transporte: NO se puede llegar tarde).]]></description><Point><coordinates>139.810700,35.710063,0</coordinates></Point></Placemark>
<Placemark><name>4. 14:30 · Parque Ueno (d13)</name><styleUrl>#p4</styleUrl><description><![CDATA[Hora del plan: 14:30. ⏰ SIGUIENTE PUNTO ESTRICTO del día: 15:50 — Museo (reserva/transporte: NO se puede llegar tarde).]]></description><Point><coordinates>139.773431,35.714756,0</coordinates></Point></Placemark>
<Placemark><name>5. 17:10 · Ameyoko (d13)</name><styleUrl>#p5</styleUrl><description><![CDATA[Hora del plan: 17:10. Sin más puntos estrictos hoy después de esta parada.]]></description><Point><coordinates>139.774626,35.709003,0</coordinates></Point></Placemark>
<Placemark><name>d13·1 🚇 05:45 JR Chūō Line (rápida): Shinjuku → Kanda ⇒ Sensō-ji</name><styleUrl>#lff225af16</styleUrl><description><![CDATA[SALE 05:45 de Shinjuku → LLEGA a Kanda · JR Chūō Line (rápida) — sentido Tokyo (3 tramos) · rumbo del plan: Sensō-ji]]></description><MultiGeometry><LineString><tessellate>1</tessellate><coordinates>139.698762,35.688726,0 139.729482,35.686205,0 139.764440,35.699717,0 139.770698,35.694473,0</coordinates></LineString><LineString><tessellate>1</tessellate><coordinates>139.707118,35.688171,0 139.707441,35.688014,0 139.707086,35.687912,0</coordinates></LineString><LineString><tessellate>1</tessellate><coordinates>139.715796,35.687459,0 139.716119,35.687302,0 139.715764,35.687200,0</coordinates></LineString><LineString><tessellate>1</tessellate><coordinates>139.724475,35.686747,0 139.724798,35.686590,0 139.724443,35.686488,0</coordinates></LineString><LineString><tessellate>1</tessellate><coordinates>139.732736,35.687606,0 139.733112,35.687608,0 139.732871,35.687371,0</coordinates></LineString><LineString><tessellate>1</tessellate><coordinates>139.740621,35.690654,0 139.740997,35.690656,0 139.740757,35.690419,0</coordinates></LineString><LineString><tessellate>1</tessellate><coordinates>139.748507,35.693703,0 139.748883,35.693704,0 139.748643,35.693467,0</coordinates></LineString><LineString><tessellate>1</tessellate><coordinates>139.756393,35.696751,0 139.756769,35.696752,0 139.756528,35.696516,0</coordinates></LineString><LineString><tessellate>1</tessellate><coordinates>139.764481,35.699869,0 139.764606,35.699579,0 139.764254,35.699688,0</coordinates></LineString></MultiGeometry></Placemark>
<Placemark><name>d13·2 🚇 06:00 Metro Ginza Line: Kanda → Asakusa ⇒ Sensō-ji</name><styleUrl>#lff0097f36</styleUrl><description><![CDATA[SALE 06:00 de Kanda → LLEGA a Asakusa · Metro Ginza Line — sentido Asakusa (6 tramos) · rumbo del plan: Sensō-ji]]></description><MultiGeometry><LineString><tessellate>1</tessellate><coordinates>139.770698,35.694473,0 139.771679,35.702936,0 139.772986,35.707879,0 139.777409,35.714167,0 139.782685,35.711387,0 139.790733,35.709883,0 139.797168,35.709867,0</coordinates></LineString><LineString><tessellate>1</tessellate><coordinates>139.771134,35.699606,0 139.771324,35.699871,0 139.771450,35.699581,0</coordinates></LineString><LineString><tessellate>1</tessellate><coordinates>139.772057,35.704982,0 139.772285,35.705227,0 139.772368,35.704927,0</coordinates></LineString><LineString><tessellate>1</tessellate><coordinates>139.774330,35.710050,0 139.774638,35.710227,0 139.774606,35.709921,0</coordinates></LineString><LineString><tessellate>1</tessellate><coordinates>139.778110,35.713952,0 139.778311,35.713692,0 139.777938,35.713734,0</coordinates></LineString><LineString><tessellate>1</tessellate><coordinates>139.783780,35.711316,0 139.784077,35.711127,0 139.783709,35.711062,0</coordinates></LineString><LineString><tessellate>1</tessellate><coordinates>139.790244,35.710108,0 139.790541,35.709919,0 139.790174,35.709855,0</coordinates></LineString></MultiGeometry></Placemark>
<Placemark><name>d13·3 🚶 Asakusa → Sensō-ji</name><styleUrl>#lb8636f7a3</styleUrl><description><![CDATA[caminando]]></description><MultiGeometry><LineString><tessellate>1</tessellate><coordinates>139.797178,35.709862,0 139.797205,35.709901,0 139.797269,35.709869,0 139.797300,35.709914,0 139.797704,35.710529,0 139.797646,35.710542,0 139.797542,35.710565,0 139.797476,35.710580,0 139.797435,35.710648,0 139.797400,35.710652,0 139.797093,35.710687,0 139.797048,35.710692,0 139.797007,35.710694,0 139.796974,35.710701,0 139.796775,35.710727,0 139.796536,35.710759,0 139.796542,35.710793,0 139.796548,35.710828,0 139.796561,35.710900,0 139.796565,35.710922,0 139.796569,35.710946,0 139.796552,35.710949,0 139.796528,35.710952,0 139.796490,35.710958,0 139.796357,35.710973,0 139.796367,35.711066,0 139.796368,35.711077,0 139.796379,35.711189,0 139.796380,35.711199,0 139.796383,35.711228,0 139.796411,35.711498,0 139.796412,35.711507,0 139.796446,35.711832,0 139.796477,35.712136,0 139.796507,35.712423,0 139.796546,35.712798,0 139.796551,35.712846,0 139.796555,35.712893,0 139.796567,35.713031,0 139.796578,35.713141,0 139.796593,35.713306,0 139.796618,35.713568,0 139.796619,35.713581,0 139.796637,35.713742,0 139.796643,35.713801,0 139.796649,35.713853,0 139.796665,35.714014,0 139.796671,35.714058,0 139.796696,35.714261,0 139.796720,35.714447,0 139.796432,35.714471,0 139.796384,35.714469,0 139.796400,35.714629,0 139.796409,35.714719,0 139.796414,35.714764,0 139.796447,35.714760,0 139.796470,35.714758,0 139.796481,35.714757,0</coordinates></LineString><LineString><tessellate>1</tessellate><coordinates>139.796696,35.710840,0 139.796499,35.710957,0 139.796735,35.711005,0</coordinates></LineString><LineString><tessellate>1</tessellate><coordinates>139.796443,35.712790,0 139.796561,35.712964,0 139.796648,35.712778,0</coordinates></LineString></MultiGeometry></Placemark>
<Placemark><name>d13·4 🚶 Sensō-ji → Tokyo Skytree</name><styleUrl>#lb8636f7a3</styleUrl><description><![CDATA[caminando]]></description><MultiGeometry><LineString><tessellate>1</tessellate><coordinates>139.796481,35.714757,0 139.796481,35.714757,0 139.796470,35.714758,0 139.796447,35.714760,0 139.796414,35.714764,0 139.796425,35.714885,0 139.796439,35.715010,0 139.797132,35.714948,0 139.797136,35.714982,0 139.797200,35.714958,0 139.797268,35.714932,0 139.797367,35.714895,0 139.797412,35.714890,0 139.797533,35.714885,0 139.797564,35.714901,0 139.797593,35.714898,0 139.797657,35.714897,0 139.797697,35.714972,0 139.797767,35.715122,0 139.797762,35.715204,0 139.797930,35.715205,0 139.797957,35.715317,0 139.798364,35.715252,0 139.798473,35.715694,0 139.798558,35.715679,0 139.798640,35.715665,0 139.798697,35.715656,0 139.798780,35.715693,0 139.799082,35.715626,0 139.799567,35.715511,0 139.799824,35.715455,0 139.799882,35.715440,0 139.800270,35.715351,0 139.800852,35.715222,0 139.800890,35.715213,0 139.801474,35.715081,0 139.801497,35.715066,0 139.801521,35.715017,0 139.801614,35.714992,0 139.801708,35.714969,0 139.801780,35.714952,0 139.801795,35.714970,0 139.801873,35.714985,0 139.801995,35.714913,0 139.802016,35.714899,0 139.802082,35.714862,0 139.802114,35.714870,0 139.802287,35.714768,0 139.804405,35.713451,0 139.804733,35.713286,0 139.804869,35.713217,0 139.805158,35.713082,0 139.805352,35.712990,0 139.805374,35.712965,0 139.805380,35.712907,0 139.805419,35.712891,0 139.805444,35.712881,0 139.805468,35.712869,0 139.805531,35.712838,0 139.805580,35.712814,0 139.805662,35.712773,0 139.805703,35.712753,0 139.805808,35.712761,0 139.805828,35.712750,0 139.806022,35.712647,0 139.806281,35.712509,0 139.806717,35.712278,0 139.807029,35.712112,0 139.807254,35.711993,0 139.807403,35.711913,0 139.807882,35.711659,0 139.808159,35.711512,0 139.808229,35.711475,0 139.808257,35.711460,0 139.808300,35.711425,0 139.808332,35.711381,0 139.808355,35.711334,0 139.808357,35.711290,0 139.808356,35.711033,0 139.808464,35.711039,0 139.808567,35.711044,0 139.808604,35.711000,0 139.808601,35.710986,0 139.808607,35.710872,0 139.808613,35.710769,0 139.808605,35.710697,0 139.808590,35.710610,0 139.808582,35.710570,0 139.808588,35.710411,0 139.808589,35.710367,0 139.808592,35.710256,0 139.808592,35.710253,0 139.808594,35.710165,0 139.808639,35.710176,0 139.808646,35.709948,0 139.808688,35.709862,0 139.808693,35.709852,0 139.808723,35.709815,0 139.808785,35.709775,0 139.808840,35.709759,0 139.808963,35.709738,0 139.809144,35.709691,0 139.809213,35.709673,0 139.809330,35.709655,0 139.809432,35.709656,0 139.810200,35.709735,0 139.810196,35.709764,0 139.810272,35.709770,0 139.810256,35.709879,0 139.810533,35.709907,0</coordinates></LineString><LineString><tessellate>1</tessellate><coordinates>139.798300,35.715417,0 139.798444,35.715577,0 139.798501,35.715384,0</coordinates></LineString><LineString><tessellate>1</tessellate><coordinates>139.801211,35.715228,0 139.801396,35.715099,0 139.801156,35.715066,0</coordinates></LineString><LineString><tessellate>1</tessellate><coordinates>139.803867,35.713891,0 139.803980,35.713715,0 139.803742,35.713758,0</coordinates></LineString><LineString><tessellate>1</tessellate><coordinates>139.806483,35.712502,0 139.806612,35.712334,0 139.806371,35.712361,0</coordinates></LineString><LineString><tessellate>1</tessellate><coordinates>139.808735,35.710847,0 139.808602,35.710680,0 139.808531,35.710870,0</coordinates></LineString></MultiGeometry></Placemark>
<Placemark><name>d13·5 🚶 Tokyo Skytree → Asakusa ⇒ Parque Ueno</name><styleUrl>#lb8636f7a3</styleUrl><description><![CDATA[caminando · rumbo del plan: Parque Ueno]]></description><MultiGeometry><LineString><tessellate>1</tessellate><coordinates>139.810533,35.709907,0 139.810256,35.709879,0 139.810272,35.709770,0 139.810284,35.709685,0 139.810248,35.709685,0 139.810259,35.709615,0 139.810268,35.709558,0 139.809967,35.709527,0 139.809588,35.709489,0 139.809297,35.709486,0 139.809223,35.709502,0 139.809028,35.709543,0 139.808836,35.709591,0 139.808831,35.709592,0 139.808804,35.709598,0 139.808726,35.709611,0 139.808682,35.709600,0 139.808660,35.709595,0 139.808621,35.709568,0 139.808619,35.709551,0 139.808612,35.709503,0 139.808616,35.709360,0 139.808618,35.709256,0 139.808619,35.709216,0 139.808618,35.709203,0 139.808617,35.709183,0 139.808615,35.709150,0 139.808628,35.708977,0 139.808599,35.708973,0 139.808514,35.708972,0 139.808412,35.708970,0 139.808375,35.708972,0 139.808372,35.708963,0 139.808352,35.708940,0 139.808322,35.708936,0 139.808253,35.708927,0 139.808107,35.708915,0 139.808050,35.708915,0 139.807997,35.708915,0 139.807959,35.708916,0 139.807593,35.708900,0 139.807586,35.708899,0 139.807374,35.708882,0 139.807350,35.708882,0 139.807322,35.708876,0 139.807286,35.708873,0 139.806925,35.708850,0 139.806892,35.708851,0 139.806846,35.708853,0 139.806813,35.708852,0 139.806771,35.708852,0 139.806741,35.708852,0 139.806700,35.708846,0 139.806656,35.708839,0 139.805658,35.708787,0 139.805570,35.708783,0 139.805477,35.708776,0 139.804824,35.708752,0 139.804586,35.708739,0 139.804525,35.708716,0 139.804441,35.708768,0 139.804401,35.708763,0 139.804316,35.708766,0 139.804211,35.708763,0 139.804167,35.708769,0 139.804099,35.708703,0 139.803875,35.708693,0 139.803264,35.708663,0 139.803220,35.708661,0 139.803182,35.708659,0 139.803119,35.708656,0 139.803090,35.708654,0 139.802357,35.708619,0 139.802309,35.708650,0 139.802242,35.708653,0 139.802167,35.708657,0 139.802126,35.708643,0 139.802059,35.708673,0 139.801971,35.708635,0 139.801859,35.708586,0 139.801840,35.708636,0 139.801113,35.708960,0 139.800710,35.709140,0 139.799951,35.709472,0 139.799940,35.709471,0 139.799917,35.709469,0 139.799909,35.709452,0 139.799845,35.709450,0 139.799776,35.709449,0 139.799754,35.709481,0 139.799708,35.709478,0 139.799692,35.709458,0 139.799658,35.709495,0 139.799611,35.709545,0 139.799594,35.709570,0 139.799538,35.709653,0 139.798302,35.710357,0 139.798101,35.710474,0 139.798084,35.710455,0 139.798040,35.710477,0 139.798024,35.710484,0 139.797999,35.710496,0 139.797973,35.710508,0 139.797921,35.710540,0 139.797843,35.710587,0 139.797793,35.710534,0 139.797771,35.710530,0 139.797749,35.710528,0 139.797704,35.710529,0 139.797300,35.709914,0 139.797269,35.709869,0 139.797205,35.709901,0 139.797178,35.709862,0</coordinates></LineString><LineString><tessellate>1</tessellate><coordinates>139.808716,35.709511,0 139.808617,35.709329,0 139.808510,35.709508,0</coordinates></LineString><LineString><tessellate>1</tessellate><coordinates>139.806627,35.708753,0 139.806400,35.708826,0 139.806613,35.708921,0</coordinates></LineString><LineString><tessellate>1</tessellate><coordinates>139.804005,35.708615,0 139.803779,35.708688,0 139.803993,35.708783,0</coordinates></LineString><LineString><tessellate>1</tessellate><coordinates>139.801413,35.708731,0 139.801268,35.708891,0 139.801511,35.708878,0</coordinates></LineString><LineString><tessellate>1</tessellate><coordinates>139.799168,35.709761,0 139.799046,35.709933,0 139.799286,35.709899,0</coordinates></LineString></MultiGeometry></Placemark>
<Placemark><name>d13·6 🚇 11:30 Tobu Skytree Line: Asakusa → Tokyo Skytree ⇒ Parque Ueno</name><styleUrl>#lffc36c0f6</styleUrl><description><![CDATA[SALE 11:30 de Asakusa → LLEGA a Tokyo Skytree · Tobu Skytree Line — sentido hacia Tōbu-Dōbutsu-Kōen (1 tramos) · rumbo del plan: Parque Ueno]]></description><MultiGeometry><LineString><tessellate>1</tessellate><coordinates>139.797168,35.709867,0 139.808490,35.709744,0</coordinates></LineString><LineString><tessellate>1</tessellate><coordinates>139.802490,35.709939,0 139.802829,35.709806,0 139.802486,35.709679,0</coordinates></LineString></MultiGeometry></Placemark>
<Placemark><name>d13·7 🚶 Tokyo Skytree → Oshiage ⇒ Parque Ueno</name><styleUrl>#lb8636f7a3</styleUrl><description><![CDATA[caminando · rumbo del plan: Parque Ueno]]></description><MultiGeometry><LineString><tessellate>1</tessellate><coordinates>139.808490,35.709744,0 139.808490,35.709744,0 139.808528,35.709825,0 139.808522,35.709927,0 139.808607,35.709928,0 139.808598,35.710012,0 139.808594,35.710165,0 139.808639,35.710176,0 139.808745,35.710214,0 139.808939,35.710246,0 139.809043,35.710276,0 139.809310,35.710344,0 139.809507,35.710390,0 139.809631,35.710432,0 139.809762,35.710459,0 139.809910,35.710460,0 139.810188,35.710486,0 139.811185,35.710582,0 139.811197,35.710493,0 139.811202,35.710482,0 139.811229,35.710482,0 139.812120,35.710560,0 139.812455,35.710580,0 139.812691,35.710485,0 139.812891,35.710585,0 139.813044,35.710613,0 139.813114,35.710582,0 139.813168,35.710493,0 139.813301,35.710457,0 139.813284,35.710417,0 139.813337,35.710422,0 139.813354,35.710386,0 139.813315,35.710436,0 139.813268,35.710432,0 139.813232,35.710420,0 139.813224,35.710402,0 139.813237,35.710325,0</coordinates></LineString><LineString><tessellate>1</tessellate><coordinates>139.810728,35.710623,0 139.810959,35.710560,0 139.810752,35.710456,0</coordinates></LineString></MultiGeometry></Placemark>
<Placemark><name>d13·8 🚇 14:00 Toei Asakusa Line: Oshiage → Asakusa ⇒ Parque Ueno</name><styleUrl>#lff656eec6</styleUrl><description><![CDATA[SALE 14:00 de Oshiage → LLEGA a Asakusa · Toei Asakusa Line — sentido Nishi-Magome / Haneda (2 tramos) · rumbo del plan: Parque Ueno]]></description><MultiGeometry><LineString><tessellate>1</tessellate><coordinates>139.813297,35.710332,0 139.804349,35.708561,0 139.797168,35.709867,0</coordinates></LineString><LineString><tessellate>1</tessellate><coordinates>139.808300,35.709209,0 139.807931,35.709270,0 139.808225,35.709462,0</coordinates></LineString><LineString><tessellate>1</tessellate><coordinates>139.802855,35.708699,0 139.802557,35.708887,0 139.802924,35.708953,0</coordinates></LineString></MultiGeometry></Placemark>
<Placemark><name>d13·9 🚇 14:10 Metro Ginza Line: Asakusa → Ueno ⇒ Parque Ueno</name><styleUrl>#lff0097f36</styleUrl><description><![CDATA[SALE 14:10 de Asakusa → LLEGA a Ueno · Metro Ginza Line — sentido Shibuya (3 tramos) · rumbo del plan: Parque Ueno]]></description><MultiGeometry><LineString><tessellate>1</tessellate><coordinates>139.797168,35.709867,0 139.790733,35.709883,0 139.782685,35.711387,0 139.777409,35.714167,0</coordinates></LineString><LineString><tessellate>1</tessellate><coordinates>139.792266,35.709749,0 139.791926,35.709880,0 139.792267,35.710009,0</coordinates></LineString><LineString><tessellate>1</tessellate><coordinates>139.787083,35.710432,0 139.786786,35.710621,0 139.787154,35.710685,0</coordinates></LineString><LineString><tessellate>1</tessellate><coordinates>139.782015,35.711585,0 139.781815,35.711845,0 139.782188,35.711803,0</coordinates></LineString></MultiGeometry></Placemark>
<Placemark><name>d13·10 🚶 Ueno → Parque Ueno</name><styleUrl>#lb8636f7a3</styleUrl><description><![CDATA[caminando]]></description><MultiGeometry><LineString><tessellate>1</tessellate><coordinates>139.777252,35.713950,0 139.777540,35.713813,0 139.777590,35.713881,0 139.777797,35.713782,0 139.777282,35.713006,0 139.777184,35.713050,0 139.777238,35.713130,0 139.777153,35.713168,0 139.777028,35.713223,0 139.776792,35.713327,0 139.776202,35.713587,0 139.776361,35.713826,0 139.776347,35.713878,0 139.776107,35.713991,0 139.776027,35.714027,0 139.775903,35.713901,0 139.775839,35.713802,0 139.775798,35.713719,0 139.775672,35.713450,0 139.775619,35.713327,0 139.775576,35.713243,0 139.775513,35.713117,0 139.775463,35.713041,0 139.775258,35.712752,0 139.775152,35.712637,0 139.775126,35.712609,0 139.775097,35.712561,0 139.774995,35.712604,0 139.774964,35.712552,0 139.774951,35.712532,0 139.774916,35.712467,0 139.774897,35.712421,0 139.774892,35.712410,0 139.774883,35.712391,0 139.774852,35.712401,0 139.774728,35.712440,0 139.774497,35.712523,0 139.774420,35.712557,0 139.774376,35.712564,0 139.774288,35.712595,0 139.774179,35.712649,0 139.774178,35.712773,0 139.774039,35.712807,0 139.773958,35.712807,0 139.773785,35.712778,0 139.773695,35.713019,0 139.773630,35.713078,0 139.773565,35.713325,0 139.773524,35.713537,0 139.773518,35.713570,0 139.773485,35.713637,0 139.773487,35.713800,0 139.773662,35.714159,0 139.773665,35.714198,0 139.773625,35.714244,0 139.773536,35.714308,0 139.773498,35.714356,0 139.773478,35.714368,0 139.773439,35.714392,0 139.773441,35.714413,0 139.773454,35.714422,0 139.773448,35.714511,0 139.773428,35.714512,0 139.773417,35.714524,0 139.773393,35.714525,0 139.773390,35.714600,0 139.773342,35.714620,0 139.773329,35.714638,0 139.773325,35.714651,0 139.773327,35.714664,0 139.773386,35.714772,0</coordinates></LineString><LineString><tessellate>1</tessellate><coordinates>139.776833,35.713213,0 139.776688,35.713373,0 139.776931,35.713361,0</coordinates></LineString><LineString><tessellate>1</tessellate><coordinates>139.775686,35.713202,0 139.775491,35.713083,0 139.775504,35.713282,0</coordinates></LineString><LineString><tessellate>1</tessellate><coordinates>139.773716,35.712675,0 139.773750,35.712872,0 139.773913,35.712724,0</coordinates></LineString></MultiGeometry></Placemark>
<Placemark><name>d13·11 🚶 Parque Ueno → Ameyoko</name><styleUrl>#lb8636f7a3</styleUrl><description><![CDATA[caminando]]></description><MultiGeometry><LineString><tessellate>1</tessellate><coordinates>139.773386,35.714772,0 139.773327,35.714664,0 139.773325,35.714651,0 139.773329,35.714638,0 139.773342,35.714620,0 139.773390,35.714600,0 139.773393,35.714525,0 139.773354,35.714458,0 139.773210,35.714226,0 139.773195,35.714201,0 139.773122,35.714034,0 139.773054,35.713815,0 139.773037,35.713719,0 139.773034,35.713630,0 139.773028,35.713546,0 139.773025,35.713417,0 139.773021,35.713296,0 139.773028,35.713182,0 139.773034,35.713072,0 139.773051,35.712962,0 139.773103,35.712646,0 139.773116,35.712566,0 139.773141,35.712493,0 139.773266,35.711981,0 139.773232,35.711927,0 139.773333,35.711480,0 139.773337,35.711468,0 139.773341,35.711456,0 139.773331,35.711424,0 139.773322,35.711388,0 139.773316,35.711326,0 139.773301,35.711285,0 139.773285,35.711260,0 139.773235,35.711251,0 139.773259,35.711153,0 139.773261,35.711143,0 139.773215,35.711134,0 139.773164,35.711125,0 139.773217,35.710910,0 139.773238,35.710821,0 139.773305,35.710534,0 139.773306,35.710526,0 139.773308,35.710482,0 139.773328,35.710268,0 139.773333,35.710113,0 139.773334,35.710087,0 139.773337,35.709959,0 139.773387,35.709944,0 139.773432,35.709934,0 139.773597,35.709896,0 139.773647,35.709884,0 139.773688,35.709875,0 139.773615,35.709603,0 139.773550,35.709337,0 139.773573,35.709295,0 139.774166,35.709124,0 139.774620,35.708990,0</coordinates></LineString><LineString><tessellate>1</tessellate><coordinates>139.773186,35.712774,0 139.773113,35.712584,0 139.772982,35.712752,0</coordinates></LineString><LineString><tessellate>1</tessellate><coordinates>139.773398,35.710628,0 139.773312,35.710442,0 139.773192,35.710615,0</coordinates></LineString></MultiGeometry></Placemark>
</Folder>
<Folder><name>mié 14 · Hakone</name>
<Placemark><name>1. 08:00 · Monte Fuji (d14)</name><styleUrl>#p1</styleUrl><description><![CDATA[Hora del plan: 08:00. ⏰ SIGUIENTE PUNTO ESTRICTO del día: 08:00 — SALE EL TOUR (reserva/transporte: NO se puede llegar tarde).]]></description><Point><coordinates>138.727363,35.360625,0</coordinates></Point></Placemark>
<Placemark><name>2. 08:00 · Teleférico de Hakone (d14)</name><styleUrl>#p2</styleUrl><description><![CDATA[Hora del plan: 08:00. ⏰ SIGUIENTE PUNTO ESTRICTO del día: 08:00 — SALE EL TOUR (reserva/transporte: NO se puede llegar tarde).]]></description><Point><coordinates>139.015041,35.244427,0</coordinates></Point></Placemark>
<Placemark><name>3. 08:00 · Ōwakudani (d14)</name><styleUrl>#p3</styleUrl><description><![CDATA[Hora del plan: 08:00. ⏰ SIGUIENTE PUNTO ESTRICTO del día: 08:00 — SALE EL TOUR (reserva/transporte: NO se puede llegar tarde).]]></description><Point><coordinates>139.019354,35.243449,0</coordinates></Point></Placemark>
<Placemark><name>4. 08:00 · Lago Ashi (d14)</name><styleUrl>#p4</styleUrl><description><![CDATA[Hora del plan: 08:00. ⏰ SIGUIENTE PUNTO ESTRICTO del día: 08:00 — SALE EL TOUR (reserva/transporte: NO se puede llegar tarde).]]></description><Point><coordinates>139.003463,35.209567,0</coordinates></Point></Placemark>
<Placemark><name>5. 08:00 · Santuario de Hakone (Motomiya) (d14)</name><styleUrl>#p5</styleUrl><description><![CDATA[Hora del plan: 08:00. ⏰ SIGUIENTE PUNTO ESTRICTO del día: 08:00 — SALE EL TOUR (reserva/transporte: NO se puede llegar tarde).]]></description><Point><coordinates>139.025378,35.204826,0</coordinates></Point></Placemark>
<Placemark><name>d14·1 🚶 Hotel → Shinjuku ⇒ Monte Fuji</name><styleUrl>#lb8636f7a3</styleUrl><description><![CDATA[caminando · rumbo del plan: Monte Fuji]]></description><MultiGeometry><LineString><tessellate>1</tessellate><coordinates>139.693676,35.694462,0 139.693581,35.694278,0 139.694093,35.694118,0 139.694149,35.694103,0 139.694444,35.694022,0 139.694871,35.693898,0 139.694990,35.693863,0 139.695283,35.693784,0 139.695256,35.693718,0 139.695222,35.693643,0 139.695207,35.693608,0 139.695203,35.693584,0 139.695291,35.693558,0 139.695829,35.693402,0 139.696024,35.693345,0 139.696645,35.693165,0 139.696742,35.693136,0 139.696805,35.693112,0 139.696810,35.693109,0 139.696850,35.693074,0 139.696854,35.693071,0 139.696857,35.693013,0 139.696858,35.693007,0 139.696868,35.693004,0 139.697119,35.692981,0 139.697162,35.692900,0 139.697167,35.692896,0 139.697183,35.692881,0 139.697147,35.692869,0 139.697150,35.692864,0 139.697158,35.692850,0 139.697239,35.692870,0 139.697434,35.692718,0 139.697851,35.692378,0 139.697992,35.692258,0 139.698007,35.692215,0 139.698013,35.692182,0 139.698016,35.692171,0 139.698021,35.692144,0 139.698037,35.692120,0 139.698042,35.692053,0 139.698045,35.692011,0 139.698046,35.691997,0 139.698049,35.691968,0 139.698051,35.691944,0 139.698053,35.691924,0 139.698072,35.691662,0 139.698074,35.691642,0 139.698083,35.691518,0 139.698091,35.691413,0 139.698029,35.691344,0 139.698031,35.691300,0 139.698033,35.691266,0 139.698041,35.691125,0 139.698046,35.691035,0 139.698085,35.691024,0 139.698113,35.691005,0 139.698126,35.690983,0 139.698131,35.690962,0 139.698174,35.690379,0 139.698182,35.690321,0 139.698197,35.690279,0 139.698249,35.690233,0 139.698265,35.690220,0 139.698478,35.690160,0 139.698482,35.690095,0 139.698530,35.690064,0 139.698539,35.690002,0 139.698558,35.689870,0 139.698578,35.689727,0 139.698600,35.689573,0 139.698621,35.689430,0 139.698631,35.689353,0 139.698668,35.689128,0 139.698704,35.688896,0 139.698743,35.688873,0 139.698749,35.688820,0 139.698762,35.688726,0</coordinates></LineString><LineString><tessellate>1</tessellate><coordinates>139.695305,35.693643,0 139.695479,35.693504,0 139.695236,35.693485,0</coordinates></LineString><LineString><tessellate>1</tessellate><coordinates>139.697507,35.692777,0 139.697590,35.692590,0 139.697362,35.692658,0</coordinates></LineString><LineString><tessellate>1</tessellate><coordinates>139.698243,35.690844,0 139.698153,35.690659,0 139.698037,35.690834,0</coordinates></LineString></MultiGeometry></Placemark>
<Placemark><name>d14·2 🚇 07:00 JR Chūō Line (rápida): Shinjuku → Tokyo ⇒ Monte Fuji</name><styleUrl>#lff225af16</styleUrl><description><![CDATA[SALE 07:00 de Shinjuku → LLEGA a Tokyo · JR Chūō Line (rápida) — sentido Tokyo (4 tramos) · rumbo del plan: Monte Fuji]]></description><MultiGeometry><LineString><tessellate>1</tessellate><coordinates>139.698762,35.688726,0 139.729482,35.686205,0 139.764440,35.699717,0 139.770698,35.694473,0 139.764615,35.677700,0</coordinates></LineString><LineString><tessellate>1</tessellate><coordinates>139.709482,35.687977,0 139.709806,35.687820,0 139.709451,35.687718,0</coordinates></LineString><LineString><tessellate>1</tessellate><coordinates>139.720526,35.687071,0 139.720849,35.686914,0 139.720494,35.686812,0</coordinates></LineString><LineString><tessellate>1</tessellate><coordinates>139.731296,35.687050,0 139.731672,35.687051,0 139.731432,35.686815,0</coordinates></LineString><LineString><tessellate>1</tessellate><coordinates>139.741330,35.690929,0 139.741706,35.690930,0 139.741466,35.690693,0</coordinates></LineString><LineString><tessellate>1</tessellate><coordinates>139.751365,35.694807,0 139.751741,35.694809,0 139.751500,35.694572,0</coordinates></LineString><LineString><tessellate>1</tessellate><coordinates>139.761399,35.698686,0 139.761775,35.698687,0 139.761535,35.698451,0</coordinates></LineString><LineString><tessellate>1</tessellate><coordinates>139.770009,35.695236,0 139.770134,35.694946,0 139.769782,35.695055,0</coordinates></LineString><LineString><tessellate>1</tessellate><coordinates>139.768021,35.686634,0 139.767772,35.686404,0 139.767716,35.686708,0</coordinates></LineString></MultiGeometry></Placemark>
<Placemark><name>d14·3 🚶 Teleférico de Hakone → Ōwakudani</name><styleUrl>#lb8636f7a3</styleUrl><description><![CDATA[caminando]]></description><MultiGeometry><LineString><tessellate>1</tessellate><coordinates>139.015564,35.245310,0 139.015707,35.245254,0 139.016182,35.245041,0 139.016393,35.245006,0 139.016390,35.244884,0 139.016370,35.244714,0 139.016363,35.244506,0 139.016388,35.244405,0 139.016447,35.244334,0 139.016558,35.244247,0 139.016724,35.244177,0 139.016945,35.244105,0 139.017131,35.244053,0 139.017299,35.244005,0 139.017448,35.243950,0 139.017577,35.243886,0 139.017680,35.243824,0 139.017710,35.243806,0 139.017769,35.243747,0 139.017812,35.243687,0 139.017896,35.243499,0 139.018022,35.243151,0 139.018140,35.242988,0 139.018267,35.242922,0 139.018387,35.242919,0 139.018496,35.242942,0 139.018577,35.243005,0 139.018622,35.243057,0 139.018644,35.243142,0 139.018642,35.243356,0 139.018650,35.243443,0 139.018669,35.243511,0 139.018692,35.243556,0 139.018750,35.243594,0 139.018820,35.243626,0 139.018919,35.243630,0 139.019019,35.243611,0 139.019133,35.243562,0 139.019145,35.243551,0 139.019186,35.243589,0 139.019250,35.243578,0 139.019375,35.243465,0</coordinates></LineString><LineString><tessellate>1</tessellate><coordinates>139.016558,35.244322,0 139.016724,35.244177,0 139.016483,35.244165,0</coordinates></LineString><LineString><tessellate>1</tessellate><coordinates>139.018070,35.243250,0 139.018094,35.243052,0 139.017894,35.243164,0</coordinates></LineString></MultiGeometry></Placemark>
<Placemark><name>d14·4 🚡 tour: Ōwakudani → Lago Ashi</name><styleUrl>#lffa0862c6</styleUrl><description><![CDATA[tramo escénico del tour (teleférico/barco, esquemático)]]></description><MultiGeometry><LineString><tessellate>1</tessellate><coordinates>139.019354,35.243449,0 139.003463,35.209567,0</coordinates></LineString><LineString><tessellate>1</tessellate><coordinates>139.016975,35.238015,0 139.016705,35.237802,0 139.016680,35.238109,0</coordinates></LineString><LineString><tessellate>1</tessellate><coordinates>139.014326,35.232368,0 139.014057,35.232155,0 139.014031,35.232462,0</coordinates></LineString><LineString><tessellate>1</tessellate><coordinates>139.011678,35.226721,0 139.011408,35.226508,0 139.011383,35.226815,0</coordinates></LineString><LineString><tessellate>1</tessellate><coordinates>139.009029,35.221075,0 139.008760,35.220861,0 139.008734,35.221168,0</coordinates></LineString><LineString><tessellate>1</tessellate><coordinates>139.006380,35.215428,0 139.006111,35.215214,0 139.006086,35.215521,0</coordinates></LineString></MultiGeometry></Placemark>
<Placemark><name>d14·5 🚶 Lago Ashi → Santuario de Hakone (Motomiya)</name><styleUrl>#lb8636f7a3</styleUrl><description><![CDATA[caminando]]></description><MultiGeometry><LineString><tessellate>1</tessellate><coordinates>139.008518,35.211327,0 139.008580,35.211302,0 139.008655,35.211423,0 139.008656,35.211483,0 139.008912,35.211905,0 139.008937,35.211943,0 139.009008,35.212068,0 139.009059,35.212146,0 139.009479,35.212828,0 139.009482,35.212832,0 139.009497,35.212858,0 139.009734,35.212757,0 139.009750,35.212788,0 139.009810,35.212894,0 139.009874,35.212929,0 139.009921,35.212945,0 139.009972,35.212951,0 139.010014,35.212943,0 139.010142,35.212913,0 139.010231,35.212891,0 139.010357,35.212884,0 139.010986,35.212320,0 139.011008,35.212283,0 139.011068,35.211953,0 139.011258,35.211949,0 139.011460,35.211944,0 139.011500,35.211692,0 139.011532,35.211545,0 139.011607,35.211363,0 139.011728,35.211102,0 139.011793,35.210978,0 139.011862,35.210843,0 139.012075,35.210614,0 139.012276,35.210355,0 139.012337,35.210275,0 139.012511,35.210088,0 139.012591,35.210025,0 139.012677,35.209971,0 139.013105,35.209789,0 139.013418,35.209646,0 139.013549,35.209569,0 139.013651,35.209504,0 139.013701,35.209454,0 139.013749,35.209390,0 139.013779,35.209326,0 139.013839,35.209145,0 139.013858,35.209102,0 139.013893,35.209060,0 139.013932,35.209031,0 139.013981,35.209009,0 139.014173,35.208964,0 139.014215,35.208949,0 139.014258,35.208927,0 139.014293,35.208888,0 139.014302,35.208849,0 139.014303,35.208809,0 139.014239,35.208647,0 139.014227,35.208596,0 139.014238,35.208549,0 139.014257,35.208506,0 139.014296,35.208473,0 139.014372,35.208416,0 139.014460,35.208369,0 139.014512,35.208351,0 139.014739,35.208304,0 139.014779,35.208292,0 139.014818,35.208276,0 139.014867,35.208246,0 139.014923,35.208202,0 139.015070,35.208062,0 139.015245,35.207883,0 139.015276,35.207856,0 139.015325,35.207829,0 139.015389,35.207804,0 139.015443,35.207793,0 139.015500,35.207785,0 139.015556,35.207788,0 139.015640,35.207801,0 139.015755,35.207827,0 139.015973,35.207865,0 139.016050,35.207874,0 139.016129,35.207875,0 139.016213,35.207870,0 139.016430,35.207835,0 139.016706,35.207778,0 139.016747,35.207761,0 139.016776,35.207745,0 139.016795,35.207726,0 139.016827,35.207681,0 139.016840,35.207651,0 139.016846,35.207620,0 139.016878,35.207495,0 139.016917,35.207294,0 139.016989,35.206997,0 139.017015,35.206924,0 139.017047,35.206861,0 139.017078,35.206805,0 139.017130,35.206739,0 139.017459,35.206390,0 139.017491,35.206348,0 139.017612,35.206115,0 139.017645,35.206061,0 139.017674,35.206023,0 139.017711,35.205987,0 139.017854,35.205874,0 139.017856,35.205760,0 139.017910,35.205664,0 139.018058,35.205535,0 139.018223,35.205429,0 139.018314,35.205359,0 139.018428,35.205259,0 139.018615,35.205119,0 139.018869,35.205048,0 139.018971,35.204979,0 139.019045,35.204932,0 139.019114,35.204911,0 139.019152,35.204863,0 139.019247,35.204776,0 139.019489,35.204659,0 139.019792,35.204580,0 139.020205,35.204516,0 139.020387,35.204428,0 139.020930,35.204166,0 139.021368,35.204094,0 139.021592,35.204101,0 139.021630,35.204089,0 139.021959,35.203989,0 139.022237,35.203860,0 139.022343,35.203855,0 139.022427,35.203857,0 139.022438,35.203745,0 139.022877,35.203406,0 139.023059,35.203329,0 139.023245,35.203271,0 139.023382,35.203246,0 139.023518,35.203234,0 139.023841,35.203227,0 139.023953,35.203205,0 139.024042,35.203189,0 139.024170,35.203147,0 139.024247,35.203131,0 139.024603,35.203131,0 139.024751,35.203098,0 139.024923,35.203094,0 139.025078,35.203086,0 139.025403,35.202991,0 139.025518,35.202967,0 139.025702,35.202937,0 139.025653,35.203182,0 139.025621,35.203339,0 139.025587,35.203506,0 139.025573,35.203578,0 139.025494,35.203966,0 139.025467,35.204102,0 139.025408,35.204390,0 139.025352,35.204390,0 139.025354,35.204438,0 139.025359,35.204568,0 139.025362,35.204622,0 139.025362,35.204641,0 139.025363,35.204661,0</coordinates></LineString><LineString><tessellate>1</tessellate><coordinates>139.011127,35.212197,0 139.011058,35.212006,0 139.010925,35.212172,0</coordinates></LineString><LineString><tessellate>1</tessellate><coordinates>139.013771,35.209576,0 139.013755,35.209378,0 139.013580,35.209516,0</coordinates></LineString><LineString><tessellate>1</tessellate><coordinates>139.016924,35.207723,0 139.016869,35.207529,0 139.016724,35.207688,0</coordinates></LineString><LineString><tessellate>1</tessellate><coordinates>139.019295,35.204850,0 139.019433,35.204686,0 139.019192,35.204705,0</coordinates></LineString><LineString><tessellate>1</tessellate><coordinates>139.023199,35.203347,0 139.023406,35.203244,0 139.023177,35.203179,0</coordinates></LineString></MultiGeometry></Placemark>
<Placemark><name>d14·6 🚇 18:30 JR Chūō Line (rápida): Tokyo → Shinjuku ⇒ hotel</name><styleUrl>#lff225af16</styleUrl><description><![CDATA[SALE 18:30 de Tokyo → LLEGA a Shinjuku · JR Chūō Line (rápida) — sentido Nakano / Takao (4 tramos) · rumbo del plan: hotel]]></description><MultiGeometry><LineString><tessellate>1</tessellate><coordinates>139.764615,35.677700,0 139.770698,35.694473,0 139.764440,35.699717,0 139.729482,35.686205,0 139.698762,35.688726,0</coordinates></LineString><LineString><tessellate>1</tessellate><coordinates>139.767522,35.686173,0 139.767771,35.686403,0 139.767827,35.686099,0</coordinates></LineString><LineString><tessellate>1</tessellate><coordinates>139.770259,35.694655,0 139.770134,35.694945,0 139.770486,35.694837,0</coordinates></LineString><LineString><tessellate>1</tessellate><coordinates>139.762152,35.698689,0 139.761776,35.698688,0 139.762017,35.698924,0</coordinates></LineString><LineString><tessellate>1</tessellate><coordinates>139.752117,35.694810,0 139.751741,35.694809,0 139.751981,35.695045,0</coordinates></LineString><LineString><tessellate>1</tessellate><coordinates>139.742082,35.690931,0 139.741706,35.690930,0 139.741946,35.691166,0</coordinates></LineString><LineString><tessellate>1</tessellate><coordinates>139.732046,35.687052,0 139.731670,35.687051,0 139.731910,35.687287,0</coordinates></LineString><LineString><tessellate>1</tessellate><coordinates>139.721171,35.686757,0 139.720847,35.686914,0 139.721202,35.687015,0</coordinates></LineString><LineString><tessellate>1</tessellate><coordinates>139.710128,35.687663,0 139.709805,35.687820,0 139.710160,35.687921,0</coordinates></LineString></MultiGeometry></Placemark>
</Folder>
<Folder><name>jue 15 · Shibuya</name>
<Placemark><name>1. 05:30 · Santuario Meiji (d15)</name><styleUrl>#p1</styleUrl><description><![CDATA[Hora del plan: 05:30. ⏰ SIGUIENTE PUNTO ESTRICTO del día: 05:30 — Arriba (reserva/transporte: NO se puede llegar tarde).]]></description><Point><coordinates>139.699326,35.676398,0</coordinates></Point></Placemark>
<Placemark><name>2. 05:30 · Tokyo Disneyland (d15)</name><styleUrl>#p2</styleUrl><description><![CDATA[Hora del plan: 05:30. ⏰ SIGUIENTE PUNTO ESTRICTO del día: 05:30 — Arriba (reserva/transporte: NO se puede llegar tarde).]]></description><Point><coordinates>139.880394,35.632896,0</coordinates></Point></Placemark>
<Placemark><name>3. 06:00 · Santuario Meiji (d15)</name><styleUrl>#p3</styleUrl><description><![CDATA[Hora del plan: 06:00. ⏰ SIGUIENTE PUNTO ESTRICTO del día: 06:00 — Santuario Meiji (reserva/transporte: NO se puede llegar tarde).]]></description><Point><coordinates>139.699326,35.676398,0</coordinates></Point></Placemark>
<Placemark><name>4. 10:15 · Takeshita Street + Omotesandō (d15)</name><styleUrl>#p4</styleUrl><description><![CDATA[Hora del plan: 10:15. ⏰ SIGUIENTE PUNTO ESTRICTO del día: 13:30 — Animales ☕ (reserva/transporte: NO se puede llegar tarde).]]></description><Point><coordinates>139.705182,35.671034,0</coordinates></Point></Placemark>
<Placemark><name>5. 15:45 · Cruce de Shibuya (d15)</name><styleUrl>#p5</styleUrl><description><![CDATA[Hora del plan: 15:45. ⏰ SIGUIENTE PUNTO ESTRICTO del día: 16:45 — Shibuya Sky (reserva/transporte: NO se puede llegar tarde).]]></description><Point><coordinates>139.700560,35.659482,0</coordinates></Point></Placemark>
<Placemark><name>6. 16:45 · Shibuya Sky (d15)</name><styleUrl>#p6</styleUrl><description><![CDATA[Hora del plan: 16:45. ⏰ SIGUIENTE PUNTO ESTRICTO del día: 16:45 — Shibuya Sky (reserva/transporte: NO se puede llegar tarde).]]></description><Point><coordinates>139.701985,35.658672,0</coordinates></Point></Placemark>
<Placemark><name>d15·1 🚶 Hotel → Santuario Meiji</name><styleUrl>#lb8636f7a3</styleUrl><description><![CDATA[caminando]]></description><MultiGeometry><LineString><tessellate>1</tessellate><coordinates>139.693676,35.694462,0 139.693581,35.694278,0 139.694093,35.694118,0 139.694149,35.694103,0 139.694444,35.694022,0 139.694871,35.693898,0 139.694990,35.693863,0 139.695283,35.693784,0 139.695256,35.693718,0 139.695222,35.693643,0 139.695207,35.693608,0 139.695203,35.693584,0 139.695291,35.693558,0 139.695829,35.693402,0 139.696024,35.693345,0 139.696645,35.693165,0 139.696742,35.693136,0 139.696805,35.693112,0 139.696810,35.693109,0 139.696850,35.693074,0 139.696854,35.693071,0 139.696857,35.693013,0 139.696858,35.693007,0 139.696868,35.693004,0 139.697119,35.692981,0 139.697162,35.692900,0 139.697167,35.692896,0 139.697183,35.692881,0 139.697147,35.692869,0 139.697150,35.692864,0 139.697158,35.692850,0 139.697239,35.692870,0 139.697434,35.692718,0 139.697851,35.692378,0 139.697992,35.692258,0 139.698007,35.692215,0 139.698013,35.692182,0 139.698016,35.692171,0 139.698021,35.692144,0 139.698037,35.692120,0 139.698042,35.692053,0 139.698045,35.692011,0 139.698046,35.691997,0 139.698049,35.691968,0 139.698051,35.691944,0 139.698053,35.691924,0 139.698072,35.691662,0 139.698074,35.691642,0 139.698083,35.691518,0 139.698091,35.691413,0 139.698029,35.691344,0 139.698031,35.691300,0 139.698033,35.691266,0 139.698041,35.691125,0 139.698046,35.691035,0 139.698085,35.691024,0 139.698113,35.691005,0 139.698126,35.690983,0 139.698131,35.690962,0 139.698174,35.690379,0 139.698182,35.690321,0 139.698197,35.690279,0 139.698249,35.690233,0 139.698265,35.690220,0 139.698478,35.690160,0 139.698482,35.690095,0 139.698530,35.690064,0 139.698539,35.690002,0 139.698558,35.689870,0 139.698578,35.689727,0 139.698600,35.689573,0 139.698621,35.689430,0 139.698631,35.689353,0 139.698668,35.689128,0 139.698704,35.688896,0 139.698726,35.688790,0 139.698766,35.688729,0 139.698733,35.688680,0 139.698702,35.688659,0 139.698749,35.688578,0 139.698810,35.688475,0 139.698857,35.688398,0 139.698949,35.688399,0 139.698993,35.688337,0 139.699036,35.688250,0 139.699073,35.688155,0 139.699096,35.688095,0 139.699241,35.687692,0 139.699424,35.687135,0 139.699458,35.687055,0 139.699525,35.686901,0 139.699602,35.686694,0 139.699697,35.686529,0 139.699913,35.686274,0 139.700583,35.685705,0 139.700612,35.685665,0 139.700676,35.685607,0 139.700717,35.685569,0 139.700752,35.685537,0 139.700790,35.685503,0 139.700857,35.685441,0 139.700841,35.685404,0 139.700874,35.685370,0 139.700950,35.685284,0 139.700979,35.685246,0 139.701019,35.685198,0 139.701062,35.685073,0 139.701163,35.684790,0 139.701187,35.684721,0 139.701260,35.684513,0 139.701428,35.683899,0 139.701507,35.683596,0 139.701514,35.683570,0 139.701503,35.683543,0 139.701488,35.683537,0 139.701504,35.683454,0 139.701520,35.683377,0 139.701572,35.683301,0 139.701580,35.683270,0 139.701622,35.683112,0 139.701654,35.682941,0 139.701673,35.682945,0 139.701689,35.682873,0 139.701684,35.682847,0 139.701681,35.682836,0 139.701674,35.682800,0 139.701638,35.682767,0 139.701612,35.682759,0 139.701624,35.682715,0 139.701638,35.682663,0 139.701686,35.682655,0 139.701733,35.682623,0 139.701802,35.682432,0 139.702099,35.681555,0 139.702153,35.681405,0 139.702177,35.681342,0 139.702358,35.680805,0 139.702382,35.680753,0 139.702431,35.680703,0 139.702538,35.680617,0 139.702629,35.680560,0 139.702724,35.680514,0 139.702792,35.680466,0 139.702861,35.680404,0 139.702900,35.680360,0 139.702938,35.680194,0 139.702904,35.680152,0 139.702820,35.680116,0 139.702732,35.680076,0 139.702702,35.680064,0 139.702661,35.680042,0 139.702754,35.680008,0 139.702526,35.679828,0 139.702240,35.679386,0 139.702120,35.679134,0 139.702001,35.679107,0 139.701516,35.679154,0 139.701417,35.679178,0 139.701018,35.678885,0 139.700644,35.678504,0 139.700369,35.678117,0 139.700455,35.677769,0 139.700567,35.677467,0 139.700617,35.677353,0 139.700806,35.676918,0 139.700770,35.676911,0 139.700684,35.676884,0 139.700525,35.676704,0 139.700314,35.676550,0 139.700184,35.676507,0 139.700258,35.675925,0 139.700268,35.675847,0 139.700273,35.675811,0 139.700298,35.675639,0 139.700252,35.675636,0 139.700072,35.675629,0 139.699454,35.675603,0 139.699426,35.675869,0</coordinates></LineString><LineString><tessellate>1</tessellate><coordinates>139.697463,35.692813,0 139.697547,35.692626,0 139.697318,35.692694,0</coordinates></LineString><LineString><tessellate>1</tessellate><coordinates>139.698786,35.689003,0 139.698722,35.688811,0 139.698583,35.688975,0</coordinates></LineString><LineString><tessellate>1</tessellate><coordinates>139.700944,35.685437,0 139.700983,35.685241,0 139.700774,35.685343,0</coordinates></LineString><LineString><tessellate>1</tessellate><coordinates>139.702239,35.681475,0 139.702198,35.681279,0 139.702041,35.681430,0</coordinates></LineString><LineString><tessellate>1</tessellate><coordinates>139.700842,35.678616,0 139.700643,35.678502,0 139.700665,35.678700,0</coordinates></LineString></MultiGeometry></Placemark>
<Placemark><name>d15·2 🚇 05:30 JR Chūō Line (rápida): Shinjuku → Tokyo ⇒ Santuario Meiji</name><styleUrl>#lff225af16</styleUrl><description><![CDATA[SALE 05:30 de Shinjuku → LLEGA a Tokyo · JR Chūō Line (rápida) — sentido Tokyo (4 tramos) · rumbo del plan: Santuario Meiji]]></description><MultiGeometry><LineString><tessellate>1</tessellate><coordinates>139.698762,35.688726,0 139.729482,35.686205,0 139.764440,35.699717,0 139.770698,35.694473,0 139.764615,35.677700,0</coordinates></LineString><LineString><tessellate>1</tessellate><coordinates>139.709482,35.687977,0 139.709806,35.687820,0 139.709451,35.687718,0</coordinates></LineString><LineString><tessellate>1</tessellate><coordinates>139.720526,35.687071,0 139.720849,35.686914,0 139.720494,35.686812,0</coordinates></LineString><LineString><tessellate>1</tessellate><coordinates>139.731296,35.687050,0 139.731672,35.687051,0 139.731432,35.686815,0</coordinates></LineString><LineString><tessellate>1</tessellate><coordinates>139.741330,35.690929,0 139.741706,35.690930,0 139.741466,35.690693,0</coordinates></LineString><LineString><tessellate>1</tessellate><coordinates>139.751365,35.694807,0 139.751741,35.694809,0 139.751500,35.694572,0</coordinates></LineString><LineString><tessellate>1</tessellate><coordinates>139.761399,35.698686,0 139.761775,35.698687,0 139.761535,35.698451,0</coordinates></LineString><LineString><tessellate>1</tessellate><coordinates>139.770009,35.695236,0 139.770134,35.694946,0 139.769782,35.695055,0</coordinates></LineString><LineString><tessellate>1</tessellate><coordinates>139.768021,35.686634,0 139.767772,35.686404,0 139.767716,35.686708,0</coordinates></LineString></MultiGeometry></Placemark>
<Placemark><name>d15·3 🚇 05:30 JR Keiyo Line: Tokyo → Maihama ⇒ Santuario Meiji</name><styleUrl>#lff2f25c96</styleUrl><description><![CDATA[SALE 05:30 de Tokyo → LLEGA a Maihama · JR Keiyo Line — sentido Soga (6 tramos) · rumbo del plan: Santuario Meiji]]></description><MultiGeometry><LineString><tessellate>1</tessellate><coordinates>139.764615,35.677700,0 139.776469,35.674006,0 139.792284,35.668191,0 139.817251,35.658703,0 139.826463,35.645085,0 139.860845,35.644679,0 139.776085,35.616744,0</coordinates></LineString><LineString><tessellate>1</tessellate><coordinates>139.785165,35.670951,0 139.785411,35.670718,0 139.785035,35.670714,0</coordinates></LineString><LineString><tessellate>1</tessellate><coordinates>139.805601,35.663274,0 139.805843,35.663038,0 139.805467,35.663038,0</coordinates></LineString><LineString><tessellate>1</tessellate><coordinates>139.822022,35.651918,0 139.822048,35.651611,0 139.821744,35.651792,0</coordinates></LineString><LineString><tessellate>1</tessellate><coordinates>139.839488,35.645061,0 139.839826,35.644927,0 139.839484,35.644801,0</coordinates></LineString><LineString><tessellate>1</tessellate><coordinates>139.859867,35.644216,0 139.859492,35.644233,0 139.859749,35.644457,0</coordinates></LineString><LineString><tessellate>1</tessellate><coordinates>139.839016,35.637344,0 139.838640,35.637360,0 139.838897,35.637585,0</coordinates></LineString><LineString><tessellate>1</tessellate><coordinates>139.818164,35.630472,0 139.817789,35.630488,0 139.818045,35.630713,0</coordinates></LineString><LineString><tessellate>1</tessellate><coordinates>139.797312,35.623600,0 139.796937,35.623616,0 139.797194,35.623841,0</coordinates></LineString></MultiGeometry></Placemark>
<Placemark><name>d15·4 🚇 05:50 JR Yamanote Line: Shinjuku → Harajuku ⇒ Santuario Meiji</name><styleUrl>#lff32cd9a6</styleUrl><description><![CDATA[SALE 05:50 de Shinjuku → LLEGA a Harajuku · JR Yamanote Line — sentido uchi-mawari, vía Shibuya (2 tramos) · rumbo del plan: Santuario Meiji]]></description><MultiGeometry><LineString><tessellate>1</tessellate><coordinates>139.698762,35.688726,0 139.702056,35.683033,0 139.702466,35.670090,0</coordinates></LineString><LineString><tessellate>1</tessellate><coordinates>139.701276,35.684684,0 139.701278,35.684377,0 139.700989,35.684573,0</coordinates></LineString><LineString><tessellate>1</tessellate><coordinates>139.702311,35.679992,0 139.702161,35.679709,0 139.701993,35.679985,0</coordinates></LineString><LineString><tessellate>1</tessellate><coordinates>139.702464,35.675182,0 139.702314,35.674900,0 139.702146,35.675175,0</coordinates></LineString></MultiGeometry></Placemark>
<Placemark><name>d15·5 🚶 Harajuku → Santuario Meiji</name><styleUrl>#lb8636f7a3</styleUrl><description><![CDATA[caminando]]></description><MultiGeometry><LineString><tessellate>1</tessellate><coordinates>139.702523,35.670074,0 139.702488,35.669992,0 139.702309,35.669998,0 139.702292,35.669999,0 139.702283,35.669999,0 139.702178,35.669846,0 139.702126,35.669840,0 139.702083,35.669839,0 139.702108,35.670041,0 139.702149,35.670798,0 139.702213,35.671145,0 139.702362,35.671704,0 139.702561,35.672181,0 139.702735,35.672597,0 139.702528,35.672631,0 139.702593,35.672820,0 139.702668,35.673006,0 139.702598,35.673153,0 139.702207,35.673303,0 139.702117,35.673325,0 139.701984,35.673363,0 139.701867,35.673382,0 139.701851,35.673545,0 139.701784,35.673848,0 139.701737,35.673973,0 139.701686,35.674049,0 139.701726,35.674162,0 139.701787,35.674252,0 139.701867,35.674385,0 139.701904,35.674435,0 139.701874,35.674483,0 139.701868,35.674567,0 139.701883,35.674660,0 139.701868,35.674821,0 139.701839,35.674992,0 139.701804,35.675060,0 139.701732,35.675259,0 139.701582,35.675288,0 139.701413,35.675321,0 139.701090,35.675525,0 139.700928,35.675628,0 139.700773,35.675677,0 139.700699,35.675675,0 139.700499,35.675661,0 139.700430,35.675653,0 139.700298,35.675639,0 139.700252,35.675636,0 139.700072,35.675629,0 139.699454,35.675603,0 139.699426,35.675869,0</coordinates></LineString><LineString><tessellate>1</tessellate><coordinates>139.702172,35.671387,0 139.702320,35.671546,0 139.702373,35.671351,0</coordinates></LineString><LineString><tessellate>1</tessellate><coordinates>139.702333,35.673185,0 139.702151,35.673317,0 139.702391,35.673346,0</coordinates></LineString><LineString><tessellate>1</tessellate><coordinates>139.701893,35.675141,0 139.701702,35.675265,0 139.701941,35.675305,0</coordinates></LineString></MultiGeometry></Placemark>
<Placemark><name>d15·6 🚶 Santuario Meiji → Takeshita Street + Omotesandō</name><styleUrl>#lb8636f7a3</styleUrl><description><![CDATA[caminando]]></description><MultiGeometry><LineString><tessellate>1</tessellate><coordinates>139.699426,35.675869,0 139.699426,35.675869,0 139.699454,35.675603,0 139.700072,35.675629,0 139.700252,35.675636,0 139.700298,35.675639,0 139.700430,35.675653,0 139.700499,35.675661,0 139.700699,35.675675,0 139.700773,35.675677,0 139.700928,35.675628,0 139.701090,35.675525,0 139.701413,35.675321,0 139.701582,35.675288,0 139.701732,35.675259,0 139.701804,35.675060,0 139.701839,35.674992,0 139.701868,35.674821,0 139.701883,35.674660,0 139.701868,35.674567,0 139.701874,35.674483,0 139.701904,35.674435,0 139.701867,35.674385,0 139.701787,35.674252,0 139.701726,35.674162,0 139.701686,35.674049,0 139.701737,35.673973,0 139.701784,35.673848,0 139.701851,35.673545,0 139.701867,35.673382,0 139.701984,35.673363,0 139.702117,35.673325,0 139.702207,35.673303,0 139.702598,35.673153,0 139.702668,35.673006,0 139.702593,35.672820,0 139.702528,35.672631,0 139.702735,35.672597,0 139.702561,35.672181,0 139.702362,35.671704,0 139.702213,35.671145,0 139.702149,35.670798,0 139.702108,35.670041,0 139.702083,35.669839,0 139.702126,35.669840,0 139.702178,35.669846,0 139.702275,35.669837,0 139.702586,35.669808,0 139.702656,35.669820,0 139.702628,35.669736,0 139.702689,35.669731,0 139.702811,35.669719,0 139.702873,35.669714,0 139.702907,35.669710,0 139.702935,35.669926,0 139.702981,35.669916,0 139.703016,35.669894,0 139.703044,35.669865,0 139.703073,35.669882,0 139.703187,35.669755,0 139.703310,35.669824,0 139.703425,35.669822,0 139.703591,35.669864,0 139.703636,35.669872,0 139.703722,35.669894,0 139.703879,35.669935,0 139.703984,35.669965,0 139.704020,35.669973,0 139.704028,35.669952,0 139.704125,35.670007,0 139.704249,35.670102,0 139.704286,35.670132,0 139.704330,35.670187,0 139.704470,35.670462,0 139.704511,35.670608,0 139.704694,35.670577,0 139.704879,35.670751,0 139.705179,35.671035,0 139.705182,35.671034,0</coordinates></LineString><LineString><tessellate>1</tessellate><coordinates>139.701820,35.675313,0 139.701784,35.675116,0 139.701622,35.675265,0</coordinates></LineString><LineString><tessellate>1</tessellate><coordinates>139.702382,35.673329,0 139.702538,35.673176,0 139.702295,35.673176,0</coordinates></LineString><LineString><tessellate>1</tessellate><coordinates>139.702327,35.671201,0 139.702193,35.671035,0 139.702124,35.671226,0</coordinates></LineString><LineString><tessellate>1</tessellate><coordinates>139.703065,35.670033,0 139.703113,35.669838,0 139.702899,35.669933,0</coordinates></LineString></MultiGeometry></Placemark>
<Placemark><name>d15·7 🚶 Takeshita Street + Omotesandō → Harajuku ⇒ Cruce de Shibuya</name><styleUrl>#lb8636f7a3</styleUrl><description><![CDATA[caminando · rumbo del plan: Cruce de Shibuya]]></description><MultiGeometry><LineString><tessellate>1</tessellate><coordinates>139.705182,35.671034,0 139.705179,35.671035,0 139.704874,35.671207,0 139.704845,35.671219,0 139.704817,35.671229,0 139.704127,35.671372,0 139.703798,35.671440,0 139.703117,35.671584,0 139.703106,35.671543,0 139.703102,35.671524,0 139.703096,35.671502,0 139.703009,35.671170,0 139.702959,35.670903,0 139.702948,35.670788,0 139.702965,35.670617,0 139.702951,35.670564,0 139.702962,35.670291,0 139.702869,35.670295,0 139.702803,35.670298,0 139.702789,35.670176,0 139.702777,35.670095,0 139.702717,35.670100,0 139.702540,35.670116,0 139.702523,35.670074,0</coordinates></LineString><LineString><tessellate>1</tessellate><coordinates>139.703244,35.671704,0 139.703106,35.671541,0 139.703042,35.671733,0</coordinates></LineString></MultiGeometry></Placemark>
<Placemark><name>d15·8 🚇 15:15 JR Yamanote Line: Harajuku → Shibuya ⇒ Cruce de Shibuya</name><styleUrl>#lff32cd9a6</styleUrl><description><![CDATA[SALE 15:15 de Harajuku → LLEGA a Shibuya · JR Yamanote Line — sentido uchi-mawari (1 tramos) · rumbo del plan: Cruce de Shibuya]]></description><MultiGeometry><LineString><tessellate>1</tessellate><coordinates>139.702466,35.670090,0 139.702497,35.659011,0</coordinates></LineString><LineString><tessellate>1</tessellate><coordinates>139.702635,35.666676,0 139.702476,35.666397,0 139.702317,35.666676,0</coordinates></LineString><LineString><tessellate>1</tessellate><coordinates>139.702645,35.662983,0 139.702487,35.662704,0 139.702327,35.662983,0</coordinates></LineString></MultiGeometry></Placemark>
<Placemark><name>d15·9 🚶 Shibuya → Cruce de Shibuya</name><styleUrl>#lb8636f7a3</styleUrl><description><![CDATA[caminando]]></description><MultiGeometry><LineString><tessellate>1</tessellate><coordinates>139.702508,35.659013,0 139.702519,35.658980,0 139.702575,35.658855,0 139.702529,35.658837,0 139.702576,35.658748,0 139.702636,35.658635,0 139.702759,35.658680,0 139.702828,35.658534,0 139.702864,35.658520,0 139.702852,35.658547,0 139.702842,35.658571,0 139.702834,35.658588,0 139.702536,35.658380,0 139.702516,35.658423,0 139.702503,35.658451,0 139.702368,35.658727,0 139.702301,35.658706,0 139.702217,35.658679,0 139.702207,35.658701,0 139.702060,35.658656,0 139.702034,35.658713,0 139.701810,35.659265,0 139.701559,35.659315,0 139.701486,35.659307,0 139.701237,35.659286,0 139.701190,35.659281,0 139.701196,35.659242,0 139.701121,35.659234,0 139.701023,35.659224,0 139.700976,35.659211,0 139.700736,35.659281,0 139.700664,35.659367,0 139.700656,35.659377,0 139.700572,35.659482,0 139.700560,35.659483,0</coordinates></LineString><LineString><tessellate>1</tessellate><coordinates>139.702028,35.658486,0 139.702047,35.658685,0 139.702220,35.658545,0</coordinates></LineString></MultiGeometry></Placemark>
<Placemark><name>d15·10 🚶 Cruce de Shibuya → Shibuya Sky</name><styleUrl>#lb8636f7a3</styleUrl><description><![CDATA[caminando]]></description><LineString><tessellate>1</tessellate><coordinates>139.700560,35.659483,0 139.700572,35.659482,0 139.700656,35.659377,0 139.700664,35.659367,0 139.700736,35.659281,0 139.700976,35.659211,0 139.701023,35.659224,0 139.701121,35.659234,0 139.701196,35.659242,0 139.701190,35.659281,0 139.701237,35.659286,0 139.701486,35.659307,0 139.701559,35.659315,0 139.701810,35.659265,0 139.702034,35.658713,0 139.702045,35.658690,0</coordinates></LineString></Placemark>
</Folder>
<Folder><name>vie 16 · subgrupos</name>
<Placemark><name>1. 07:00 · Gran Buda de Kamakura (d16)</name><styleUrl>#p1</styleUrl><description><![CDATA[Hora del plan: 07:00. ⏰ SIGUIENTE PUNTO ESTRICTO del día: 16:30 — punto fijo (reserva/transporte: NO se puede llegar tarde).]]></description><Point><coordinates>139.535744,35.316814,0</coordinates></Point></Placemark>
<Placemark><name>2. 08:40 · Hase-dera (Kamakura) (d16)</name><styleUrl>#p2</styleUrl><description><![CDATA[Hora del plan: 08:40. ⏰ SIGUIENTE PUNTO ESTRICTO del día: 16:30 — punto fijo (reserva/transporte: NO se puede llegar tarde).]]></description><Point><coordinates>139.533063,35.312464,0</coordinates></Point></Placemark>
<Placemark><name>3. 07:00 · Lago Kawaguchiko (d16)</name><styleUrl>#p3</styleUrl><description><![CDATA[Hora del plan: 07:00. ⏰ SIGUIENTE PUNTO ESTRICTO del día: 16:30 — punto fijo (reserva/transporte: NO se puede llegar tarde).]]></description><Point><coordinates>138.751779,35.517095,0</coordinates></Point></Placemark>
<Placemark><name>4. 10:30 · teamLab Planets (d16)</name><styleUrl>#p4</styleUrl><description><![CDATA[Hora del plan: 10:30. ⏰ SIGUIENTE PUNTO ESTRICTO del día: 16:30 — punto fijo (reserva/transporte: NO se puede llegar tarde).]]></description><Point><coordinates>139.789774,35.649121,0</coordinates></Point></Placemark>
<Placemark><name>5. 14:15 · Akihabara (d16)</name><styleUrl>#p5</styleUrl><description><![CDATA[Hora del plan: 14:15. ⏰ SIGUIENTE PUNTO ESTRICTO del día: 16:30 — punto fijo (reserva/transporte: NO se puede llegar tarde).]]></description><Point><coordinates>139.771370,35.699647,0</coordinates></Point></Placemark>
<Placemark><name>d16·1 🚶 Hotel → Shinjuku ⇒ Gran Buda de Kamakura</name><styleUrl>#lb8636f7a3</styleUrl><description><![CDATA[caminando · rumbo del plan: Gran Buda de Kamakura]]></description><MultiGeometry><LineString><tessellate>1</tessellate><coordinates>139.693676,35.694462,0 139.693581,35.694278,0 139.694093,35.694118,0 139.694149,35.694103,0 139.694444,35.694022,0 139.694871,35.693898,0 139.694990,35.693863,0 139.695283,35.693784,0 139.695256,35.693718,0 139.695222,35.693643,0 139.695207,35.693608,0 139.695203,35.693584,0 139.695291,35.693558,0 139.695829,35.693402,0 139.696024,35.693345,0 139.696645,35.693165,0 139.696742,35.693136,0 139.696805,35.693112,0 139.696810,35.693109,0 139.696850,35.693074,0 139.696854,35.693071,0 139.696857,35.693013,0 139.696858,35.693007,0 139.696868,35.693004,0 139.697119,35.692981,0 139.697162,35.692900,0 139.697167,35.692896,0 139.697183,35.692881,0 139.697147,35.692869,0 139.697150,35.692864,0 139.697158,35.692850,0 139.697239,35.692870,0 139.697434,35.692718,0 139.697851,35.692378,0 139.697992,35.692258,0 139.698007,35.692215,0 139.698013,35.692182,0 139.698016,35.692171,0 139.698021,35.692144,0 139.698037,35.692120,0 139.698042,35.692053,0 139.698045,35.692011,0 139.698046,35.691997,0 139.698049,35.691968,0 139.698051,35.691944,0 139.698053,35.691924,0 139.698072,35.691662,0 139.698074,35.691642,0 139.698083,35.691518,0 139.698091,35.691413,0 139.698029,35.691344,0 139.698031,35.691300,0 139.698033,35.691266,0 139.698041,35.691125,0 139.698046,35.691035,0 139.698085,35.691024,0 139.698113,35.691005,0 139.698126,35.690983,0 139.698131,35.690962,0 139.698174,35.690379,0 139.698182,35.690321,0 139.698197,35.690279,0 139.698249,35.690233,0 139.698265,35.690220,0 139.698478,35.690160,0 139.698482,35.690095,0 139.698530,35.690064,0 139.698539,35.690002,0 139.698558,35.689870,0 139.698578,35.689727,0 139.698600,35.689573,0 139.698621,35.689430,0 139.698631,35.689353,0 139.698668,35.689128,0 139.698704,35.688896,0 139.698743,35.688873,0 139.698749,35.688820,0 139.698762,35.688726,0</coordinates></LineString><LineString><tessellate>1</tessellate><coordinates>139.695305,35.693643,0 139.695479,35.693504,0 139.695236,35.693485,0</coordinates></LineString><LineString><tessellate>1</tessellate><coordinates>139.697507,35.692777,0 139.697590,35.692590,0 139.697362,35.692658,0</coordinates></LineString><LineString><tessellate>1</tessellate><coordinates>139.698243,35.690844,0 139.698153,35.690659,0 139.698037,35.690834,0</coordinates></LineString></MultiGeometry></Placemark>
<Placemark><name>d16·2 🚇 07:00 JR Shōnan-Shinjuku Line: Shinjuku → Kamakura ⇒ Gran Buda de Kamakura</name><styleUrl>#lff301be26</styleUrl><description><![CDATA[SALE 07:00 de Shinjuku → LLEGA a Kamakura · JR Shōnan-Shinjuku Line — sentido Zushi (12 tramos) · rumbo del plan: Gran Buda de Kamakura]]></description><MultiGeometry><LineString><tessellate>1</tessellate><coordinates>139.698762,35.688726,0 139.702497,35.659011,0 139.707823,35.646245,0 139.729254,35.619464,0 139.721995,35.601780,0 139.703567,35.619905,0 139.742672,35.628527,0 139.599702,35.446689,0 139.841711,35.695362,0 139.694456,35.716965,0 139.848863,35.689501,0 139.546500,35.337000,0 139.550200,35.319000,0</coordinates></LineString><LineString><tessellate>1</tessellate><coordinates>139.740879,35.626006,0 139.740561,35.625842,0 139.740612,35.626147,0</coordinates></LineString><LineString><tessellate>1</tessellate><coordinates>139.639087,35.496542,0 139.638770,35.496378,0 139.638820,35.496682,0</coordinates></LineString><LineString><tessellate>1</tessellate><coordinates>139.671517,35.520690,0 139.671853,35.520827,0 139.671765,35.520528,0</coordinates></LineString><LineString><tessellate>1</tessellate><coordinates>139.788608,35.641005,0 139.788944,35.641142,0 139.788856,35.640843,0</coordinates></LineString><LineString><tessellate>1</tessellate><coordinates>139.740231,35.710118,0 139.739923,35.710295,0 139.740287,35.710374,0</coordinates></LineString><LineString><tessellate>1</tessellate><coordinates>139.833001,35.692455,0 139.833301,35.692269,0 139.832934,35.692201,0</coordinates></LineString><LineString><tessellate>1</tessellate><coordinates>139.750223,35.574279,0 139.749898,35.574126,0 139.749964,35.574428,0</coordinates></LineString><LineString><tessellate>1</tessellate><coordinates>139.642115,35.448244,0 139.641790,35.448091,0 139.641855,35.448394,0</coordinates></LineString></MultiGeometry></Placemark>
<Placemark><name>d16·3 🚶 Kamakura → Gran Buda de Kamakura</name><styleUrl>#lb8636f7a3</styleUrl><description><![CDATA[caminando]]></description><MultiGeometry><LineString><tessellate>1</tessellate><coordinates>139.550120,35.319018,0 139.550120,35.319018,0 139.550091,35.319018,0 139.550093,35.319049,0 139.550064,35.319181,0 139.550203,35.319176,0 139.550224,35.319425,0 139.550160,35.319425,0 139.550136,35.319414,0 139.550065,35.319418,0 139.549972,35.319404,0 139.549901,35.319365,0 139.549846,35.319300,0 139.549776,35.319130,0 139.549252,35.319295,0 139.548850,35.319427,0 139.548707,35.319444,0 139.548687,35.319404,0 139.547184,35.319614,0 139.546387,35.319730,0 139.546251,35.319747,0 139.545603,35.319824,0 139.545433,35.319841,0 139.544678,35.319912,0 139.544256,35.319995,0 139.544082,35.320046,0 139.543764,35.320141,0 139.543462,35.320250,0 139.542756,35.320506,0 139.542664,35.320540,0 139.542370,35.320634,0 139.541842,35.320766,0 139.541450,35.320854,0 139.540701,35.321031,0 139.540433,35.321076,0 139.540269,35.321088,0 139.539372,35.321122,0 139.538681,35.321139,0 139.538390,35.320053,0 139.538385,35.320038,0 139.538139,35.319236,0 139.538130,35.319198,0 139.537978,35.318634,0 139.537808,35.318048,0 139.537685,35.317593,0 139.537637,35.317414,0 139.537629,35.317399,0 139.537557,35.317094,0 139.537514,35.316958,0 139.537422,35.316832,0 139.537279,35.316756,0 139.536692,35.316568,0 139.536596,35.316533,0 139.536273,35.316221,0 139.536012,35.315863,0 139.535912,35.315673,0 139.535767,35.315401,0 139.535606,35.315219,0 139.535402,35.315068,0 139.535155,35.315126,0 139.535196,35.315379,0 139.535191,35.315612,0 139.535281,35.315612,0 139.535282,35.315624,0 139.535282,35.315631,0 139.535281,35.315662,0 139.535281,35.315671,0 139.535310,35.315736,0 139.535318,35.315750,0 139.535322,35.315758,0 139.535333,35.315777,0 139.535385,35.315874,0 139.535421,35.315933,0 139.535448,35.315980,0 139.535355,35.316047,0 139.535326,35.316067,0 139.535338,35.316112,0 139.535346,35.316148,0 139.535358,35.316191,0 139.535388,35.316318,0 139.535498,35.316359,0 139.535541,35.316560,0 139.535545,35.316589,0 139.535563,35.316667,0 139.535576,35.316729,0 139.535703,35.316719,0 139.535709,35.316746,0 139.535772,35.316751,0 139.535790,35.316762,0</coordinates></LineString><LineString><tessellate>1</tessellate><coordinates>139.547426,35.319495,0 139.547227,35.319608,0 139.547460,35.319661,0</coordinates></LineString><LineString><tessellate>1</tessellate><coordinates>139.543494,35.320146,0 139.543335,35.320296,0 139.543577,35.320300,0</coordinates></LineString><LineString><tessellate>1</tessellate><coordinates>139.539706,35.321025,0 139.539492,35.321117,0 139.539716,35.321193,0</coordinates></LineString><LineString><tessellate>1</tessellate><coordinates>139.538114,35.318740,0 139.537964,35.318584,0 139.537915,35.318779,0</coordinates></LineString><LineString><tessellate>1</tessellate><coordinates>139.536273,35.316058,0 139.536073,35.315946,0 139.536098,35.316144,0</coordinates></LineString></MultiGeometry></Placemark>
<Placemark><name>d16·4 🚶 Gran Buda de Kamakura → Kamakura ⇒ Hase-dera (Kamakura)</name><styleUrl>#lb8636f7a3</styleUrl><description><![CDATA[caminando · rumbo del plan: Hase-dera (Kamakura)]]></description><MultiGeometry><LineString><tessellate>1</tessellate><coordinates>139.535790,35.316762,0 139.535772,35.316751,0 139.535709,35.316746,0 139.535703,35.316719,0 139.535576,35.316729,0 139.535563,35.316667,0 139.535545,35.316589,0 139.535541,35.316560,0 139.535498,35.316359,0 139.535388,35.316318,0 139.535358,35.316191,0 139.535346,35.316148,0 139.535338,35.316112,0 139.535326,35.316067,0 139.535355,35.316047,0 139.535448,35.315980,0 139.535421,35.315933,0 139.535385,35.315874,0 139.535333,35.315777,0 139.535322,35.315758,0 139.535318,35.315750,0 139.535310,35.315736,0 139.535281,35.315671,0 139.535281,35.315662,0 139.535282,35.315631,0 139.535282,35.315624,0 139.535281,35.315612,0 139.535191,35.315612,0 139.535196,35.315379,0 139.535155,35.315126,0 139.535402,35.315068,0 139.535606,35.315219,0 139.535767,35.315401,0 139.535912,35.315673,0 139.536012,35.315863,0 139.536273,35.316221,0 139.536596,35.316533,0 139.536692,35.316568,0 139.537279,35.316756,0 139.537422,35.316832,0 139.537514,35.316958,0 139.537557,35.317094,0 139.537629,35.317399,0 139.537637,35.317414,0 139.537685,35.317593,0 139.537808,35.318048,0 139.537978,35.318634,0 139.538130,35.319198,0 139.538139,35.319236,0 139.538385,35.320038,0 139.538390,35.320053,0 139.538681,35.321139,0 139.539372,35.321122,0 139.540269,35.321088,0 139.540433,35.321076,0 139.540701,35.321031,0 139.541450,35.320854,0 139.541842,35.320766,0 139.542370,35.320634,0 139.542664,35.320540,0 139.542756,35.320506,0 139.543462,35.320250,0 139.543764,35.320141,0 139.544082,35.320046,0 139.544256,35.319995,0 139.544678,35.319912,0 139.545433,35.319841,0 139.545603,35.319824,0 139.546251,35.319747,0 139.546387,35.319730,0 139.547184,35.319614,0 139.548687,35.319404,0 139.548707,35.319444,0 139.548850,35.319427,0 139.549252,35.319295,0 139.549776,35.319130,0 139.549846,35.319300,0 139.549901,35.319365,0 139.549972,35.319404,0 139.550065,35.319418,0 139.550136,35.319414,0 139.550160,35.319425,0 139.550224,35.319425,0 139.550203,35.319176,0 139.550064,35.319181,0 139.550093,35.319049,0 139.550091,35.319018,0 139.550120,35.319018,0</coordinates></LineString><LineString><tessellate>1</tessellate><coordinates>139.535872,35.315835,0 139.536073,35.315946,0 139.536048,35.315748,0</coordinates></LineString><LineString><tessellate>1</tessellate><coordinates>139.537813,35.318428,0 139.537964,35.318584,0 139.538012,35.318389,0</coordinates></LineString><LineString><tessellate>1</tessellate><coordinates>139.539277,35.321210,0 139.539492,35.321117,0 139.539268,35.321042,0</coordinates></LineString><LineString><tessellate>1</tessellate><coordinates>139.543175,35.320446,0 139.543335,35.320296,0 139.543092,35.320292,0</coordinates></LineString><LineString><tessellate>1</tessellate><coordinates>139.547028,35.319721,0 139.547227,35.319608,0 139.546993,35.319555,0</coordinates></LineString></MultiGeometry></Placemark>
<Placemark><name>d16·5 🚇 08:40 Enoden: Kamakura → Hase ⇒ Hase-dera (Kamakura)</name><styleUrl>#lff0388006</styleUrl><description><![CDATA[SALE 08:40 de Kamakura → LLEGA a Hase · Enoden — sentido Fujisawa (3 tramos) · ruta escénica · rumbo del plan: Hase-dera (Kamakura)]]></description><MultiGeometry><LineString><tessellate>1</tessellate><coordinates>139.550200,35.319000,0 139.544500,35.315600,0 139.539600,35.312200,0 139.533200,35.312500,0</coordinates></LineString><LineString><tessellate>1</tessellate><coordinates>139.545208,35.315862,0 139.544841,35.315803,0 139.545022,35.316072,0</coordinates></LineString><LineString><tessellate>1</tessellate><coordinates>139.540123,35.312393,0 139.539762,35.312312,0 139.539919,35.312591,0</coordinates></LineString></MultiGeometry></Placemark>
<Placemark><name>d16·6 🚇 10:00 Yurikamome: Shimbashi → Shin-Toyosu ⇒ teamLab Planets</name><styleUrl>#lff9c46296</styleUrl><description><![CDATA[SALE 10:00 de Shimbashi → LLEGA a Shin-Toyosu · Yurikamome — sentido Toyosu (14 tramos) · ruta escénica · rumbo del plan: teamLab Planets]]></description><MultiGeometry><LineString><tessellate>1</tessellate><coordinates>139.759614,35.667144,0 139.760272,35.663238,0 139.761907,35.653974,0 139.759100,35.649189,0 139.757772,35.641738,0 139.778178,35.629740,0 139.772453,35.626388,0 139.773081,35.621401,0 139.778704,35.618158,0 139.781300,35.624754,0 139.791370,35.630197,0 139.796789,35.641511,0 139.788792,35.640103,0 139.785799,35.645771,0 139.789614,35.648518,0</coordinates></LineString><LineString><tessellate>1</tessellate><coordinates>139.761809,35.655438,0 139.761701,35.655143,0 139.761495,35.655400,0</coordinates></LineString><LineString><tessellate>1</tessellate><coordinates>139.758313,35.643872,0 139.758106,35.643615,0 139.757998,35.643910,0</coordinates></LineString><LineString><tessellate>1</tessellate><coordinates>139.767735,35.636040,0 139.767919,35.635772,0 139.767549,35.635829,0</coordinates></LineString><LineString><tessellate>1</tessellate><coordinates>139.776775,35.628759,0 139.776406,35.628702,0 139.776590,35.628970,0</coordinates></LineString><LineString><tessellate>1</tessellate><coordinates>139.776020,35.619865,0 139.776207,35.619598,0 139.775837,35.619652,0</coordinates></LineString><LineString><tessellate>1</tessellate><coordinates>139.783672,35.626192,0 139.784044,35.626237,0 139.783847,35.625975,0</coordinates></LineString><LineString><tessellate>1</tessellate><coordinates>139.793299,35.634580,0 139.793571,35.634792,0 139.793595,35.634485,0</coordinates></LineString><LineString><tessellate>1</tessellate><coordinates>139.791295,35.640411,0 139.790929,35.640479,0 139.791229,35.640665,0</coordinates></LineString></MultiGeometry></Placemark>
<Placemark><name>d16·7 🚇 14:15 JR Chūō Line (rápida): Akihabara → Shinjuku</name><styleUrl>#lff225af16</styleUrl><description><![CDATA[SALE 14:15 de Akihabara → LLEGA a Shinjuku · JR Chūō Line (rápida) — sentido Nakano / Mitaka, el local amarillo (9 tramos)]]></description><MultiGeometry><LineString><tessellate>1</tessellate><coordinates>139.773072,35.698383,0 139.764440,35.699717,0 139.753502,35.702048,0 139.745023,35.702084,0 139.736818,35.691392,0 139.729482,35.686205,0 139.720495,35.680024,0 139.711118,35.681083,0 139.702056,35.683033,0 139.698762,35.688726,0</coordinates></LineString><LineString><tessellate>1</tessellate><coordinates>139.763340,35.699818,0 139.763050,35.700014,0 139.763420,35.700069,0</coordinates></LineString><LineString><tessellate>1</tessellate><coordinates>139.753489,35.701918,0 139.753149,35.702050,0 139.753490,35.702178,0</coordinates></LineString><LineString><tessellate>1</tessellate><coordinates>139.744225,35.700799,0 139.743909,35.700632,0 139.743956,35.700937,0</coordinates></LineString><LineString><tessellate>1</tessellate><coordinates>139.738792,35.693719,0 139.738476,35.693552,0 139.738523,35.693858,0</coordinates></LineString><LineString><tessellate>1</tessellate><coordinates>139.731808,35.687677,0 139.731446,35.687594,0 139.731600,35.687874,0</coordinates></LineString><LineString><tessellate>1</tessellate><coordinates>139.724011,35.682272,0 139.723648,35.682192,0 139.723806,35.682471,0</coordinates></LineString><LineString><tessellate>1</tessellate><coordinates>139.714769,35.680539,0 139.714453,35.680706,0 139.714812,35.680797,0</coordinates></LineString><LineString><tessellate>1</tessellate><coordinates>139.704781,35.682312,0 139.704492,35.682509,0 139.704862,35.682564,0</coordinates></LineString></MultiGeometry></Placemark>
</Folder>
<Folder><name>sáb 17 · Tsukiji</name>
<Placemark><name>1. 05:00 · Tsukiji Outer Market (d17)</name><styleUrl>#p1</styleUrl><description><![CDATA[Hora del plan: 05:00. ⏰ SIGUIENTE PUNTO ESTRICTO del día: 05:00 — Arriba (reserva/transporte: NO se puede llegar tarde).]]></description><Point><coordinates>139.770252,35.664770,0</coordinates></Point></Placemark>
<Placemark><name>2. 05:15 · Ginza (d17)</name><styleUrl>#p2</styleUrl><description><![CDATA[Hora del plan: 05:15. ⏰ SIGUIENTE PUNTO ESTRICTO del día: 09:00 — Jardín Hamarikyu (reserva/transporte: NO se puede llegar tarde).]]></description><Point><coordinates>139.766486,35.671223,0</coordinates></Point></Placemark>
<Placemark><name>3. 06:00 · Tsukiji Outer Market (d17)</name><styleUrl>#p3</styleUrl><description><![CDATA[Hora del plan: 06:00. ⏰ SIGUIENTE PUNTO ESTRICTO del día: 09:00 — Jardín Hamarikyu (reserva/transporte: NO se puede llegar tarde).]]></description><Point><coordinates>139.770252,35.664770,0</coordinates></Point></Placemark>
<Placemark><name>4. 10:15 · Ginza (d17)</name><styleUrl>#p4</styleUrl><description><![CDATA[Hora del plan: 10:15. Sin más puntos estrictos hoy después de esta parada.]]></description><Point><coordinates>139.766486,35.671223,0</coordinates></Point></Placemark>
<Placemark><name>5. 12:20 · Torre de Tokio (d17)</name><styleUrl>#p5</styleUrl><description><![CDATA[Hora del plan: 12:20. Sin más puntos estrictos hoy después de esta parada.]]></description><Point><coordinates>139.745433,35.658580,0</coordinates></Point></Placemark>
<Placemark><name>6. 12:20 · Zōjō-ji (d17)</name><styleUrl>#p6</styleUrl><description><![CDATA[Hora del plan: 12:20. Sin más puntos estrictos hoy después de esta parada.]]></description><Point><coordinates>139.748293,35.657479,0</coordinates></Point></Placemark>
<Placemark><name>7. 13:50 · Ginza (d17)</name><styleUrl>#p7</styleUrl><description><![CDATA[Hora del plan: 13:50. Sin más puntos estrictos hoy después de esta parada.]]></description><Point><coordinates>139.766486,35.671223,0</coordinates></Point></Placemark>
<Placemark><name>8. 14:00 · Akihabara (d17)</name><styleUrl>#p8</styleUrl><description><![CDATA[Hora del plan: 14:00. Sin más puntos estrictos hoy después de esta parada.]]></description><Point><coordinates>139.771370,35.699647,0</coordinates></Point></Placemark>
<Placemark><name>d17·1 🚇 05:15 Metro Marunouchi Line: Shinjuku → Ginza</name><styleUrl>#lff1200e66</styleUrl><description><![CDATA[SALE 05:15 de Shinjuku → LLEGA a Ginza · Metro Marunouchi Line — sentido Ikebukuro (8 tramos)]]></description><MultiGeometry><LineString><tessellate>1</tessellate><coordinates>139.698762,35.688726,0 139.704882,35.690882,0 139.710854,35.688570,0 139.720172,35.687747,0 139.729482,35.686205,0 139.737269,35.676795,0 139.744963,35.673896,0 139.751057,35.673854,0 139.764050,35.671850,0</coordinates></LineString><LineString><tessellate>1</tessellate><coordinates>139.706034,35.690580,0 139.706274,35.690344,0 139.705898,35.690345,0</coordinates></LineString><LineString><tessellate>1</tessellate><coordinates>139.713650,35.688454,0 139.713971,35.688295,0 139.713615,35.688196,0</coordinates></LineString><LineString><tessellate>1</tessellate><coordinates>139.721797,35.687611,0 139.722099,35.687428,0 139.721734,35.687356,0</coordinates></LineString><LineString><tessellate>1</tessellate><coordinates>139.729798,35.686055,0 139.729858,35.685752,0 139.729535,35.685910,0</coordinates></LineString><LineString><tessellate>1</tessellate><coordinates>139.734396,35.680499,0 139.734455,35.680195,0 139.734133,35.680353,0</coordinates></LineString><LineString><tessellate>1</tessellate><coordinates>139.739916,35.675940,0 139.740160,35.675706,0 139.739784,35.675704,0</coordinates></LineString><LineString><tessellate>1</tessellate><coordinates>139.747537,35.674008,0 139.747876,35.673876,0 139.747534,35.673748,0</coordinates></LineString><LineString><tessellate>1</tessellate><coordinates>139.755685,35.673273,0 139.755991,35.673093,0 139.755626,35.673017,0</coordinates></LineString></MultiGeometry></Placemark>
<Placemark><name>d17·2 🚶 Ginza → Ginza</name><styleUrl>#lb8636f7a3</styleUrl><description><![CDATA[caminando]]></description><MultiGeometry><LineString><tessellate>1</tessellate><coordinates>139.764063,35.671862,0 139.764096,35.671839,0 139.764254,35.671722,0 139.764274,35.671739,0 139.764297,35.671757,0 139.764318,35.671775,0 139.764334,35.671788,0 139.764372,35.671759,0 139.764379,35.671754,0 139.764462,35.671824,0 139.764491,35.671799,0 139.764508,35.671811,0 139.764563,35.671771,0 139.764702,35.671669,0 139.764713,35.671661,0 139.764737,35.671644,0 139.764761,35.671626,0 139.764775,35.671616,0 139.764866,35.671549,0 139.765018,35.671437,0 139.765112,35.671457,0 139.765143,35.671430,0 139.765175,35.671405,0 139.765234,35.671361,0 139.765259,35.671342,0 139.765283,35.671323,0 139.765298,35.671236,0 139.765319,35.671211,0 139.765387,35.671158,0 139.765671,35.670939,0 139.765677,35.670936,0 139.765701,35.670921,0 139.765733,35.670894,0 139.765742,35.670889,0 139.765779,35.670858,0 139.766086,35.670624,0 139.766121,35.670656,0 139.766131,35.670666,0 139.766192,35.670724,0 139.766412,35.670932,0 139.766516,35.670930,0 139.766564,35.670957,0 139.766693,35.671086,0</coordinates></LineString><LineString><tessellate>1</tessellate><coordinates>139.765280,35.671358,0 139.765368,35.671173,0 139.765138,35.671236,0</coordinates></LineString></MultiGeometry></Placemark>
<Placemark><name>d17·3 🚶 Ginza → Ginza ⇒ Tsukiji Outer Market</name><styleUrl>#lb8636f7a3</styleUrl><description><![CDATA[caminando · rumbo del plan: Tsukiji Outer Market]]></description><MultiGeometry><LineString><tessellate>1</tessellate><coordinates>139.766693,35.671086,0 139.766564,35.670957,0 139.766516,35.670930,0 139.766412,35.670932,0 139.766192,35.670724,0 139.766131,35.670666,0 139.766121,35.670656,0 139.766086,35.670624,0 139.765779,35.670858,0 139.765742,35.670889,0 139.765733,35.670894,0 139.765701,35.670921,0 139.765677,35.670936,0 139.765671,35.670939,0 139.765387,35.671158,0 139.765319,35.671211,0 139.765298,35.671236,0 139.765283,35.671323,0 139.765259,35.671342,0 139.765234,35.671361,0 139.765175,35.671405,0 139.765143,35.671430,0 139.765112,35.671457,0 139.765018,35.671437,0 139.764866,35.671549,0 139.764775,35.671616,0 139.764761,35.671626,0 139.764737,35.671644,0 139.764713,35.671661,0 139.764702,35.671669,0 139.764563,35.671771,0 139.764508,35.671811,0 139.764491,35.671799,0 139.764462,35.671824,0 139.764379,35.671754,0 139.764372,35.671759,0 139.764334,35.671788,0 139.764318,35.671775,0 139.764297,35.671757,0 139.764274,35.671739,0 139.764254,35.671722,0 139.764096,35.671839,0 139.764063,35.671862,0</coordinates></LineString><LineString><tessellate>1</tessellate><coordinates>139.765457,35.670987,0 139.765368,35.671173,0 139.765599,35.671109,0</coordinates></LineString></MultiGeometry></Placemark>
<Placemark><name>d17·4 🚇 05:32 Metro Hibiya Line: Ginza → Tsukiji ⇒ Tsukiji Outer Market</name><styleUrl>#lffb7ae9c6</styleUrl><description><![CDATA[SALE 05:32 de Ginza → LLEGA a Tsukiji · Metro Hibiya Line — sentido Kita-Senju (2 tramos) · rumbo del plan: Tsukiji Outer Market]]></description><MultiGeometry><LineString><tessellate>1</tessellate><coordinates>139.764050,35.671850,0 139.768029,35.670913,0 139.772592,35.668085,0</coordinates></LineString><LineString><tessellate>1</tessellate><coordinates>139.768484,35.670793,0 139.768660,35.670521,0 139.768293,35.670586,0</coordinates></LineString></MultiGeometry></Placemark>
<Placemark><name>d17·5 🚶 Tsukiji → Tsukiji Outer Market</name><styleUrl>#lb8636f7a3</styleUrl><description><![CDATA[caminando]]></description><MultiGeometry><LineString><tessellate>1</tessellate><coordinates>139.772554,35.668109,0 139.772078,35.667613,0 139.771965,35.667703,0 139.771946,35.667718,0 139.771762,35.667585,0 139.771711,35.667551,0 139.771699,35.667541,0 139.771581,35.667499,0 139.771520,35.667448,0 139.771467,35.667372,0 139.771434,35.667338,0 139.771396,35.667318,0 139.771375,35.667306,0 139.771332,35.667276,0 139.771302,35.667255,0 139.771294,35.667240,0 139.771079,35.667067,0 139.770867,35.666886,0 139.770776,35.666839,0 139.770695,35.666807,0 139.770619,35.666799,0 139.770610,35.666748,0 139.770545,35.666697,0 139.770456,35.666628,0 139.770417,35.666598,0 139.770374,35.666591,0 139.770382,35.666559,0 139.770382,35.666533,0 139.770355,35.666490,0 139.770174,35.666351,0 139.770143,35.666324,0 139.770115,35.666304,0 139.769427,35.665770,0 139.769409,35.665762,0 139.769481,35.665698,0 139.769564,35.665625,0 139.769618,35.665578,0 139.769595,35.665540,0 139.769595,35.665510,0 139.769615,35.665477,0 139.769647,35.665440,0 139.769743,35.665352,0 139.769768,35.665325,0 139.769790,35.665304,0 139.770054,35.665055,0 139.770088,35.665020,0 139.770050,35.664990,0 139.770272,35.664784,0</coordinates></LineString><LineString><tessellate>1</tessellate><coordinates>139.770656,35.666666,0 139.770425,35.666604,0 139.770515,35.666789,0</coordinates></LineString></MultiGeometry></Placemark>
<Placemark><name>d17·6 🚶 Tsukiji Outer Market → Ginza</name><styleUrl>#lb8636f7a3</styleUrl><description><![CDATA[caminando]]></description><MultiGeometry><LineString><tessellate>1</tessellate><coordinates>139.770272,35.664784,0 139.770050,35.664990,0 139.770088,35.665020,0 139.770054,35.665055,0 139.769790,35.665304,0 139.769768,35.665325,0 139.769743,35.665352,0 139.769647,35.665440,0 139.769615,35.665477,0 139.769595,35.665510,0 139.769595,35.665540,0 139.769618,35.665578,0 139.769564,35.665625,0 139.769481,35.665698,0 139.769409,35.665762,0 139.769388,35.665752,0 139.769334,35.665758,0 139.769265,35.665800,0 139.769148,35.665910,0 139.769125,35.665935,0 139.769102,35.665958,0 139.768932,35.666113,0 139.768907,35.666141,0 139.768882,35.666163,0 139.768644,35.666387,0 139.768635,35.666407,0 139.768625,35.666418,0 139.768601,35.666446,0 139.768571,35.666474,0 139.768556,35.666495,0 139.768543,35.666498,0 139.768513,35.666507,0 139.768463,35.666554,0 139.768176,35.666826,0 139.768163,35.666842,0 139.768147,35.666857,0 139.768123,35.666882,0 139.767898,35.667089,0 139.767888,35.667106,0 139.767881,35.667131,0 139.767884,35.667148,0 139.767883,35.667165,0 139.767874,35.667179,0 139.767833,35.667207,0 139.767789,35.667237,0 139.767769,35.667255,0 139.767461,35.667520,0 139.767437,35.667543,0 139.767419,35.667571,0 139.767416,35.667587,0 139.767413,35.667605,0 139.767418,35.667626,0 139.767392,35.667645,0 139.767364,35.667693,0 139.767343,35.667730,0 139.767329,35.667743,0 139.767304,35.667733,0 139.767275,35.667740,0 139.767261,35.667743,0 139.766890,35.668088,0 139.766890,35.668099,0 139.766890,35.668113,0 139.766872,35.668131,0 139.766849,35.668153,0 139.766826,35.668177,0 139.766818,35.668187,0 139.766798,35.668186,0 139.766581,35.668378,0 139.766559,35.668403,0 139.766545,35.668418,0 139.766296,35.668651,0 139.766286,35.668672,0 139.766301,35.668703,0 139.766344,35.668739,0 139.766323,35.668753,0 139.766285,35.668782,0 139.766114,35.668915,0 139.766075,35.668946,0 139.766046,35.668969,0 139.766739,35.669564,0 139.766753,35.669595,0 139.766753,35.669636,0 139.766749,35.669648,0 139.766779,35.669677,0 139.766825,35.669728,0 139.766910,35.669821,0 139.766957,35.669873,0 139.766972,35.669896,0 139.766934,35.669918,0 139.766823,35.670015,0 139.766782,35.670045,0 139.766771,35.670065,0 139.766746,35.670076,0 139.766718,35.670097,0 139.766684,35.670125,0 139.766666,35.670139,0 139.766626,35.670171,0 139.766603,35.670188,0 139.766583,35.670202,0 139.766561,35.670221,0 139.766281,35.670453,0 139.766237,35.670489,0 139.766218,35.670505,0 139.766188,35.670534,0 139.766150,35.670571,0 139.766247,35.670666,0 139.766192,35.670724,0 139.766412,35.670932,0 139.766516,35.670930,0 139.766564,35.670957,0 139.766693,35.671086,0</coordinates></LineString><LineString><tessellate>1</tessellate><coordinates>139.768738,35.666170,0 139.768671,35.666362,0 139.768893,35.666281,0</coordinates></LineString><LineString><tessellate>1</tessellate><coordinates>139.767094,35.667771,0 139.767025,35.667962,0 139.767248,35.667882,0</coordinates></LineString><LineString><tessellate>1</tessellate><coordinates>139.766485,35.669468,0 139.766712,35.669541,0 139.766634,35.669352,0</coordinates></LineString></MultiGeometry></Placemark>
<Placemark><name>d17·7 🚶 Ginza → Tsukiji ⇒ Torre de Tokio</name><styleUrl>#lb8636f7a3</styleUrl><description><![CDATA[caminando · rumbo del plan: Torre de Tokio]]></description><MultiGeometry><LineString><tessellate>1</tessellate><coordinates>139.766693,35.671086,0 139.766881,35.671274,0 139.766896,35.671265,0 139.766917,35.671251,0 139.766951,35.671229,0 139.766965,35.671221,0 139.766985,35.671218,0 139.767141,35.671116,0 139.767174,35.671094,0 139.767211,35.671071,0 139.767446,35.670922,0 139.767459,35.670908,0 139.767457,35.670892,0 139.767481,35.670875,0 139.767501,35.670862,0 139.767527,35.670844,0 139.767553,35.670824,0 139.767565,35.670825,0 139.767592,35.670815,0 139.767751,35.670713,0 139.767764,35.670694,0 139.767767,35.670689,0 139.767766,35.670663,0 139.767706,35.670597,0 139.767725,35.670586,0 139.767775,35.670556,0 139.767980,35.670436,0 139.768025,35.670406,0 139.768043,35.670395,0 139.768061,35.670416,0 139.768088,35.670426,0 139.768124,35.670426,0 139.768144,35.670419,0 139.768812,35.669928,0 139.768857,35.669894,0 139.768867,35.669862,0 139.768891,35.669850,0 139.768921,35.669829,0 139.768945,35.669812,0 139.768961,35.669800,0 139.768989,35.669797,0 139.769172,35.669665,0 139.769198,35.669646,0 139.769232,35.669623,0 139.769396,35.669507,0 139.769407,35.669482,0 139.769414,35.669467,0 139.769443,35.669460,0 139.769466,35.669442,0 139.769487,35.669427,0 139.769526,35.669399,0 139.769806,35.669199,0 139.769828,35.669183,0 139.769853,35.669161,0 139.769882,35.669138,0 139.769911,35.669107,0 139.769945,35.669107,0 139.770832,35.668476,0 139.770848,35.668454,0 139.770839,35.668426,0 139.770899,35.668378,0 139.770962,35.668328,0 139.770976,35.668339,0 139.771005,35.668344,0 139.771036,35.668339,0 139.771866,35.667758,0 139.771881,35.667736,0 139.771881,35.667692,0 139.771863,35.667676,0 139.771711,35.667578,0 139.771711,35.667551,0 139.771762,35.667585,0 139.771946,35.667718,0 139.771965,35.667703,0 139.772078,35.667613,0 139.772554,35.668109,0</coordinates></LineString><LineString><tessellate>1</tessellate><coordinates>139.768640,35.670167,0 139.768736,35.669984,0 139.768503,35.670042,0</coordinates></LineString><LineString><tessellate>1</tessellate><coordinates>139.770774,35.668595,0 139.770860,35.668409,0 139.770631,35.668475,0</coordinates></LineString></MultiGeometry></Placemark>
<Placemark><name>d17·8 🚇 12:00 Metro Hibiya Line: Tsukiji → Kamiyachō ⇒ Torre de Tokio</name><styleUrl>#lffb7ae9c6</styleUrl><description><![CDATA[SALE 12:00 de Tsukiji → LLEGA a Kamiyachō · Metro Hibiya Line — sentido Naka-Meguro (6 tramos) · rumbo del plan: Torre de Tokio]]></description><MultiGeometry><LineString><tessellate>1</tessellate><coordinates>139.772592,35.668085,0 139.768029,35.670913,0 139.764050,35.671850,0 139.761069,35.674108,0 139.751057,35.673854,0 139.747765,35.667469,0 139.745048,35.662964,0</coordinates></LineString><LineString><tessellate>1</tessellate><coordinates>139.767638,35.670869,0 139.767355,35.671072,0 139.767726,35.671119,0</coordinates></LineString><LineString><tessellate>1</tessellate><coordinates>139.762000,35.673225,0 139.761858,35.673510,0 139.762216,35.673416,0</coordinates></LineString><LineString><tessellate>1</tessellate><coordinates>139.756066,35.673851,0 139.755721,35.673972,0 139.756057,35.674111,0</coordinates></LineString><LineString><tessellate>1</tessellate><coordinates>139.750652,35.672734,0 139.750373,35.672528,0 139.750359,35.672835,0</coordinates></LineString><LineString><tessellate>1</tessellate><coordinates>139.748155,35.667890,0 139.747876,35.667684,0 139.747862,35.667991,0</coordinates></LineString></MultiGeometry></Placemark>
<Placemark><name>d17·9 🚶 Kamiyachō → Torre de Tokio</name><styleUrl>#lb8636f7a3</styleUrl><description><![CDATA[caminando]]></description><MultiGeometry><LineString><tessellate>1</tessellate><coordinates>139.745008,35.662989,0 139.744901,35.662877,0 139.744845,35.662912,0 139.744829,35.662895,0 139.744572,35.662622,0 139.744381,35.662418,0 139.744342,35.662386,0 139.744311,35.662362,0 139.744116,35.662145,0 139.744187,35.662106,0 139.744284,35.662052,0 139.744352,35.662014,0 139.744346,35.661984,0 139.744275,35.661894,0 139.744209,35.661810,0 139.744085,35.661662,0 139.743999,35.661577,0 139.743766,35.661269,0 139.743701,35.661178,0 139.743686,35.661153,0 139.743504,35.660900,0 139.743478,35.660854,0 139.743463,35.660827,0 139.743354,35.660648,0 139.743294,35.660522,0 139.743192,35.660264,0 139.743161,35.660165,0 139.743153,35.660132,0 139.743141,35.660085,0 139.743136,35.660058,0 139.743136,35.660038,0 139.743141,35.660019,0 139.743170,35.659991,0 139.743187,35.659983,0 139.743200,35.659977,0 139.743252,35.659959,0 139.743904,35.659857,0 139.744101,35.659820,0 139.744276,35.659807,0 139.744315,35.659786,0 139.744346,35.659766,0 139.744380,35.659697,0 139.745341,35.659261,0 139.745796,35.659016,0 139.745761,35.658970,0 139.745740,35.658940,0 139.745645,35.658812,0 139.745632,35.658792,0 139.745632,35.658792,0</coordinates></LineString><LineString><tessellate>1</tessellate><coordinates>139.744079,35.661523,0 139.743876,35.661414,0 139.743904,35.661612,0</coordinates></LineString><LineString><tessellate>1</tessellate><coordinates>139.743629,35.659986,0 139.743827,35.659869,0 139.743591,35.659820,0</coordinates></LineString></MultiGeometry></Placemark>
<Placemark><name>d17·10 🚶 Torre de Tokio → Zōjō-ji</name><styleUrl>#lb8636f7a3</styleUrl><description><![CDATA[caminando]]></description><MultiGeometry><LineString><tessellate>1</tessellate><coordinates>139.745632,35.658792,0 139.745645,35.658812,0 139.745851,35.658700,0 139.746006,35.658615,0 139.746089,35.658622,0 139.746097,35.658623,0 139.746105,35.658625,0 139.746113,35.658627,0 139.746122,35.658628,0 139.746131,35.658632,0 139.746138,35.658638,0 139.746145,35.658644,0 139.746151,35.658649,0 139.746157,35.658654,0 139.746163,35.658659,0 139.746169,35.658664,0 139.746174,35.658669,0 139.746180,35.658673,0 139.746186,35.658678,0 139.746191,35.658683,0 139.746195,35.658687,0 139.746208,35.658702,0 139.746248,35.658654,0 139.746312,35.658623,0 139.746392,35.658587,0 139.746868,35.658417,0 139.746889,35.658362,0 139.746917,35.658344,0 139.746963,35.658340,0 139.747071,35.658327,0 139.747139,35.658316,0 139.747122,35.658211,0 139.747132,35.658193,0 139.747136,35.658186,0 139.747142,35.658175,0 139.747140,35.658155,0 139.747139,35.658139,0 139.747136,35.658110,0 139.747290,35.658120,0 139.747674,35.658143,0 139.748596,35.658017,0 139.748814,35.657987,0 139.748812,35.657978,0 139.748811,35.657975,0 139.748782,35.657979,0 139.748771,35.657958,0 139.748745,35.657889,0 139.748671,35.657890,0 139.748604,35.657892,0 139.748544,35.657945,0 139.748537,35.657940,0 139.748521,35.657931,0 139.748497,35.657735,0 139.748853,35.657699,0 139.748831,35.657551,0 139.748618,35.657571,0 139.748605,35.657472,0</coordinates></LineString><LineString><tessellate>1</tessellate><coordinates>139.747525,35.658249,0 139.747725,35.658136,0 139.747491,35.658083,0</coordinates></LineString></MultiGeometry></Placemark>
<Placemark><name>d17·11 🚶 Zōjō-ji → Kamiyachō ⇒ Ginza</name><styleUrl>#lb8636f7a3</styleUrl><description><![CDATA[caminando · rumbo del plan: Ginza]]></description><MultiGeometry><LineString><tessellate>1</tessellate><coordinates>139.748605,35.657472,0 139.748618,35.657571,0 139.748831,35.657551,0 139.748853,35.657699,0 139.748497,35.657735,0 139.748521,35.657931,0 139.748537,35.657940,0 139.748544,35.657945,0 139.748604,35.657892,0 139.748671,35.657890,0 139.748745,35.657889,0 139.748771,35.657958,0 139.748782,35.657979,0 139.748811,35.657975,0 139.748812,35.657978,0 139.748814,35.657987,0 139.748596,35.658017,0 139.747674,35.658143,0 139.747290,35.658120,0 139.747136,35.658110,0 139.747139,35.658139,0 139.747140,35.658155,0 139.747142,35.658175,0 139.747136,35.658186,0 139.747132,35.658193,0 139.747122,35.658211,0 139.747139,35.658316,0 139.747071,35.658327,0 139.746963,35.658340,0 139.746917,35.658344,0 139.746889,35.658362,0 139.746868,35.658417,0 139.746879,35.658483,0 139.746891,35.658539,0 139.746706,35.658601,0 139.746411,35.658716,0 139.745906,35.658957,0 139.745796,35.659016,0 139.745341,35.659261,0 139.744380,35.659697,0 139.744346,35.659766,0 139.744315,35.659786,0 139.744276,35.659807,0 139.744101,35.659820,0 139.743904,35.659857,0 139.743252,35.659959,0 139.743200,35.659977,0 139.743187,35.659983,0 139.743170,35.659991,0 139.743141,35.660019,0 139.743136,35.660038,0 139.743136,35.660058,0 139.743141,35.660085,0 139.743153,35.660132,0 139.743161,35.660165,0 139.743192,35.660264,0 139.743294,35.660522,0 139.743354,35.660648,0 139.743463,35.660827,0 139.743478,35.660854,0 139.743504,35.660900,0 139.743686,35.661153,0 139.743701,35.661178,0 139.743766,35.661269,0 139.743999,35.661577,0 139.744085,35.661662,0 139.744209,35.661810,0 139.744275,35.661894,0 139.744346,35.661984,0 139.744352,35.662014,0 139.744284,35.662052,0 139.744187,35.662106,0 139.744116,35.662145,0 139.744311,35.662362,0 139.744342,35.662386,0 139.744381,35.662418,0 139.744572,35.662622,0 139.744829,35.662895,0 139.744845,35.662912,0 139.744901,35.662877,0 139.745008,35.662989,0</coordinates></LineString><LineString><tessellate>1</tessellate><coordinates>139.748028,35.658009,0 139.747827,35.658122,0 139.748062,35.658175,0</coordinates></LineString><LineString><tessellate>1</tessellate><coordinates>139.746052,35.658790,0 139.745913,35.658953,0 139.746156,35.658935,0</coordinates></LineString><LineString><tessellate>1</tessellate><coordinates>139.743907,35.659771,0 139.743709,35.659887,0 139.743945,35.659936,0</coordinates></LineString><LineString><tessellate>1</tessellate><coordinates>139.743704,35.661346,0 139.743907,35.661456,0 139.743878,35.661258,0</coordinates></LineString></MultiGeometry></Placemark>
<Placemark><name>d17·12 🚇 13:50 Metro Hibiya Line: Kamiyachō → Ginza</name><styleUrl>#lffb7ae9c6</styleUrl><description><![CDATA[SALE 13:50 de Kamiyachō → LLEGA a Ginza · Metro Hibiya Line — sentido Kita-Senju (4 tramos)]]></description><MultiGeometry><LineString><tessellate>1</tessellate><coordinates>139.745048,35.662964,0 139.747765,35.667469,0 139.751057,35.673854,0 139.761069,35.674108,0 139.764050,35.671850,0</coordinates></LineString><LineString><tessellate>1</tessellate><coordinates>139.747294,35.666981,0 139.747587,35.667174,0 139.747578,35.666866,0</coordinates></LineString><LineString><tessellate>1</tessellate><coordinates>139.749559,35.671285,0 139.749838,35.671491,0 139.749852,35.671184,0</coordinates></LineString><LineString><tessellate>1</tessellate><coordinates>139.753313,35.674042,0 139.753658,35.673920,0 139.753323,35.673782,0</coordinates></LineString><LineString><tessellate>1</tessellate><coordinates>139.759048,35.674187,0 139.759394,35.674065,0 139.759058,35.673927,0</coordinates></LineString></MultiGeometry></Placemark>
<Placemark><name>d17·13 🚶 Ginza → Ginza</name><styleUrl>#lb8636f7a3</styleUrl><description><![CDATA[caminando]]></description><MultiGeometry><LineString><tessellate>1</tessellate><coordinates>139.764063,35.671862,0 139.764096,35.671839,0 139.764254,35.671722,0 139.764274,35.671739,0 139.764297,35.671757,0 139.764318,35.671775,0 139.764334,35.671788,0 139.764372,35.671759,0 139.764379,35.671754,0 139.764462,35.671824,0 139.764491,35.671799,0 139.764508,35.671811,0 139.764563,35.671771,0 139.764702,35.671669,0 139.764713,35.671661,0 139.764737,35.671644,0 139.764761,35.671626,0 139.764775,35.671616,0 139.764866,35.671549,0 139.765018,35.671437,0 139.765112,35.671457,0 139.765143,35.671430,0 139.765175,35.671405,0 139.765234,35.671361,0 139.765259,35.671342,0 139.765283,35.671323,0 139.765298,35.671236,0 139.765319,35.671211,0 139.765387,35.671158,0 139.765671,35.670939,0 139.765677,35.670936,0 139.765701,35.670921,0 139.765733,35.670894,0 139.765742,35.670889,0 139.765779,35.670858,0 139.766086,35.670624,0 139.766121,35.670656,0 139.766131,35.670666,0 139.766192,35.670724,0 139.766412,35.670932,0 139.766516,35.670930,0 139.766564,35.670957,0 139.766693,35.671086,0</coordinates></LineString><LineString><tessellate>1</tessellate><coordinates>139.765280,35.671358,0 139.765368,35.671173,0 139.765138,35.671236,0</coordinates></LineString></MultiGeometry></Placemark>
<Placemark><name>d17·14 🚶 Ginza → Akihabara</name><styleUrl>#lb8636f7a3</styleUrl><description><![CDATA[caminando]]></description><MultiGeometry><LineString><tessellate>1</tessellate><coordinates>139.766693,35.671086,0 139.766881,35.671274,0 139.766873,35.671291,0 139.766896,35.671314,0 139.766917,35.671338,0 139.766938,35.671363,0 139.766951,35.671391,0 139.766970,35.671391,0 139.766993,35.671414,0 139.767680,35.672258,0 139.767685,35.672277,0 139.767676,35.672313,0 139.767688,35.672322,0 139.767709,35.672346,0 139.767731,35.672371,0 139.767748,35.672388,0 139.767768,35.672386,0 139.767772,35.672390,0 139.767782,35.672399,0 139.767827,35.672458,0 139.767912,35.672553,0 139.768035,35.672698,0 139.768242,35.672969,0 139.768459,35.673258,0 139.768457,35.673284,0 139.768496,35.673296,0 139.768517,35.673323,0 139.768534,35.673345,0 139.768538,35.673366,0 139.768558,35.673369,0 139.768588,35.673393,0 139.769041,35.673885,0 139.769430,35.674308,0 139.769433,35.674334,0 139.769419,35.674350,0 139.769199,35.674493,0 139.769172,35.674512,0 139.769127,35.674544,0 139.768903,35.674691,0 139.768914,35.674697,0 139.768959,35.674727,0 139.768999,35.674753,0 139.769015,35.674765,0 139.769010,35.674787,0 139.769029,35.674815,0 139.769133,35.674944,0 139.769308,35.675249,0 139.769324,35.675275,0 139.769342,35.675311,0 139.769372,35.675366,0 139.769366,35.675389,0 139.769554,35.675672,0 139.769573,35.675703,0 139.769597,35.675743,0 139.769756,35.676004,0 139.769764,35.676012,0 139.769777,35.676024,0 139.769810,35.676037,0 139.769846,35.676034,0 139.769856,35.676048,0 139.769884,35.676090,0 139.769947,35.676184,0 139.769978,35.676229,0 139.769996,35.676257,0 139.769975,35.676274,0 139.769963,35.676308,0 139.769968,35.676330,0 139.770175,35.676674,0 139.770334,35.676944,0 139.770419,35.677079,0 139.770457,35.677141,0 139.770581,35.677338,0 139.770797,35.677668,0 139.770844,35.677714,0 139.770869,35.677752,0 139.770896,35.677794,0 139.770902,35.677849,0 139.771073,35.678112,0 139.771488,35.678771,0 139.771657,35.679031,0 139.771729,35.679064,0 139.771806,35.679059,0 139.771815,35.679074,0 139.771846,35.679123,0 139.771874,35.679169,0 139.771912,35.679232,0 139.771938,35.679274,0 139.771972,35.679330,0 139.771991,35.679360,0 139.771934,35.679415,0 139.771925,35.679469,0 139.772027,35.679640,0 139.772231,35.679973,0 139.772421,35.680274,0 139.772440,35.680306,0 139.772622,35.680593,0 139.772662,35.680655,0 139.772687,35.680693,0 139.772705,35.680722,0 139.772748,35.680791,0 139.772978,35.681158,0 139.773069,35.681303,0 139.773098,35.681349,0 139.773133,35.681407,0 139.773363,35.681781,0 139.773386,35.681818,0 139.773417,35.681867,0 139.773551,35.682078,0 139.773718,35.682339,0 139.773792,35.682365,0 139.773807,35.682390,0 139.773833,35.682433,0 139.773885,35.682519,0 139.773912,35.682563,0 139.773936,35.682603,0 139.773908,35.682656,0 139.773957,35.682736,0 139.774128,35.683021,0 139.774335,35.683360,0 139.774350,35.683377,0 139.774371,35.683389,0 139.774400,35.683390,0 139.774421,35.683420,0 139.774444,35.683455,0 139.774463,35.683484,0 139.774482,35.683513,0 139.774513,35.683559,0 139.774543,35.683603,0 139.774553,35.683619,0 139.774545,35.683630,0 139.774536,35.683642,0 139.774532,35.683672,0 139.774574,35.683842,0 139.774633,35.684086,0 139.774677,35.684255,0 139.774714,35.684360,0 139.774750,35.684415,0 139.774772,35.684429,0 139.774805,35.684455,0 139.774803,35.684479,0 139.774799,35.684552,0 139.774793,35.684637,0 139.774791,35.684668,0 139.774766,35.684687,0 139.774746,35.684710,0 139.774686,35.684848,0 139.774648,35.684939,0 139.774504,35.685291,0 139.774395,35.685562,0 139.774219,35.685977,0 139.774122,35.686204,0 139.774097,35.686262,0 139.774076,35.686312,0 139.774054,35.686364,0 139.774033,35.686412,0 139.773835,35.686880,0 139.773755,35.687068,0 139.773592,35.687434,0 139.773567,35.687489,0 139.773561,35.687510,0 139.773562,35.687523,0 139.773554,35.687540,0 139.773535,35.687585,0 139.773516,35.687631,0 139.773511,35.687643,0 139.773504,35.687658,0 139.773500,35.687669,0 139.773378,35.687971,0 139.773262,35.688255,0 139.773159,35.688510,0 139.773207,35.688582,0 139.773199,35.688604,0 139.773169,35.688684,0 139.773139,35.688764,0 139.773129,35.688791,0 139.773039,35.688822,0 139.772919,35.689108,0 139.772772,35.689461,0 139.772641,35.689759,0 139.772646,35.689779,0 139.772633,35.689795,0 139.772619,35.689823,0 139.772606,35.689859,0 139.772601,35.689877,0 139.772585,35.689895,0 139.772568,35.689929,0 139.772512,35.690083,0 139.772433,35.690273,0 139.772417,35.690310,0 139.772400,35.690351,0 139.772282,35.690635,0 139.772204,35.690827,0 139.772207,35.690858,0 139.772240,35.690885,0 139.772230,35.690908,0 139.772206,35.690959,0 139.772175,35.691028,0 139.772165,35.691052,0 139.772113,35.691073,0 139.772098,35.691094,0 139.771868,35.691665,0 139.771854,35.691706,0 139.771753,35.691938,0 139.771716,35.692016,0 139.771699,35.692061,0 139.771687,35.692093,0 139.771668,35.692139,0 139.771609,35.692291,0 139.771588,35.692338,0 139.771517,35.692489,0 139.771281,35.693056,0 139.771297,35.693092,0 139.771290,35.693111,0 139.771270,35.693168,0 139.771245,35.693234,0 139.771237,35.693257,0 139.771211,35.693286,0 139.771202,35.693297,0 139.771152,35.693414,0 139.771099,35.693538,0 139.770987,35.693805,0 139.770822,35.694218,0 139.770821,35.694264,0 139.770814,35.694279,0 139.770801,35.694308,0 139.770782,35.694351,0 139.770775,35.694366,0 139.770759,35.694404,0 139.770700,35.694540,0 139.770549,35.694890,0 139.770438,35.695165,0 139.770427,35.695188,0 139.770420,35.695245,0 139.770436,35.695293,0 139.770496,35.695466,0 139.770532,35.695568,0 139.770539,35.695588,0 139.770558,35.695609,0 139.770580,35.695629,0 139.770616,35.695639,0 139.770693,35.695638,0 139.770698,35.695671,0 139.770703,35.695711,0 139.770719,35.695828,0 139.770725,35.695874,0 139.770729,35.695906,0 139.770710,35.695910,0 139.770697,35.695918,0 139.770692,35.695929,0 139.770688,35.695942,0 139.770689,35.695955,0 139.770700,35.695983,0 139.770844,35.696367,0 139.770848,35.696374,0 139.770858,35.696380,0 139.770867,35.696381,0 139.770873,35.696398,0 139.770888,35.696438,0 139.770902,35.696474,0 139.770949,35.696601,0 139.770950,35.696605,0 139.770984,35.696693,0 139.770994,35.696709,0 139.771008,35.696717,0 139.771035,35.696779,0 139.771076,35.696876,0 139.771064,35.696912,0 139.771080,35.696968,0 139.771165,35.697190,0 139.771248,35.697395,0 139.771270,35.697434,0 139.771339,35.697471,0 139.771407,35.697485,0 139.771412,35.697533,0 139.771421,35.697606,0 139.771428,35.697660,0 139.771373,35.697711,0 139.771381,35.697812,0 139.771408,35.698135,0 139.771410,35.698190,0 139.771412,35.698241,0 139.771412,35.698248,0 139.771420,35.698500,0 139.771423,35.698556,0 139.771428,35.698599,0 139.771454,35.698629,0 139.771454,35.698636,0 139.771455,35.698663,0 139.771459,35.698713,0 139.771459,35.698726,0 139.771496,35.699122,0 139.771505,35.699228,0 139.771508,35.699255,0 139.771511,35.699294,0 139.771530,35.699527,0 139.771535,35.699544,0 139.771558,35.699559,0 139.771561,35.699580,0 139.771566,35.699633,0 139.771466,35.699650,0 139.771373,35.699663,0</coordinates></LineString><LineString><tessellate>1</tessellate><coordinates>139.769183,35.675226,0 139.769367,35.675357,0 139.769371,35.675158,0</coordinates></LineString><LineString><tessellate>1</tessellate><coordinates>139.772043,35.679858,0 139.772235,35.679980,0 139.772226,35.679781,0</coordinates></LineString><LineString><tessellate>1</tessellate><coordinates>139.774704,35.684556,0 139.774727,35.684754,0 139.774898,35.684612,0</coordinates></LineString><LineString><tessellate>1</tessellate><coordinates>139.772499,35.689610,0 139.772644,35.689770,0 139.772700,35.689576,0</coordinates></LineString><LineString><tessellate>1</tessellate><coordinates>139.770566,35.694597,0 139.770590,35.694795,0 139.770760,35.694653,0</coordinates></LineString></MultiGeometry></Placemark>
</Folder>
<Folder><name>dom 18 · regreso</name>
<Placemark><name>d18·1 🚶 Hotel → Busta Shinjuku ⇒ hotel</name><styleUrl>#lb8636f7a3</styleUrl><description><![CDATA[caminando · rumbo del plan: hotel]]></description><MultiGeometry><LineString><tessellate>1</tessellate><coordinates>139.693676,35.694462,0 139.693581,35.694278,0 139.694093,35.694118,0 139.694149,35.694103,0 139.694444,35.694022,0 139.694871,35.693898,0 139.694990,35.693863,0 139.695283,35.693784,0 139.695256,35.693718,0 139.695222,35.693643,0 139.695207,35.693608,0 139.695203,35.693584,0 139.695291,35.693558,0 139.695829,35.693402,0 139.696024,35.693345,0 139.696645,35.693165,0 139.696742,35.693136,0 139.696805,35.693112,0 139.696810,35.693109,0 139.696850,35.693074,0 139.696854,35.693071,0 139.696857,35.693013,0 139.696858,35.693007,0 139.696868,35.693004,0 139.697119,35.692981,0 139.697162,35.692900,0 139.697167,35.692896,0 139.697183,35.692881,0 139.697147,35.692869,0 139.697150,35.692864,0 139.697158,35.692850,0 139.697239,35.692870,0 139.697434,35.692718,0 139.697851,35.692378,0 139.697992,35.692258,0 139.698007,35.692215,0 139.698013,35.692182,0 139.698016,35.692171,0 139.698021,35.692144,0 139.698037,35.692120,0 139.698042,35.692053,0 139.698045,35.692011,0 139.698046,35.691997,0 139.698049,35.691968,0 139.698051,35.691944,0 139.698053,35.691924,0 139.698072,35.691662,0 139.698074,35.691642,0 139.698083,35.691518,0 139.698753,35.691560,0 139.698788,35.691555,0 139.698813,35.691547,0 139.698837,35.691538,0 139.698862,35.691522,0 139.698881,35.691505,0 139.698920,35.691506,0 139.698962,35.691509,0 139.699091,35.691517,0 139.699189,35.691522,0 139.699184,35.691064,0 139.699258,35.691052,0 139.699551,35.691010,0 139.699569,35.690861,0 139.699594,35.690681,0 139.699621,35.690591,0 139.699642,35.690449,0 139.699679,35.690198,0 139.699692,35.690115,0 139.699739,35.689780,0 139.699760,35.689662,0 139.699774,35.689665,0 139.699778,35.689652,0 139.699789,35.689608,0 139.699800,35.689565,0 139.699736,35.689554,0 139.699813,35.689275,0 139.700023,35.689313,0 139.700293,35.689360,0 139.700316,35.689269,0 139.700331,35.689215,0 139.700347,35.689154,0 139.700395,35.688955,0 139.700177,35.688914,0 139.700073,35.688883,0 139.700085,35.688860,0 139.700126,35.688773,0 139.700156,35.688749,0 139.700190,35.688751,0 139.700237,35.688760,0 139.700238,35.688754,0 139.700246,35.688721,0 139.700274,35.688604,0 139.700356,35.688268,0 139.700378,35.688172,0 139.700386,35.688162,0 139.700400,35.688145,0 139.700417,35.688127,0 139.700427,35.688117,0 139.700438,35.688106,0 139.700452,35.688093,0 139.700469,35.688082,0 139.700512,35.688088,0 139.700491,35.688111,0 139.700433,35.688173,0 139.700431,35.688181,0 139.700429,35.688189,0 139.700415,35.688248,0 139.700384,35.688376,0</coordinates></LineString><LineString><tessellate>1</tessellate><coordinates>139.695468,35.693596,0 139.695642,35.693456,0 139.695399,35.693437,0</coordinates></LineString><LineString><tessellate>1</tessellate><coordinates>139.697752,35.692578,0 139.697835,35.692391,0 139.697607,35.692459,0</coordinates></LineString><LineString><tessellate>1</tessellate><coordinates>139.699289,35.691288,0 139.699184,35.691109,0 139.699084,35.691290,0</coordinates></LineString><LineString><tessellate>1</tessellate><coordinates>139.699702,35.689341,0 139.699939,35.689298,0 139.699746,35.689177,0</coordinates></LineString></MultiGeometry></Placemark>
<Placemark><name>d18·2 🚌 08:30 Airport Limousine Bus: Busta Shinjuku → Haneda T3 ⇒ hotel</name><styleUrl>#lff207bf46</styleUrl><description><![CDATA[SALE 08:30 de Busta Shinjuku → LLEGA a Haneda T3 · Airport Limousine Bus — sentido Haneda Airport T3 (1 tramos) · rumbo del plan: hotel]]></description><MultiGeometry><LineString><tessellate>1</tessellate><coordinates>139.700362,35.688373,0 139.768652,35.543887,0</coordinates></LineString><LineString><tessellate>1</tessellate><coordinates>139.707975,35.672626,0 139.707949,35.672319,0 139.707678,35.672532,0</coordinates></LineString><LineString><tessellate>1</tessellate><coordinates>139.715563,35.656572,0 139.715537,35.656265,0 139.715266,35.656478,0</coordinates></LineString><LineString><tessellate>1</tessellate><coordinates>139.723150,35.640518,0 139.723125,35.640211,0 139.722854,35.640424,0</coordinates></LineString><LineString><tessellate>1</tessellate><coordinates>139.730738,35.624464,0 139.730713,35.624157,0 139.730442,35.624370,0</coordinates></LineString><LineString><tessellate>1</tessellate><coordinates>139.738326,35.608410,0 139.738301,35.608103,0 139.738030,35.608316,0</coordinates></LineString><LineString><tessellate>1</tessellate><coordinates>139.745914,35.592356,0 139.745889,35.592049,0 139.745618,35.592262,0</coordinates></LineString><LineString><tessellate>1</tessellate><coordinates>139.753502,35.576302,0 139.753477,35.575995,0 139.753206,35.576208,0</coordinates></LineString><LineString><tessellate>1</tessellate><coordinates>139.761090,35.560248,0 139.761065,35.559941,0 139.760794,35.560155,0</coordinates></LineString></MultiGeometry></Placemark>
</Folder><Folder><name>1 · Osaka (dom 4 – jue 8)</name>
<Placemark><name>⭐ Castillo de Osaka</name><styleUrl>#sitio_osaka</styleUrl><description><![CDATA[El símbolo de la ciudad: torre de 8 pisos entre fosos y murallas ciclópeas, rodeada de un parque enorme. El museo interior cuenta la era de los unificadores; la vista desde arriba abarca todo Osaka. — EN EL PLAN: dom 4 · 14:15<br/><a href="https://www.google.com/maps/search/?api=1&amp;query=Osaka%20Castle">Abrir en Google Maps</a>]]></description><Point><coordinates>135.525855,34.687257,0</coordinates></Point></Placemark>
<Placemark><name>⭐ Dotonbori</name><styleUrl>#sitio_osaka</styleUrl><description><![CDATA[El canal de neón más famoso de Japón: el corredor de Glico, el cangrejo gigante que se mueve, puestos, barcos y ruido feliz. De noche es otro planeta. — EN EL PLAN: dom 4 · 19:30<br/><a href="https://www.google.com/maps/search/?api=1&amp;query=Dotonbori%20Osaka">Abrir en Google Maps</a>]]></description><Point><coordinates>135.503098,34.668647,0</coordinates></Point></Placemark>
<Placemark><name>⭐ Hōzen-ji</name><styleUrl>#sitio_osaka</styleUrl><description><![CDATA[Templito escondido en un callejón empedrado: el buda Fudō Myōō está cubierto de musgo porque cada visitante le avienta agua al pedir su deseo. — EN EL PLAN: dom 4 · 17:05<br/><a href="https://www.google.com/maps/search/?api=1&amp;query=Hozenji%20Temple%20Osaka">Abrir en Google Maps</a>]]></description><Point><coordinates>135.502468,34.667940,0</coordinates></Point></Placemark>
<Placemark><name>⭐ Namba Yasaka</name><styleUrl>#sitio_osaka</styleUrl><description><![CDATA[El santuario de la cabeza de león gigante: 12 m de fauces abiertas que se tragan la mala suerte. Foto obligada, visita de 20 minutos. — EN EL PLAN: dom 4 · 17:05<br/><a href="https://www.google.com/maps/search/?api=1&amp;query=Namba%20Yasaka%20Shrine%20Osaka">Abrir en Google Maps</a>]]></description><Point><coordinates>135.496704,34.661559,0</coordinates></Point></Placemark>
<Placemark><name>⭐ Shinsekai</name><styleUrl>#sitio_osaka</styleUrl><description><![CDATA[El barrio retro de Osaka: farolitos, kushikatsu, pachinkos y la torre Tsūtenkaku al centro. 'El Nuevo Mundo' que se quedó congelado a mitad del siglo XX — hoy es puro encanto. — EN EL PLAN: jue 8 · 09:30<br/><a href="https://www.google.com/maps/search/?api=1&amp;query=Shinsekai%20Osaka">Abrir en Google Maps</a>]]></description><Point><coordinates>135.505956,34.651601,0</coordinates></Point></Placemark>
<Placemark><name>⭐ Tsūtenkaku</name><styleUrl>#sitio_osaka</styleUrl><description><![CDATA[La torre de 103 m de Shinsekai: mirador, neones de anuncio y el dios Billiken — tócale los pies y pide un deseo. — EN EL PLAN: jue 8 · 09:30<br/><a href="https://www.google.com/maps/search/?api=1&amp;query=Tsutenkaku%20Osaka">Abrir en Google Maps</a>]]></description><Point><coordinates>135.506306,34.652499,0</coordinates></Point></Placemark>
<Placemark><name>⭐ Abeno Harukas</name><styleUrl>#sitio_osaka</styleUrl><description><![CDATA[El rascacielos más alto de Osaka (300 m): el mirador Harukas 300 ocupa los pisos 58–60 con vista de 360° — en día claro se alcanza Kioto y el mar. — EN EL PLAN: jue 8 · 14:00<br/><a href="https://www.google.com/maps/search/?api=1&amp;query=Abeno%20Harukas%20300%20Osaka">Abrir en Google Maps</a>]]></description><Point><coordinates>135.513309,34.646306,0</coordinates></Point></Placemark>
<Placemark><name>⭐ Super Nintendo World</name><styleUrl>#sitio_osaka</styleUrl><description><![CDATA[El mundo de Mario a escala real: entras por un tubo warp, los bloques suenan al golpearlos, Mario Kart es un ride con realidad aumentada y la Power-Up Band convierte el área entera en videojuego. — EN EL PLAN: mar 6 · 08:30<br/><a href="https://www.google.com/maps/search/?api=1&amp;query=Super%20Nintendo%20World%20Osaka">Abrir en Google Maps</a>]]></description><Point><coordinates>135.430323,34.667966,0</coordinates></Point></Placemark>
<Placemark><name>⭐ Universal Studios Japan</name><styleUrl>#sitio_osaka</styleUrl><description><![CDATA[El parque de Universal en Osaka: Nintendo, Harry Potter, Minions, Jaws — y en octubre, ambientación de Halloween. La fila temprana es LA estrategia. — EN EL PLAN: mar 6 · 06:45<br/><a href="https://www.google.com/maps/search/?api=1&amp;query=Universal%20Studios%20Japan">Abrir en Google Maps</a>]]></description><Point><coordinates>135.432319,34.665677,0</coordinates></Point></Placemark>
<Placemark><name>⭐ Parque Tennōji + Keitakuen</name><styleUrl>#sitio_osaka</styleUrl><description><![CDATA[Parque urbano con el jardín japonés Keitakuen al centro: estanque, pinos podados y silencio — un respiro entre Shinsekai y Abeno. — EN EL PLAN: jue 8 · 11:10<br/><a href="https://www.google.com/maps/search/?api=1&amp;query=Keitakuen%20Garden%20Osaka">Abrir en Google Maps</a>]]></description><Point><coordinates>135.511583,34.649657,0</coordinates></Point></Placemark>
<Placemark><name>🍜 Acchichi Honpo</name><styleUrl>#take</styleUrl><description><![CDATA[Takoyaki hecho al momento, de pie en Dotonbori · ¥600 · Nivel 🎋 Take — días: dom 4 · mar 6<br/><a href="https://www.google.com/maps/search/?api=1&amp;query=Acchichi%20Honpo%20Dotonbori%20Osaka">Abrir en Google Maps</a>]]></description><Point><coordinates>135.503199,34.669240,0</coordinates></Point></Placemark>
<Placemark><name>🍜 Kinryu Ramen</name><styleUrl>#take</styleUrl><description><![CDATA[Ramen del dragón dorado, abierto casi siempre · ¥900 · Nivel 🎋 Take — días: dom 4 · mar 6<br/><a href="https://www.google.com/maps/search/?api=1&amp;query=Kinryu%20Ramen%20Dotonbori">Abrir en Google Maps</a>]]></description><Point><coordinates>135.503052,34.668669,0</coordinates></Point></Placemark>
<Placemark><name>🍜 Ichiran Dotonbori</name><styleUrl>#take</styleUrl><description><![CDATA[Tonkotsu en cabina individual — el rito clásico · ¥980–1,320 · Nivel 🎋 Take — días: dom 4 · mar 6 · mié 7<br/><a href="https://www.google.com/maps/search/?api=1&amp;query=Ichiran%20Dotonbori%20Honkan">Abrir en Google Maps</a>]]></description><Point><coordinates>135.503224,34.668422,0</coordinates></Point></Placemark>
<Placemark><name>🍜 Mizuno</name><styleUrl>#ai</styleUrl><description><![CDATA[Okonomiyaki de tradición (1945), fila corta de noche · ¥1,600 · Nivel 🌊 Ai — días: dom 4 · mar 6<br/><a href="https://www.google.com/maps/search/?api=1&amp;query=Okonomiyaki%20Mizuno%20Dotonbori">Abrir en Google Maps</a>]]></description><Point><coordinates>135.503223,34.668355,0</coordinates></Point></Placemark>
<Placemark><name>🍜 Chibo</name><styleUrl>#ai</styleUrl><description><![CDATA[Okonomiyaki con plancha en la mesa · ¥2,000 · Nivel 🌊 Ai — días: dom 4 · mar 6<br/><a href="https://www.google.com/maps/search/?api=1&amp;query=Chibo%20Okonomiyaki%20Dotonbori">Abrir en Google Maps</a>]]></description><Point><coordinates>135.503838,34.668855,0</coordinates></Point></Placemark>
<Placemark><name>🍜 Daruma Dotonbori</name><styleUrl>#ai</styleUrl><description><![CDATA[Kushikatsu (brochetas empanizadas) — regla: NO doble dip · ¥2,500 · Nivel 🌊 Ai — días: dom 4 · mar 6<br/><a href="https://www.google.com/maps/search/?api=1&amp;query=Kushikatsu%20Daruma%20Dotonbori">Abrir en Google Maps</a>]]></description><Point><coordinates>135.502638,34.668835,0</coordinates></Point></Placemark>
<Placemark><name>🍜 Hariju</name><styleUrl>#shu</styleUrl><description><![CDATA[Sukiyaki y shabu de res, casona de 1948 frente al canal · ¥7–10,000 · Nivel 🔴 Shu — días: dom 4 · mar 6<br/><a href="https://www.google.com/maps/search/?api=1&amp;query=Harijyu%20Dotonbori%20Osaka">Abrir en Google Maps</a>]]></description><Point><coordinates>135.500647,34.668541,0</coordinates></Point></Placemark>
<Placemark><name>🍜 Kani Douraku honten</name><styleUrl>#shu</styleUrl><description><![CDATA[Kaiseki de cangrejo — el del letrero gigante que se mueve · ¥6–12,000 · Nivel 🔴 Shu — días: dom 4 · mar 6 · mié 7<br/><a href="https://www.google.com/maps/search/?api=1&amp;query=Kani%20Doraku%20Dotonbori%20Honten">Abrir en Google Maps</a>]]></description><Point><coordinates>135.501487,34.668799,0</coordinates></Point></Placemark>
<Placemark><name>🍜 Matsusakagyu M Dotonbori</name><styleUrl>#shu</styleUrl><description><![CDATA[Yakiniku de res Matsusaka (rival de Kobe) · ¥8–12,000 · Nivel 🔴 Shu — días: dom 4 · mar 6 · mié 7<br/><a href="https://www.google.com/maps/search/?api=1&amp;query=Yakiniku%20M%20Dotonbori">Abrir en Google Maps</a>]]></description><Point><coordinates>135.502594,34.671486,0</coordinates></Point></Placemark>
<Placemark><name>🍜 Yaekatsu</name><styleUrl>#take</styleUrl><description><![CDATA[Kushikatsu de Shinsekai, favorito de locales · ¥1,600 · Nivel 🎋 Take — días: jue 8<br/><a href="https://www.google.com/maps/search/?api=1&amp;query=Yaekatsu%20Shinsekai%20Osaka">Abrir en Google Maps</a>]]></description><Point><coordinates>135.506015,34.649697,0</coordinates></Point></Placemark>
<Placemark><name>🍜 Kushikatsu Tengu</name><styleUrl>#take</styleUrl><description><![CDATA[Kushikatsu clásico del barrio retro · ¥1,800 · Nivel 🎋 Take — días: jue 8<br/><a href="https://www.google.com/maps/search/?api=1&amp;query=Kushikatsu%20Tengu%20Shinsekai">Abrir en Google Maps</a>]]></description><Point><coordinates>135.506058,34.651643,0</coordinates></Point></Placemark>
<Placemark><name>🍜 Daruma (original 1929)</name><styleUrl>#take</styleUrl><description><![CDATA[La casa madre del kushikatsu, donde nació · ¥2,000 · Nivel 🎋 Take — días: jue 8<br/><a href="https://www.google.com/maps/search/?api=1&amp;query=Kushikatsu%20Daruma%20Shinsekai%20Honten">Abrir en Google Maps</a>]]></description><Point><coordinates>135.506203,34.651570,0</coordinates></Point></Placemark>
<Placemark><name>🍜 Matsusakagyu M Namba</name><styleUrl>#ai</styleUrl><description><![CDATA[Yakiniku Matsusaka, sucursal Namba — reservar · ¥8–10,000 · Nivel 🌊 Ai — días: mié 7 · jue 8<br/><a href="https://www.google.com/maps/search/?api=1&amp;query=Yakiniku%20M%20Namba">Abrir en Google Maps</a>]]></description><Point><coordinates>135.502594,34.671486,0</coordinates></Point></Placemark>
<Placemark><name>🍜 Torikizoku</name><styleUrl>#take</styleUrl><description><![CDATA[Yakitori de cadena: TODO a ¥370 el pincho — ideal 10 personas · ¥2,500 · Nivel 🎋 Take — días: mié 7 · vie 16<br/><a href="https://www.google.com/maps/search/?api=1&amp;query=Torikizoku%20Namba">Abrir en Google Maps</a>]]></description><Point><coordinates>135.502786,34.664054,0</coordinates></Point></Placemark>
<Placemark><name>🍜 Kushikatsu Bon</name><styleUrl>#ai</styleUrl><description><![CDATA[Kushikatsu omakase refinado (estrella Michelin) — reservar · ¥6,000 · Nivel 🌊 Ai — días: mié 7<br/><a href="https://www.google.com/maps/search/?api=1&amp;query=Kushikatsu%20Bon%20Osaka">Abrir en Google Maps</a>]]></description><Point><coordinates>135.497225,34.696607,0</coordinates></Point></Placemark>
<Placemark><name>🍜 Misono</name><styleUrl>#shu</styleUrl><description><![CDATA[El INVENTOR del teppanyaki (1945): res Kobe en plancha · ¥12–15,000 · Nivel 🔴 Shu — días: mié 7<br/><a href="https://www.google.com/maps/search/?api=1&amp;query=Misono%20teppanyaki%20Osaka">Abrir en Google Maps</a>]]></description><Point><coordinates>135.499083,34.697864,0</coordinates></Point></Placemark>
<Placemark><name>🍜 CoCo Ichibanya</name><styleUrl>#ai</styleUrl><description><![CDATA[Curry japonés de cadena — apapacho garantizado · ¥1,200 · Nivel 🌊 Ai — días: lun 5<br/><a href="https://www.google.com/maps/search/?api=1&amp;query=CoCo%20Ichibanya%20Kitahama">Abrir en Google Maps</a>]]></description><Point><coordinates>135.494466,34.700697,0</coordinates></Point></Placemark>
<Placemark><name>🍜 Janjan Yokocho</name><styleUrl>#resto</styleUrl><description><![CDATA[Callejón de 20 barras de kushikatsu e izakaya — llegar y escoger · ¥2–3,500 · Nivel 🍴 — días: jue 8<br/><a href="https://www.google.com/maps/search/?api=1&amp;query=Janjan%20Yokocho%20Osaka">Abrir en Google Maps</a>]]></description><Point><coordinates>135.505926,34.649413,0</coordinates></Point></Placemark>
<Placemark><name>🏨 Royal Park Canvas Kitahama (Osaka, 4 noches)</name><styleUrl>#hotel</styleUrl><description><![CDATA[<a href="https://www.google.com/maps/search/?api=1&amp;query=Royal%20Park%20Canvas%20Osaka%20Kitahama">Abrir en Google Maps</a>]]></description><Point><coordinates>135.506923,34.690921,0</coordinates></Point></Placemark>
<Placemark><name>✈️ Osaka Itami (vuelo ANA dom 4, 9:00)</name><styleUrl>#aero</styleUrl><description><![CDATA[<a href="https://www.google.com/maps/search/?api=1&amp;query=Osaka%20Itami%20Airport">Abrir en Google Maps</a>]]></description><Point><coordinates>135.438048,34.786161,0</coordinates></Point></Placemark>
</Folder>
<Folder><name>2 · Hiroshima + Miyajima (lun 5)</name>
<Placemark><name>⭐ Isla de Miyajima</name><styleUrl>#sitio_hiroshima</styleUrl><description><![CDATA[La isla sagrada frente a Hiroshima: el torii flotante, venados sueltos, la calle Omotesando con momiji manju y ostras a la parrilla, y el monte Misen detrás. — EN EL PLAN: lun 5 · 10:15<br/><a href="https://www.google.com/maps/search/?api=1&amp;query=Miyajima%20Island">Abrir en Google Maps</a>]]></description><Point><coordinates>132.305249,34.273211,0</coordinates></Point></Placemark>
<Placemark><name>⭐ Santuario Itsukushima</name><styleUrl>#sitio_hiroshima</styleUrl><description><![CDATA[El santuario sobre pilotes que 'flota' en marea alta, con su torii bermellón de 16 m plantado en el mar — Patrimonio UNESCO. — EN EL PLAN: lun 5 · 10:15<br/><a href="https://www.google.com/maps/search/?api=1&amp;query=Itsukushima%20Shrine%20Miyajima">Abrir en Google Maps</a>]]></description><Point><coordinates>132.319828,34.295990,0</coordinates></Point></Placemark>
<Placemark><name>⭐ Parque Memorial de la Paz</name><styleUrl>#sitio_hiroshima</styleUrl><description><![CDATA[El parque en el hipocentro: el Domo, el cenotafio, el museo, las mil grullas de Sadako y la llama que no se apagará hasta que desaparezca la última arma nuclear. — EN EL PLAN: lun 5 · 14:50<br/><a href="https://www.google.com/maps/search/?api=1&amp;query=Hiroshima%20Peace%20Memorial%20Park">Abrir en Google Maps</a>]]></description><Point><coordinates>132.452201,34.392687,0</coordinates></Point></Placemark>
<Placemark><name>⭐ Domo de la Bomba Atómica</name><styleUrl>#sitio_hiroshima</styleUrl><description><![CDATA[El esqueleto del antiguo Palacio de Exposiciones, dejado EXACTAMENTE como quedó — el edificio en pie más cercano al hipocentro. — EN EL PLAN: lun 5 · 14:50<br/><a href="https://www.google.com/maps/search/?api=1&amp;query=Atomic%20Bomb%20Dome%20Hiroshima">Abrir en Google Maps</a>]]></description><Point><coordinates>132.453592,34.395483,0</coordinates></Point></Placemark>
</Folder>
<Folder><name>3 · Nara (mié 7)</name>
<Placemark><name>⭐ Parque de Nara</name><styleUrl>#sitio_nara</styleUrl><description><![CDATA[El parque donde ~1,300 venados sika viven sueltos y hacen reverencia pidiendo galletas (shika senbei, ¥200). Entre ellos: templos, museos y céspedes infinitos. — EN EL PLAN: mié 7 · 06:30<br/><a href="https://www.google.com/maps/search/?api=1&amp;query=Nara%20Park">Abrir en Google Maps</a>]]></description><Point><coordinates>135.843012,34.685047,0</coordinates></Point></Placemark>
<Placemark><name>⭐ Tōdai-ji</name><styleUrl>#sitio_nara</styleUrl><description><![CDATA[El Gran Buda: 15 m de bronce sentado dentro de uno de los edificios de madera más grandes del mundo. Cruzar la puerta y verlo quita el aliento. — EN EL PLAN: mié 7 · 07:30<br/><a href="https://www.google.com/maps/search/?api=1&amp;query=Todaiji%20Temple%20Nara">Abrir en Google Maps</a>]]></description><Point><coordinates>135.839816,34.688985,0</coordinates></Point></Placemark>
<Placemark><name>⭐ Kasuga Taisha</name><styleUrl>#sitio_nara</styleUrl><description><![CDATA[El santuario de las 3,000 linternas: piedra cubierta de musgo en el sendero, bronce dorado colgando de los pasillos bermellón. — EN EL PLAN: mié 7 · 09:35<br/><a href="https://www.google.com/maps/search/?api=1&amp;query=Kasuga%20Taisha%20Nara">Abrir en Google Maps</a>]]></description><Point><coordinates>135.848472,34.681545,0</coordinates></Point></Placemark>
<Placemark><name>⭐ Kōfuku-ji</name><styleUrl>#sitio_nara</styleUrl><description><![CDATA[La pagoda de 5 pisos que es el ícono de Nara (50 m, la segunda más alta de Japón), con salones llenos de budas Tesoro Nacional. — EN EL PLAN: mié 7 · 10:50<br/><a href="https://www.google.com/maps/search/?api=1&amp;query=Kofukuji%20Nara">Abrir en Google Maps</a>]]></description><Point><coordinates>135.831159,34.683231,0</coordinates></Point></Placemark>
<Placemark><name>⭐ Naramachi</name><styleUrl>#sitio_nara</styleUrl><description><![CDATA[El casco viejo de casitas de madera (machiya): tiendas artesanales, cafés en patios y los monitos rojos colgantes que protegen las casas. — EN EL PLAN: mié 7 · 11:50<br/><a href="https://www.google.com/maps/search/?api=1&amp;query=Naramachi%20Nara">Abrir en Google Maps</a>]]></description><Point><coordinates>135.834834,34.676001,0</coordinates></Point></Placemark>
<Placemark><name>⭐ Jardín Yoshikien</name><styleUrl>#sitio_nara</styleUrl><description><![CDATA[Tres jardines en uno — musgo, estanque y casa de té — gratis para visitantes extranjeros y casi siempre vacío. — EN EL PLAN: mié 7 · 13:45<br/><a href="https://www.google.com/maps/search/?api=1&amp;query=Yoshikien%20Garden%20Nara">Abrir en Google Maps</a>]]></description><Point><coordinates>135.836310,34.685476,0</coordinates></Point></Placemark>
</Folder>
<Folder><name>4 · Kioto (jue 8 – lun 12)</name>
<Placemark><name>⭐ Kiyomizu-dera</name><styleUrl>#sitio_kioto</styleUrl><description><![CDATA[El templo del balcón: una terraza de madera colgada sobre el valle, sostenida por 168 pilares SIN un solo clavo, con Kioto entero de fondo. — EN EL PLAN: vie 9 · 05:00<br/><a href="https://www.google.com/maps/search/?api=1&amp;query=Kiyomizu-dera%20Kyoto">Abrir en Google Maps</a>]]></description><Point><coordinates>135.784661,34.994666,0</coordinates></Point></Placemark>
<Placemark><name>⭐ Sannenzaka y Ninenzaka</name><styleUrl>#sitio_kioto</styleUrl><description><![CDATA[Las dos cuestas empedradas más bonitas de Japón: machiya de madera, cerámica, dulces y faroles — el Kioto de postal. — EN EL PLAN: vie 9 · 07:15<br/><a href="https://www.google.com/maps/search/?api=1&amp;query=Sannenzaka%20Kyoto">Abrir en Google Maps</a>]]></description><Point><coordinates>135.781008,34.996664,0</coordinates></Point></Placemark>
<Placemark><name>⭐ Pagoda Yasaka (Hōkan-ji)</name><styleUrl>#sitio_kioto</styleUrl><description><![CDATA[46 m de madera del siglo XV emergiendo entre callejones — LA foto de Kioto, sobre todo con la luz del atardecer. — EN EL PLAN: vie 9 · 07:15<br/><a href="https://www.google.com/maps/search/?api=1&amp;query=Yasaka%20Pagoda%20Kyoto">Abrir en Google Maps</a>]]></description><Point><coordinates>135.779236,34.998558,0</coordinates></Point></Placemark>
<Placemark><name>⭐ Ryōzen Kannon</name><styleUrl>#sitio_kioto</styleUrl><description><![CDATA[La Kannon blanca de 24 m que vigila Higashiyama desde la ladera — casi nadie entra y es serenísima. — EN EL PLAN: vie 9 · 08:40<br/><a href="https://www.google.com/maps/search/?api=1&amp;query=Ryozen%20Kannon%20Kyoto">Abrir en Google Maps</a>]]></description><Point><coordinates>135.781907,34.999902,0</coordinates></Point></Placemark>
<Placemark><name>⭐ Santuario Yasaka</name><styleUrl>#sitio_kioto</styleUrl><description><![CDATA[El santuario de Gion: linternas que se encienden al anochecer, puertas bermellón, y el paso natural entre el barrio de las geishas y el parque Maruyama. — EN EL PLAN: vie 9 · 08:00<br/><a href="https://www.google.com/maps/search/?api=1&amp;query=Yasaka%20Shrine%20Kyoto">Abrir en Google Maps</a>]]></description><Point><coordinates>135.778553,35.003656,0</coordinates></Point></Placemark>
<Placemark><name>⭐ Sanjūsangen-dō</name><styleUrl>#sitio_kioto</styleUrl><description><![CDATA[Un salón de 120 m con 1,001 Kannon doradas en formación más 28 guardianes — la sala de madera más larga de Japón. Impacta en silencio absoluto. — EN EL PLAN: vie 9 · 09:30<br/><a href="https://www.google.com/maps/search/?api=1&amp;query=Sanjusangendo%20Kyoto">Abrir en Google Maps</a>]]></description><Point><coordinates>135.771713,34.987884,0</coordinates></Point></Placemark>
<Placemark><name>⭐ Bosque de bambú</name><styleUrl>#sitio_kioto</styleUrl><description><![CDATA[El túnel de bambúes de 20 m que se mecen y suenan — ese sonido está catalogado como patrimonio sonoro de Japón. Temprano es un templo; a las 10 am, un andén del metro. — EN EL PLAN: sáb 10 · 05:00<br/><a href="https://www.google.com/maps/search/?api=1&amp;query=Arashiyama%20Bamboo%20Grove%20Kyoto">Abrir en Google Maps</a>]]></description><Point><coordinates>135.671301,35.016819,0</coordinates></Point></Placemark>
<Placemark><name>⭐ Puente Togetsukyō</name><styleUrl>#sitio_kioto</styleUrl><description><![CDATA['El puente que cruza la luna': 155 m sobre el río Katsura, con el monte Arashiyama encendido de colores detrás. — EN EL PLAN: sáb 10 · 07:20<br/><a href="https://www.google.com/maps/search/?api=1&amp;query=Togetsukyo%20Bridge%20Arashiyama">Abrir en Google Maps</a>]]></description><Point><coordinates>135.677775,35.012877,0</coordinates></Point></Placemark>
<Placemark><name>⭐ Tenryū-ji</name><styleUrl>#sitio_kioto</styleUrl><description><![CDATA[El gran templo zen de Arashiyama: su jardín del estanque Sōgenchi lleva 700 años EXACTAMENTE igual, con las montañas 'prestadas' como fondo. UNESCO. — EN EL PLAN: sáb 10 · 08:30<br/><a href="https://www.google.com/maps/search/?api=1&amp;query=Tenryuji%20Temple%20Kyoto">Abrir en Google Maps</a>]]></description><Point><coordinates>135.673765,35.015838,0</coordinates></Point></Placemark>
<Placemark><name>⭐ Monte de los monos (Iwatayama)</name><styleUrl>#sitio_kioto</styleUrl><description><![CDATA[120 macacos japoneses libres en la cima: subes 20 minutos y ELLOS te observan a ti — con la mejor vista panorámica de Kioto de regalo. — EN EL PLAN: sáb 10 · 10:30<br/><a href="https://www.google.com/maps/search/?api=1&amp;query=Iwatayama%20Monkey%20Park%20Kyoto">Abrir en Google Maps</a>]]></description><Point><coordinates>135.676625,35.011395,0</coordinates></Point></Placemark>
<Placemark><name>⭐ Otagi Nenbutsu-ji</name><styleUrl>#sitio_kioto</styleUrl><description><![CDATA[1,200 rakan (discípulos de Buda) de piedra, cada uno con cara distinta: uno ríe, otro bosteza, uno carga un gato, otro un walkman. El rincón más encantador y menos visitado de Kioto. — EN EL PLAN: sáb 10 · 12:10<br/><a href="https://www.google.com/maps/search/?api=1&amp;query=Otagi%20Nenbutsuji%20Kyoto">Abrir en Google Maps</a>]]></description><Point><coordinates>135.661555,35.031143,0</coordinates></Point></Placemark>
<Placemark><name>⭐ Bosque Kimono</name><styleUrl>#sitio_kioto</styleUrl><description><![CDATA[600 columnas de acrílico forradas con telas de kimono teñidas al estilo Kyō-yūzen, iluminadas al anochecer, en plena estación Randen. — EN EL PLAN: sáb 10 · 17:30<br/><a href="https://www.google.com/maps/search/?api=1&amp;query=Kimono%20Forest%20Arashiyama">Abrir en Google Maps</a>]]></description><Point><coordinates>135.678370,35.015268,0</coordinates></Point></Placemark>
<Placemark><name>⭐ Fushimi Inari</name><styleUrl>#sitio_kioto</styleUrl><description><![CDATA[Miles de torii bermellón trepando el monte Inari en túneles infinitos — el lugar más fotografiado de Japón. Hasta el mirador Yotsutsuji: ~45 min de subida. — EN EL PLAN: dom 11 · 05:00<br/><a href="https://www.google.com/maps/search/?api=1&amp;query=Fushimi%20Inari%20Taisha%20Kyoto">Abrir en Google Maps</a>]]></description><Point><coordinates>135.779188,34.967695,0</coordinates></Point></Placemark>
<Placemark><name>⭐ Pabellón Dorado (Kinkaku-ji)</name><styleUrl>#sitio_kioto</styleUrl><description><![CDATA[El pabellón forrado de ORO de verdad reflejándose en su estanque — no existe la foto mala. Paseo circular de ~45 minutos. — EN EL PLAN: dom 11 · 10:45<br/><a href="https://www.google.com/maps/search/?api=1&amp;query=Kinkakuji%20Kyoto">Abrir en Google Maps</a>]]></description><Point><coordinates>135.729243,35.039370,0</coordinates></Point></Placemark>
<Placemark><name>⭐ Castillo de Nijo</name><styleUrl>#sitio_kioto</styleUrl><description><![CDATA[El castillo-palacio del shōgun en Kioto: pisos 'de ruiseñor' que chirrían a propósito para delatar intrusos, puertas doradas y jardines. UNESCO. — EN EL PLAN: dom 11 · 14:00<br/><a href="https://www.google.com/maps/search/?api=1&amp;query=Nijo%20Castle%20Kyoto">Abrir en Google Maps</a>]]></description><Point><coordinates>135.748426,35.014038,0</coordinates></Point></Placemark>
<Placemark><name>⭐ Palacio Imperial de Kioto</name><styleUrl>#sitio_kioto</styleUrl><description><![CDATA[El palacio de los emperadores durante 500 años: salones ceremoniales, puertas según rango y jardines de paseo, en un parque enorme y gratuito. — EN EL PLAN: dom 11 · 16:00<br/><a href="https://www.google.com/maps/search/?api=1&amp;query=Kyoto%20Imperial%20Palace">Abrir en Google Maps</a>]]></description><Point><coordinates>135.762144,35.024098,0</coordinates></Point></Placemark>
<Placemark><name>⭐ Pontocho</name><styleUrl>#sitio_kioto</styleUrl><description><![CDATA[El callejón de 300 m entre Shijo y Sanjo: farolitos, 40 puertas de restaurantes y, con suerte, una geiko caminando a su cita. — EN EL PLAN: jue 8 · 19:30<br/><a href="https://www.google.com/maps/search/?api=1&amp;query=Pontocho%20Kyoto">Abrir en Google Maps</a>]]></description><Point><coordinates>135.771216,35.006428,0</coordinates></Point></Placemark>
<Placemark><name>⭐ Mercado Nishiki</name><styleUrl>#sitio_kioto</styleUrl><description><![CDATA['La cocina de Kioto': 400 m de mercado techado con 130 puestos de encurtidos, tofu, cuchillos, mariscos a la plancha y dulces.<br/><a href="https://www.google.com/maps/search/?api=1&amp;query=Nishiki%20Market%20Kyoto">Abrir en Google Maps</a>]]></description><Point><coordinates>135.764723,35.005026,0</coordinates></Point></Placemark>
<Placemark><name>⭐ Gion</name><styleUrl>#sitio_kioto</styleUrl><description><![CDATA[El barrio de las geishas: casas de té de madera, las calles Hanamikoji y Shirakawa, y al anochecer, geiko y maiko yendo a sus citas. — EN EL PLAN: vie 9 · 09:10<br/><a href="https://www.google.com/maps/search/?api=1&amp;query=Gion%20Kyoto">Abrir en Google Maps</a>]]></description><Point><coordinates>135.777245,35.003782,0</coordinates></Point></Placemark>
<Placemark><name>🍜 Ippudo Nishikikoji</name><styleUrl>#resto</styleUrl><description><![CDATA[Tonkotsu confiable al lado del mercado · ¥1,000 · Nivel 🍴<br/><a href="https://www.google.com/maps/search/?api=1&amp;query=Ippudo%20Nishikikoji%20Kyoto">Abrir en Google Maps</a>]]></description><Point><coordinates>135.773720,35.004393,0</coordinates></Point></Placemark>
<Placemark><name>🍜 Musashi Sushi</name><styleUrl>#take</styleUrl><description><![CDATA[Sushi de banda giratoria en Sanjo, rápido y digno · ¥1,500 · Nivel 🎋 Take — días: dom 11<br/><a href="https://www.google.com/maps/search/?api=1&amp;query=Musashi%20Sushi%20Sanjo%20Kyoto">Abrir en Google Maps</a>]]></description><Point><coordinates>135.768783,35.008960,0</coordinates></Point></Placemark>
<Placemark><name>🍜 Gyukatsu Kyoto Katsugyu</name><styleUrl>#take</styleUrl><description><![CDATA[Res empanizada que tú terminas en piedra caliente · ¥1,900 · Nivel 🎋 Take — días: vie 9<br/><a href="https://www.google.com/maps/search/?api=1&amp;query=Gyukatsu%20Kyoto%20Katsugyu%20Kawaramachi">Abrir en Google Maps</a>]]></description><Point><coordinates>135.764977,35.004193,0</coordinates></Point></Placemark>
<Placemark><name>🍜 Honke Owariya</name><styleUrl>#resto</styleUrl><description><![CDATA[Soba servido desde 1465 — el restaurante más viejo de Kioto · ¥1,400 · Nivel 🍴<br/><a href="https://www.google.com/maps/search/?api=1&amp;query=Honke%20Owariya%20Kyoto">Abrir en Google Maps</a>]]></description><Point><coordinates>135.760149,35.012763,0</coordinates></Point></Placemark>
<Placemark><name>🍜 Tempura Yoshikawa</name><styleUrl>#resto</styleUrl><description><![CDATA[Tempura de barra dentro de un ryokan con jardín — comida · ¥5,000 · Nivel 🍴<br/><a href="https://www.google.com/maps/search/?api=1&amp;query=Tempura%20Yoshikawa%20Kyoto">Abrir en Google Maps</a>]]></description><Point><coordinates>135.764787,35.010343,0</coordinates></Point></Placemark>
<Placemark><name>🍜 Gion Karyo (comida)</name><styleUrl>#resto</styleUrl><description><![CDATA[Kaiseki de entrada a precio de mediodía · ¥6,000 · Nivel 🍴<br/><a href="https://www.google.com/maps/search/?api=1&amp;query=Gion%20Karyo%20Kyoto">Abrir en Google Maps</a>]]></description><Point><coordinates>135.774512,35.001801,0</coordinates></Point></Placemark>
<Placemark><name>🍜 Roan Kikunoi</name><styleUrl>#resto</styleUrl><description><![CDATA[El kaiseki 2★ accesible del grupo Kikunoi — comida · ¥10,000 · Nivel 🍴<br/><a href="https://www.google.com/maps/search/?api=1&amp;query=Roan%20Kikunoi%20Kyoto">Abrir en Google Maps</a>]]></description><Point><coordinates>135.770668,35.003451,0</coordinates></Point></Placemark>
<Placemark><name>🍜 Ramen Kairikiya</name><styleUrl>#take</styleUrl><description><![CDATA[Cadena kiotense de shōyu ramen · ¥900 · Nivel 🎋 Take — días: jue 8<br/><a href="https://www.google.com/maps/search/?api=1&amp;query=Kairikiya%20Kawaramachi%20Kyoto">Abrir en Google Maps</a>]]></description><Point><coordinates>135.769176,35.009242,0</coordinates></Point></Placemark>
<Placemark><name>🍜 Ganko Sushi Sanjo</name><styleUrl>#take</styleUrl><description><![CDATA[Sushi y set menus familiares — aguanta grupos · ¥3,000 · Nivel 🎋 Take — días: jue 8<br/><a href="https://www.google.com/maps/search/?api=1&amp;query=Ganko%20Sushi%20Sanjo%20Kyoto">Abrir en Google Maps</a>]]></description><Point><coordinates>135.770813,35.009098,0</coordinates></Point></Placemark>
<Placemark><name>🍜 Kichi Kichi</name><styleUrl>#ai</styleUrl><description><![CDATA[EL omurice viral del chef Motokichi — reserva: domingos 11:00 am hora Japón, 4 semanas antes; está EN Pontocho · ¥2,700 (chico ¥1,450) · Nivel 🌊 Ai — días: jue 8<br/><a href="https://www.google.com/maps/search/?api=1&amp;query=Kichi%20Kichi%20Omurice%20Kyoto">Abrir en Google Maps</a>]]></description><Point><coordinates>135.770811,35.007279,0</coordinates></Point></Placemark>
<Placemark><name>🍜 Mishima-tei</name><styleUrl>#shu</styleUrl><description><![CDATA[Sukiyaki desde 1873, en la esquina de Teramachi — el olor a historia · ¥9,000 · Nivel 🔴 Shu — días: jue 8 · vie 9<br/><a href="https://www.google.com/maps/search/?api=1&amp;query=Mishima-tei%20Kyoto%20sukiyaki">Abrir en Google Maps</a>]]></description><Point><coordinates>135.767051,35.008541,0</coordinates></Point></Placemark>
<Placemark><name>🍜 Matsuba (nishin soba)</name><styleUrl>#take</styleUrl><description><![CDATA[El soba con arenque que INVENTARON aquí (1861), junto al teatro de Gion · ¥1,500 · Nivel 🎋 Take — días: vie 9<br/><a href="https://www.google.com/maps/search/?api=1&amp;query=Matsuba%20nishin%20soba%20Kyoto">Abrir en Google Maps</a>]]></description><Point><coordinates>135.772278,35.003681,0</coordinates></Point></Placemark>
<Placemark><name>🍜 Menbaka Fire Ramen</name><styleUrl>#take</styleUrl><description><![CDATA[El ramen que te sirven EN LLAMAS — show incluido · ¥1,650 · Nivel 🎋 Take — días: vie 9 · sáb 10<br/><a href="https://www.google.com/maps/search/?api=1&amp;query=Menbaka%20Fire%20Ramen%20Kyoto">Abrir en Google Maps</a>]]></description><Point><coordinates>135.747618,35.017682,0</coordinates></Point></Placemark>
<Placemark><name>🍜 Gyoza Chao Chao</name><styleUrl>#ai</styleUrl><description><![CDATA[Las gyozas crujientes famosas de Kiyamachi · ¥2,500 · Nivel 🌊 Ai — días: vie 9 · sáb 10<br/><a href="https://www.google.com/maps/search/?api=1&amp;query=Chao%20Chao%20Gyoza%20Kyoto">Abrir en Google Maps</a>]]></description><Point><coordinates>135.764977,35.004193,0</coordinates></Point></Placemark>
<Placemark><name>🍜 Kyogoku Kaneyo</name><styleUrl>#ai</styleUrl><description><![CDATA[Unagi (anguila glaseada) centenario, edificio de madera precioso · ¥4,000 · Nivel 🌊 Ai — días: vie 9<br/><a href="https://www.google.com/maps/search/?api=1&amp;query=Kyogoku%20Kaneyo%20Kyoto%20unagi">Abrir en Google Maps</a>]]></description><Point><coordinates>135.767949,35.007592,0</coordinates></Point></Placemark>
<Placemark><name>🍜 Croquetas Nakamuraya</name><styleUrl>#take</styleUrl><description><![CDATA[La croqueta legendaria de Arashiyama — para la mano · ¥400 · Nivel 🎋 Take — días: sáb 10<br/><a href="https://www.google.com/maps/search/?api=1&amp;query=Nakamuraya%20korokke%20Arashiyama">Abrir en Google Maps</a>]]></description><Point><coordinates>135.679948,35.016368,0</coordinates></Point></Placemark>
<Placemark><name>🍜 % Arabica + pan</name><styleUrl>#take</styleUrl><description><![CDATA[EL café con vista al río + pan de la panadería de al lado · ¥1,000 · Nivel 🎋 Take — días: sáb 10<br/><a href="https://www.google.com/maps/search/?api=1&amp;query=%25%20Arabica%20Arashiyama">Abrir en Google Maps</a>]]></description><Point><coordinates>135.676437,35.013542,0</coordinates></Point></Placemark>
<Placemark><name>🍜 Unagi Hirokawa</name><styleUrl>#ai</styleUrl><description><![CDATA[La anguila más famosa de Arashiyama (Michelin) — reservar · ¥4,500 · Nivel 🌊 Ai — días: sáb 10<br/><a href="https://www.google.com/maps/search/?api=1&amp;query=Unagi%20Hirokawa%20Arashiyama">Abrir en Google Maps</a>]]></description><Point><coordinates>135.677242,35.016959,0</coordinates></Point></Placemark>
<Placemark><name>🍜 Shoraian</name><styleUrl>#shu</styleUrl><description><![CDATA[Yudōfu-kaiseki en casa de té colgada sobre el río — reservar · ¥6,000 · Nivel 🔴 Shu — días: sáb 10<br/><a href="https://www.google.com/maps/search/?api=1&amp;query=Shoraian%20Arashiyama">Abrir en Google Maps</a>]]></description><Point><coordinates>135.670132,35.014448,0</coordinates></Point></Placemark>
<Placemark><name>🍜 Kitchō Arashiyama</name><styleUrl>#shu</styleUrl><description><![CDATA[Kaiseki 3★, de los restaurantes más famosos del mundo — apuntado para poder decir que no · ~¥60,000 · Nivel 🔴 Shu — días: sáb 10<br/><a href="https://www.google.com/maps/search/?api=1&amp;query=Kitcho%20Arashiyama">Abrir en Google Maps</a>]]></description><Point><coordinates>135.674655,35.013621,0</coordinates></Point></Placemark>
<Placemark><name>🍜 CoCo Curry</name><styleUrl>#take</styleUrl><description><![CDATA[Curry de cadena — el descanso del paladar · ¥1,000 · Nivel 🎋 Take — días: sáb 10<br/><a href="https://www.google.com/maps/search/?api=1&amp;query=CoCo%20Ichibanya%20Shijo%20Kyoto">Abrir en Google Maps</a>]]></description><Point><coordinates>135.749165,35.002481,0</coordinates></Point></Placemark>
<Placemark><name>🍜 Tenkaippin honten</name><styleUrl>#take</styleUrl><description><![CDATA[El ramen espeso 'kotteri' — la cadena nació en Kioto · ¥1,100 · Nivel 🎋 Take — días: sáb 10<br/><a href="https://www.google.com/maps/search/?api=1&amp;query=Tenkaippin%20Kyoto%20honten">Abrir en Google Maps</a>]]></description><Point><coordinates>135.791572,35.039460,0</coordinates></Point></Placemark>
<Placemark><name>🍜 Shinshindo</name><styleUrl>#take</styleUrl><description><![CDATA[La panadería-café universitaria de 1913 · ¥800 · Nivel 🎋 Take — días: dom 11<br/><a href="https://www.google.com/maps/search/?api=1&amp;query=Shinshindo%20Kyoto">Abrir en Google Maps</a>]]></description><Point><coordinates>135.769507,35.009000,0</coordinates></Point></Placemark>
<Placemark><name>🍜 Ganko Nijo</name><styleUrl>#resto</styleUrl><description><![CDATA[Sushi/kaiseki familiar en villa con JARDÍN de 400 años · ¥4,000 · Nivel 🍴<br/><a href="https://www.google.com/maps/search/?api=1&amp;query=Gankozushi%20Nijoen%20Kyoto">Abrir en Google Maps</a>]]></description><Point><coordinates>135.773720,35.004393,0</coordinates></Point></Placemark>
<Placemark><name>🍜 Kiyamachi</name><styleUrl>#resto</styleUrl><description><![CDATA[La calle de izakayas junto al canal — la versión barata de Pontocho · ¥2,500–4,000 · Nivel 🍴 — días: vie 9<br/><a href="https://www.google.com/maps/search/?api=1&amp;query=Kiyamachi%20street%20Kyoto">Abrir en Google Maps</a>]]></description><Point><coordinates>135.769274,35.000850,0</coordinates></Point></Placemark>
<Placemark><name>🏨 Keio Prelia Karasuma-Gojō (Kioto, 4 noches)</name><styleUrl>#hotel</styleUrl><description><![CDATA[<a href="https://www.google.com/maps/search/?api=1&amp;query=Keio%20Prelia%20Hotel%20Kyoto%20Karasuma%20Gojo">Abrir en Google Maps</a>]]></description><Point><coordinates>135.759478,34.998307,0</coordinates></Point></Placemark>
</Folder>
<Folder><name>5 · Tokio (lun 12 – dom 18)</name>
<Placemark><name>⭐ Omoide Yokocho</name><styleUrl>#sitio_tokio</styleUrl><description><![CDATA[60 barras diminutas de yakitori apretadas en dos callejones con humo, faroles y bancos — el Tokio de 1950 intacto. 'El callejón de los recuerdos'. — EN EL PLAN: lun 12 · 19:30<br/><a href="https://www.google.com/maps/search/?api=1&amp;query=Omoide%20Yokocho%20Shinjuku">Abrir en Google Maps</a>]]></description><Point><coordinates>139.699499,35.693100,0</coordinates></Point></Placemark>
<Placemark><name>⭐ Mirador del Gobierno Metropolitano</name><styleUrl>#sitio_tokio</styleUrl><description><![CDATA[Las torres gemelas del gobierno de Tokio: mirador GRATIS en el piso 45 (202 m) — de noche, el mar de luces; en día claro, el Fuji. — EN EL PLAN: lun 12 · 17:00<br/><a href="https://www.google.com/maps/search/?api=1&amp;query=Tokyo%20Metropolitan%20Government%20Building%20observatory">Abrir en Google Maps</a>]]></description><Point><coordinates>139.691656,35.689733,0</coordinates></Point></Placemark>
<Placemark><name>⭐ Sensō-ji</name><styleUrl>#sitio_tokio</styleUrl><description><![CDATA[El templo más visitado del mundo (~30 millones al año): la puerta Kaminarimon con su farol de 700 kg, la calle Nakamise y el salón de la Kannon dorada. — EN EL PLAN: mar 13 · 05:30<br/><a href="https://www.google.com/maps/search/?api=1&amp;query=Sensoji%20Asakusa%20Tokyo">Abrir en Google Maps</a>]]></description><Point><coordinates>139.796655,35.714765,0</coordinates></Point></Placemark>
<Placemark><name>⭐ Tokyo Skytree</name><styleUrl>#sitio_tokio</styleUrl><description><![CDATA[La torre más alta de Japón (634 m): dos miradores, piso de cristal y la base Solamachi llena de tiendas. En día claro: 70 km de vista. — EN EL PLAN: mar 13 · 08:10<br/><a href="https://www.google.com/maps/search/?api=1&amp;query=Tokyo%20Skytree">Abrir en Google Maps</a>]]></description><Point><coordinates>139.810700,35.710063,0</coordinates></Point></Placemark>
<Placemark><name>⭐ Parque Ueno</name><styleUrl>#sitio_tokio</styleUrl><description><![CDATA[El parque-museo de Tokio: museos nacionales, el zoológico con pandas, templos y los lotos del estanque Shinobazu. — EN EL PLAN: mar 13 · 14:30<br/><a href="https://www.google.com/maps/search/?api=1&amp;query=Ueno%20Park%20Tokyo">Abrir en Google Maps</a>]]></description><Point><coordinates>139.773431,35.714756,0</coordinates></Point></Placemark>
<Placemark><name>⭐ Ameyoko</name><styleUrl>#sitio_tokio</styleUrl><description><![CDATA[El mercado bajo las vías: 400 puestos gritones de mariscos, fruta, tenis y especias — el caos comercial más sabroso de Tokio. — EN EL PLAN: mar 13 · 17:10<br/><a href="https://www.google.com/maps/search/?api=1&amp;query=Ameyoko%20Market%20Ueno">Abrir en Google Maps</a>]]></description><Point><coordinates>139.774626,35.709003,0</coordinates></Point></Placemark>
<Placemark><name>⭐ Santuario Meiji</name><styleUrl>#sitio_tokio</styleUrl><description><![CDATA[Un bosque de 100,000 árboles donados en medio de Tokio, con el santuario del emperador Meiji al centro: torii gigantes de ciprés, barriles de sake y, con suerte, una boda sintoísta. — EN EL PLAN: jue 15 · 05:30<br/><a href="https://www.google.com/maps/search/?api=1&amp;query=Meiji%20Jingu%20Tokyo">Abrir en Google Maps</a>]]></description><Point><coordinates>139.699326,35.676398,0</coordinates></Point></Placemark>
<Placemark><name>⭐ Takeshita Street + Omotesandō</name><styleUrl>#sitio_tokio</styleUrl><description><![CDATA[Los 350 m del kawaii: crepas, calcetas imposibles y adolescentes en su hábitat — y al lado, Omotesandō: la avenida elegante de flagships y arquitectura de autor. — EN EL PLAN: jue 15 · 10:15<br/><a href="https://www.google.com/maps/search/?api=1&amp;query=Takeshita%20Street%20Harajuku">Abrir en Google Maps</a>]]></description><Point><coordinates>139.705182,35.671034,0</coordinates></Point></Placemark>
<Placemark><name>⭐ Cruce de Shibuya</name><styleUrl>#sitio_tokio</styleUrl><description><![CDATA[El cruce peatonal más famoso del mundo: hasta 3,000 personas por luz verde, en 5 direcciones — y nadie choca. Cruzarlo tres veces es parte del rito. — EN EL PLAN: jue 15 · 15:45<br/><a href="https://www.google.com/maps/search/?api=1&amp;query=Shibuya%20Crossing">Abrir en Google Maps</a>]]></description><Point><coordinates>139.700560,35.659482,0</coordinates></Point></Placemark>
<Placemark><name>⭐ Shibuya Sky</name><styleUrl>#sitio_tokio</styleUrl><description><![CDATA[La azotea abierta a 229 m sobre el cruce: esquinas de cristal, hamacas de red mirando al cielo y el atardecer con el Fuji de fondo si el día ayuda. — EN EL PLAN: jue 15 · 16:45<br/><a href="https://www.google.com/maps/search/?api=1&amp;query=Shibuya%20Sky%20observation%20deck">Abrir en Google Maps</a>]]></description><Point><coordinates>139.701985,35.658672,0</coordinates></Point></Placemark>
<Placemark><name>⭐ Tsukiji Outer Market</name><styleUrl>#sitio_tokio</styleUrl><description><![CDATA[El mercado exterior que sobrevivió a la mudanza: 400 puestos de tamagoyaki, atún, uni y cuchillos — el desayuno más rico de Tokio es de pie, puesto por puesto. — EN EL PLAN: sáb 17 · 05:00<br/><a href="https://www.google.com/maps/search/?api=1&amp;query=Tsukiji%20Outer%20Market%20Tokyo">Abrir en Google Maps</a>]]></description><Point><coordinates>139.770252,35.664770,0</coordinates></Point></Placemark>
<Placemark><name>⭐ Ginza</name><styleUrl>#sitio_tokio</styleUrl><description><![CDATA[La milla de oro de Tokio: flagships de 12 pisos, papelerías legendarias (Itoya), galerías y vitrinas que son museos. — EN EL PLAN: sáb 17 · 05:15<br/><a href="https://www.google.com/maps/search/?api=1&amp;query=Ginza%20Tokyo">Abrir en Google Maps</a>]]></description><Point><coordinates>139.766486,35.671223,0</coordinates></Point></Placemark>
<Placemark><name>⭐ Torre de Tokio</name><styleUrl>#sitio_tokio</styleUrl><description><![CDATA[La torre roja y blanca de 333 m — 9 m más alta que la Eiffel que imita — con mirador a 150 m y un cariño de los tokiotas que el Skytree no le quita. — EN EL PLAN: sáb 17 · 12:20<br/><a href="https://www.google.com/maps/search/?api=1&amp;query=Tokyo%20Tower">Abrir en Google Maps</a>]]></description><Point><coordinates>139.745433,35.658580,0</coordinates></Point></Placemark>
<Placemark><name>⭐ Zōjō-ji</name><styleUrl>#sitio_tokio</styleUrl><description><![CDATA[El gran templo a los pies de la Torre de Tokio: la puerta Sangedatsumon (1622) y las filas de jizō con gorritos rojos que conmueven. — EN EL PLAN: sáb 17 · 12:20<br/><a href="https://www.google.com/maps/search/?api=1&amp;query=Zojoji%20Temple%20Tokyo">Abrir en Google Maps</a>]]></description><Point><coordinates>139.748293,35.657479,0</coordinates></Point></Placemark>
<Placemark><name>⭐ teamLab Planets</name><styleUrl>#sitio_tokio</styleUrl><description><![CDATA[El museo donde el arte te toca: caminas descalzo por agua con koi de luz, cuartos infinitos de flores y esferas que responden a tu paso. — EN EL PLAN: vie 16 · 10:30<br/><a href="https://www.google.com/maps/search/?api=1&amp;query=teamLab%20Planets%20Toyosu%20Tokyo">Abrir en Google Maps</a>]]></description><Point><coordinates>139.789774,35.649121,0</coordinates></Point></Placemark>
<Placemark><name>⭐ Akihabara</name><styleUrl>#sitio_tokio</styleUrl><description><![CDATA[La 'Ciudad Eléctrica': edificios de 8 pisos de anime, retro-games, figuras, maid cafés y arcades en cada cuadra. — EN EL PLAN: vie 16 · 14:15 · sáb 17 · 14:00<br/><a href="https://www.google.com/maps/search/?api=1&amp;query=Akihabara%20Tokyo">Abrir en Google Maps</a>]]></description><Point><coordinates>139.771370,35.699647,0</coordinates></Point></Placemark>
<Placemark><name>🍜 Fuunji</name><styleUrl>#take</styleUrl><description><![CDATA[EL tsukemen (fideos para remojar) — 8 min del hotel, fila 30–45 min que vale cada minuto · ¥1,100 · Nivel 🎋 Take — días: lun 12<br/><a href="https://www.google.com/maps/search/?api=1&amp;query=Fuunji%20Shinjuku">Abrir en Google Maps</a>]]></description><Point><coordinates>139.696639,35.686834,0</coordinates></Point></Placemark>
<Placemark><name>🍜 Ichiran Shinjuku</name><styleUrl>#take</styleUrl><description><![CDATA[Abierto 24 h — el seguro a cualquier hora · ¥980–1,320 · Nivel 🎋 Take — días: lun 12 · jue 15<br/><a href="https://www.google.com/maps/search/?api=1&amp;query=Ichiran%20Shinjuku">Abrir en Google Maps</a>]]></description><Point><coordinates>139.702805,35.690586,0</coordinates></Point></Placemark>
<Placemark><name>🍜 Shin Udon</name><styleUrl>#take</styleUrl><description><![CDATA[Udon artesanal con tempura — fila corta si van temprano · ¥1,200 · Nivel 🎋 Take — días: lun 12<br/><a href="https://www.google.com/maps/search/?api=1&amp;query=Shin%20Udon%20Shinjuku">Abrir en Google Maps</a>]]></description><Point><coordinates>139.697001,35.686489,0</coordinates></Point></Placemark>
<Placemark><name>🍜 Konjiki Hototogisu</name><styleUrl>#ai</styleUrl><description><![CDATA[Ramen de almeja con estrella de precio justo · ¥1,500 · Nivel 🌊 Ai — días: lun 12<br/><a href="https://www.google.com/maps/search/?api=1&amp;query=Konjiki%20Hototogisu%20Shinjuku">Abrir en Google Maps</a>]]></description><Point><coordinates>139.708292,35.688784,0</coordinates></Point></Placemark>
<Placemark><name>🍜 Tsunahachi (comida)</name><styleUrl>#ai</styleUrl><description><![CDATA[Tempura desde 1924, honten de Shinjuku · ¥1,800 · Nivel 🌊 Ai — días: lun 12<br/><a href="https://www.google.com/maps/search/?api=1&amp;query=Tsunahachi%20Shinjuku%20honten">Abrir en Google Maps</a>]]></description><Point><coordinates>139.703487,35.690846,0</coordinates></Point></Placemark>
<Placemark><name>🍜 Katsukura</name><styleUrl>#ai</styleUrl><description><![CDATA[Tonkatsu de Kioto en Takashimaya — muele tu propio ajonjolí · ¥1,900 · Nivel 🌊 Ai — días: lun 12<br/><a href="https://www.google.com/maps/search/?api=1&amp;query=Katsukura%20Takashimaya%20Shinjuku">Abrir en Google Maps</a>]]></description><Point><coordinates>139.702122,35.687631,0</coordinates></Point></Placemark>
<Placemark><name>🍜 Kabuto</name><styleUrl>#ai</styleUrl><description><![CDATA[Anguila a la parrilla desde 1948, barra de 12 asientos en Omoide · ¥3,000 · Nivel 🌊 Ai — días: lun 12<br/><a href="https://www.google.com/maps/search/?api=1&amp;query=Kabuto%20unagi%20Omoide%20Yokocho">Abrir en Google Maps</a>]]></description><Point><coordinates>139.699522,35.693115,0</coordinates></Point></Placemark>
<Placemark><name>🍜 NY Bar (Park Hyatt)</name><styleUrl>#shu</styleUrl><description><![CDATA[El bar de Lost in Translation, piso 52 — código de vestir suave · ¥3,000/copa · Nivel 🔴 Shu — días: lun 12<br/><a href="https://www.google.com/maps/search/?api=1&amp;query=New%20York%20Bar%20Park%20Hyatt%20Tokyo">Abrir en Google Maps</a>]]></description><Point><coordinates>139.690401,35.686113,0</coordinates></Point></Placemark>
<Placemark><name>🍜 Ichiran Ueno</name><styleUrl>#take</styleUrl><description><![CDATA[La cabina de siempre, versión Ueno · ¥1,000 · Nivel 🎋 Take — días: mar 13<br/><a href="https://www.google.com/maps/search/?api=1&amp;query=Ichiran%20Ueno">Abrir en Google Maps</a>]]></description><Point><coordinates>139.775231,35.712406,0</coordinates></Point></Placemark>
<Placemark><name>🍜 Daikokuya</name><styleUrl>#ai</styleUrl><description><![CDATA[Tendon (tempura sobre arroz) desde 1887 — LA fila de Asakusa · ¥2,200 · Nivel 🌊 Ai — días: mar 13<br/><a href="https://www.google.com/maps/search/?api=1&amp;query=Daikokuya%20Tempura%20Asakusa">Abrir en Google Maps</a>]]></description><Point><coordinates>139.795570,35.712738,0</coordinates></Point></Placemark>
<Placemark><name>🍜 Tonkatsu Isen honten</name><styleUrl>#ai</styleUrl><description><![CDATA[Institución del tonkatsu en Ueno, edificio con historia · ¥3,000 · Nivel 🌊 Ai — días: mar 13<br/><a href="https://www.google.com/maps/search/?api=1&amp;query=Isen%20honten%20Ueno%20tonkatsu">Abrir en Google Maps</a>]]></description><Point><coordinates>139.772196,35.707470,0</coordinates></Point></Placemark>
<Placemark><name>🍜 Unagi Izuei</name><styleUrl>#shu</styleUrl><description><![CDATA[Anguila con vista al estanque de Ueno, 290 años · ¥6,000 · Nivel 🔴 Shu — días: mar 13<br/><a href="https://www.google.com/maps/search/?api=1&amp;query=Izuei%20Ueno%20unagi">Abrir en Google Maps</a>]]></description><Point><coordinates>139.772691,35.709671,0</coordinates></Point></Placemark>
<Placemark><name>🍜 Tempura Nakasei</name><styleUrl>#shu</styleUrl><description><![CDATA[Tempura de Asakusa desde 1870 · ¥7,000 · Nivel 🔴 Shu — días: mar 13<br/><a href="https://www.google.com/maps/search/?api=1&amp;query=Nakasei%20tempura%20Asakusa">Abrir en Google Maps</a>]]></description><Point><coordinates>139.794593,35.712591,0</coordinates></Point></Placemark>
<Placemark><name>🍜 Sukiyaki Imahan</name><styleUrl>#ai</styleUrl><description><![CDATA[El sukiyaki formal de Asakusa (1895) · ¥10,000+ · Nivel 🌊 Ai — días: mar 13 · sáb 17<br/><a href="https://www.google.com/maps/search/?api=1&amp;query=Asakusa%20Imahan%20sukiyaki">Abrir en Google Maps</a>]]></description><Point><coordinates>139.792229,35.713935,0</coordinates></Point></Placemark>
<Placemark><name>🍜 Tonkatsu Bairin</name><styleUrl>#ai</styleUrl><description><![CDATA[El tonkatsu de Ginza desde 1927 — inventó la salsa · ¥2,500 · Nivel 🌊 Ai — días: mié 14 · sáb 17<br/><a href="https://www.google.com/maps/search/?api=1&amp;query=Ginza%20Bairin%20tonkatsu">Abrir en Google Maps</a>]]></description><Point><coordinates>139.762748,35.669586,0</coordinates></Point></Placemark>
<Placemark><name>🍜 Ginza Lion</name><styleUrl>#ai</styleUrl><description><![CDATA[La cervecería más vieja de Japón (1934), salón art déco intacto · ¥3,500 · Nivel 🌊 Ai — días: mié 14 · sáb 17<br/><a href="https://www.google.com/maps/search/?api=1&amp;query=Ginza%20Lion%20Beer%20Hall">Abrir en Google Maps</a>]]></description><Point><coordinates>139.763159,35.669202,0</coordinates></Point></Placemark>
<Placemark><name>🍜 Sushi no Midori</name><styleUrl>#ai</styleUrl><description><![CDATA[La mejor relación calidad/precio del sushi de Tokio — por eso la fila · ¥4,000 · Nivel 🌊 Ai — días: mié 14 · sáb 17<br/><a href="https://www.google.com/maps/search/?api=1&amp;query=Sushi%20no%20Midori%20Ginza">Abrir en Google Maps</a>]]></description><Point><coordinates>139.759658,35.670440,0</coordinates></Point></Placemark>
<Placemark><name>🍜 Tempura con estrella</name><styleUrl>#shu</styleUrl><description><![CDATA[Barra de tempura estrellada (Kondo y similares) — reservar · ¥15,000 · Nivel 🔴 Shu — días: mié 14<br/><a href="https://www.google.com/maps/search/?api=1&amp;query=Tempura%20Kondo%20Ginza">Abrir en Google Maps</a>]]></description><Point><coordinates>139.763179,35.671170,0</coordinates></Point></Placemark>
<Placemark><name>🍜 Harajuku Gyozarō</name><styleUrl>#take</styleUrl><description><![CDATA[6 gyozas perfectas a precio de risa — la fila avanza rápido · ¥800 · Nivel 🎋 Take — días: jue 15<br/><a href="https://www.google.com/maps/search/?api=1&amp;query=Harajuku%20Gyozaro">Abrir en Google Maps</a>]]></description><Point><coordinates>139.706103,35.667502,0</coordinates></Point></Placemark>
<Placemark><name>🍜 Afuri</name><styleUrl>#take</styleUrl><description><![CDATA[Ramen de yuzu — ligero, cítrico, moderno · ¥1,400 · Nivel 🎋 Take — días: jue 15<br/><a href="https://www.google.com/maps/search/?api=1&amp;query=Afuri%20Harajuku">Abrir en Google Maps</a>]]></description><Point><coordinates>139.703802,35.673005,0</coordinates></Point></Placemark>
<Placemark><name>🍜 Luke's Lobster</name><styleUrl>#ai</styleUrl><description><![CDATA[Lobster roll de culto en Cat Street · ¥1,500 · Nivel 🌊 Ai — días: jue 15<br/><a href="https://www.google.com/maps/search/?api=1&amp;query=Luke%27s%20Lobster%20Omotesando">Abrir en Google Maps</a>]]></description><Point><coordinates>139.704508,35.665503,0</coordinates></Point></Placemark>
<Placemark><name>🍜 Golden Brown</name><styleUrl>#ai</styleUrl><description><![CDATA[Hamburguesa artesanal japonesa · ¥1,800 · Nivel 🌊 Ai — días: jue 15<br/><a href="https://www.google.com/maps/search/?api=1&amp;query=Golden%20Brown%20burger%20Omotesando">Abrir en Google Maps</a>]]></description><Point><coordinates>139.708838,35.667408,0</coordinates></Point></Placemark>
<Placemark><name>🍜 bills</name><styleUrl>#ai</styleUrl><description><![CDATA[Los hotcakes 'más famosos del mundo', versión Omotesandō · ¥2,200 · Nivel 🌊 Ai — días: jue 15<br/><a href="https://www.google.com/maps/search/?api=1&amp;query=bills%20Omotesando">Abrir en Google Maps</a>]]></description><Point><coordinates>139.705781,35.668582,0</coordinates></Point></Placemark>
<Placemark><name>🍜 Gyukatsu Motomura</name><styleUrl>#shu</styleUrl><description><![CDATA[El gyukatsu de las filas eternas — vale si avanza · ¥2,200 · Nivel 🔴 Shu — días: jue 15<br/><a href="https://www.google.com/maps/search/?api=1&amp;query=Gyukatsu%20Motomura%20Shibuya">Abrir en Google Maps</a>]]></description><Point><coordinates>139.706156,35.655358,0</coordinates></Point></Placemark>
<Placemark><name>🍜 Maisen</name><styleUrl>#shu</styleUrl><description><![CDATA[Tonkatsu en una ex-casa de baños — el clásico de Omotesandō · ¥3,000 · Nivel 🔴 Shu — días: jue 15<br/><a href="https://www.google.com/maps/search/?api=1&amp;query=Maisen%20Aoyama%20tonkatsu">Abrir en Google Maps</a>]]></description><Point><coordinates>139.711536,35.667925,0</coordinates></Point></Placemark>
<Placemark><name>🍜 Uobei</name><styleUrl>#take</styleUrl><description><![CDATA[Sushi que llega en riel a tu pantalla — los primos chicos felices · ¥1,500/persona · Nivel 🎋 Take — días: jue 15<br/><a href="https://www.google.com/maps/search/?api=1&amp;query=Uobei%20Shibuya">Abrir en Google Maps</a>]]></description><Point><coordinates>139.697921,35.659435,0</coordinates></Point></Placemark>
<Placemark><name>🍜 Genki Sushi</name><styleUrl>#take</styleUrl><description><![CDATA[El hermano de Uobei, mismo sistema · ¥1,800 · Nivel 🎋 Take — días: jue 15<br/><a href="https://www.google.com/maps/search/?api=1&amp;query=Genki%20Sushi%20Shibuya">Abrir en Google Maps</a>]]></description><Point><coordinates>139.696522,35.647418,0</coordinates></Point></Placemark>
<Placemark><name>🍜 Nabezo Shibuya</name><styleUrl>#ai</styleUrl><description><![CDATA[Shabu-shabu tabehōdai — mesas grandes · ¥4,500 · Nivel 🌊 Ai — días: jue 15<br/><a href="https://www.google.com/maps/search/?api=1&amp;query=Nabezo%20Shibuya">Abrir en Google Maps</a>]]></description><Point><coordinates>139.700209,35.661171,0</coordinates></Point></Placemark>
<Placemark><name>🍜 Han no Daidokoro (entrada)</name><styleUrl>#ai</styleUrl><description><![CDATA[Yakiniku de calidad, curso corto · ¥6,000 · Nivel 🌊 Ai — días: jue 15<br/><a href="https://www.google.com/maps/search/?api=1&amp;query=Han%20no%20Daidokoro%20Shibuya">Abrir en Google Maps</a>]]></description><Point><coordinates>139.697958,35.659255,0</coordinates></Point></Placemark>
<Placemark><name>🍜 Han no Daidokoro curso</name><styleUrl>#shu</styleUrl><description><![CDATA[El curso completo de wagyu — a 5 min esa noche · ¥10,000 · Nivel 🔴 Shu — días: jue 15<br/><a href="https://www.google.com/maps/search/?api=1&amp;query=Han%20no%20Daidokoro%20Bettei%20Shibuya">Abrir en Google Maps</a>]]></description><Point><coordinates>139.697958,35.659255,0</coordinates></Point></Placemark>
<Placemark><name>🍜 Ushigoro S</name><styleUrl>#shu</styleUrl><description><![CDATA[EL yakiniku premium — privados elegantes, reservar semanas antes · ¥15,000 · Nivel 🔴 Shu — días: jue 15<br/><a href="https://www.google.com/maps/search/?api=1&amp;query=Ushigoro%20S%20Shibuya">Abrir en Google Maps</a>]]></description><Point><coordinates>139.705963,35.690985,0</coordinates></Point></Placemark>
<Placemark><name>🍜 Uoya-Itcho</name><styleUrl>#take</styleUrl><description><![CDATA[Izakaya grande de pescado — acomoda mesa de 10 · ¥3,500 · Nivel 🎋 Take — días: vie 16<br/><a href="https://www.google.com/maps/search/?api=1&amp;query=Uoya%20Itcho%20Shinjuku">Abrir en Google Maps</a>]]></description><Point><coordinates>139.707505,35.691030,0</coordinates></Point></Placemark>
<Placemark><name>🍜 Gyukaku</name><styleUrl>#ai</styleUrl><description><![CDATA[Yakiniku de cadena confiable, mesas amplias · ¥4,000 · Nivel 🌊 Ai — días: vie 16<br/><a href="https://www.google.com/maps/search/?api=1&amp;query=Gyu-Kaku%20Shinjuku">Abrir en Google Maps</a>]]></description><Point><coordinates>139.701282,35.694387,0</coordinates></Point></Placemark>
<Placemark><name>🍜 Nabezo Shinjuku</name><styleUrl>#ai</styleUrl><description><![CDATA[Tabehōdai de shabu y sukiyaki — hecho para grupos · ¥4,500 · Nivel 🌊 Ai — días: vie 16<br/><a href="https://www.google.com/maps/search/?api=1&amp;query=Nabezo%20Shinjuku">Abrir en Google Maps</a>]]></description><Point><coordinates>139.740806,35.668070,0</coordinates></Point></Placemark>
<Placemark><name>🍜 Imahan shabu</name><styleUrl>#ai</styleUrl><description><![CDATA[El shabu de la casa de 1895, versión moderna · ¥6,000 · Nivel 🌊 Ai — días: vie 16<br/><a href="https://www.google.com/maps/search/?api=1&amp;query=Imahan%20Shinjuku">Abrir en Google Maps</a>]]></description><Point><coordinates>139.691502,35.691344,0</coordinates></Point></Placemark>
<Placemark><name>🍜 Jojoen</name><styleUrl>#shu</styleUrl><description><![CDATA[Yakiniku premium con privados para 10 — reservar desde México · ¥8–12,000 · Nivel 🔴 Shu — días: vie 16<br/><a href="https://www.google.com/maps/search/?api=1&amp;query=Jojoen%20Shinjuku">Abrir en Google Maps</a>]]></description><Point><coordinates>139.701963,35.691254,0</coordinates></Point></Placemark>
<Placemark><name>🍜 NY Grill (Park Hyatt)</name><styleUrl>#shu</styleUrl><description><![CDATA[El piso 52: steak, jazz en vivo y todo Tokio abajo · ¥15,000+ · Nivel 🔴 Shu — días: vie 16<br/><a href="https://www.google.com/maps/search/?api=1&amp;query=New%20York%20Grill%20Park%20Hyatt%20Tokyo">Abrir en Google Maps</a>]]></description><Point><coordinates>139.690739,35.685500,0</coordinates></Point></Placemark>
<Placemark><name>🍜 Kagari</name><styleUrl>#take</styleUrl><description><![CDATA[Tori-paitan (caldo de pollo cremoso) — Bib Gourmand, fila rápida · ¥1,500 · Nivel 🎋 Take — días: sáb 17<br/><a href="https://www.google.com/maps/search/?api=1&amp;query=Kagari%20Ginza">Abrir en Google Maps</a>]]></description><Point><coordinates>139.761332,35.671202,0</coordinates></Point></Placemark>
<Placemark><name>🍜 Gonpachi</name><styleUrl>#take</styleUrl><description><![CDATA['El restaurante de Kill Bill' — turístico y divertidísimo · ¥5,000 · Nivel 🎋 Take — días: sáb 17<br/><a href="https://www.google.com/maps/search/?api=1&amp;query=Gonpachi%20Nishi-Azabu">Abrir en Google Maps</a>]]></description><Point><coordinates>139.723580,35.660174,0</coordinates></Point></Placemark>
<Placemark><name>🍜 Shibuya Yokocho</name><styleUrl>#resto</styleUrl><description><![CDATA[19 mini-barras regionales en fila, en Miyashita Park · ¥2,500–4,000 · Nivel 🍴 — días: jue 15<br/><a href="https://www.google.com/maps/search/?api=1&amp;query=Shibuya%20Yokocho%20Miyashita%20Park">Abrir en Google Maps</a>]]></description><Point><coordinates>139.701785,35.660607,0</coordinates></Point></Placemark>
<Placemark><name>🍜 Golden Gai</name><styleUrl>#resto</styleUrl><description><![CDATA[200 barras de 5 asientos — para la sobremesa, los 10 se dispersan solos · ¥1,000–2,000/bar · Nivel 🍴 — días: vie 16<br/><a href="https://www.google.com/maps/search/?api=1&amp;query=Golden%20Gai%20Shinjuku">Abrir en Google Maps</a>]]></description><Point><coordinates>139.704761,35.694112,0</coordinates></Point></Placemark>
<Placemark><name>🏨 Rose Garden Shinjuku (Tokio, 6 noches)</name><styleUrl>#hotel</styleUrl><description><![CDATA[<a href="https://www.google.com/maps/search/?api=1&amp;query=Hotel%20Rose%20Garden%20Shinjuku%20Tokyo">Abrir en Google Maps</a>]]></description><Point><coordinates>139.693706,35.694452,0</coordinates></Point></Placemark>
<Placemark><name>✈️ Haneda T3 (llegada dom 4 · salida dom 18)</name><styleUrl>#aero</styleUrl><description><![CDATA[<a href="https://www.google.com/maps/search/?api=1&amp;query=Haneda%20Airport%20Terminal%203">Abrir en Google Maps</a>]]></description><Point><coordinates>139.768155,35.543913,0</coordinates></Point></Placemark>
</Folder>
<Folder><name>6 · Excursiones (Hakone · Kamakura · Fuji · Disney)</name>
<Placemark><name>⭐ Teleférico de Hakone</name><styleUrl>#sitio_fuji</styleUrl><description><![CDATA[Cabinas cada minuto cruzando sobre el valle volcánico, con el Fuji apareciendo a la derecha si el cielo abre. — EN EL PLAN: mié 14 · 08:00<br/><a href="https://www.google.com/maps/search/?api=1&amp;query=Hakone%20Ropeway">Abrir en Google Maps</a>]]></description><Point><coordinates>139.015041,35.244427,0</coordinates></Point></Placemark>
<Placemark><name>⭐ Ōwakudani</name><styleUrl>#sitio_fuji</styleUrl><description><![CDATA[El 'Gran Valle Hirviente': fumarolas, olor a azufre y los huevos negros cocidos en las pozas — la leyenda dice que cada uno alarga la vida 7 años. — EN EL PLAN: mié 14 · 08:00<br/><a href="https://www.google.com/maps/search/?api=1&amp;query=Owakudani%20Hakone">Abrir en Google Maps</a>]]></description><Point><coordinates>139.019354,35.243449,0</coordinates></Point></Placemark>
<Placemark><name>⭐ Lago Ashi</name><styleUrl>#sitio_fuji</styleUrl><description><![CDATA[El lago del cráter con el torii de Hakone saliendo del agua y barcos 'piratas' cruzándolo — la postal del Fuji cuando está despejado. — EN EL PLAN: mié 14 · 08:00<br/><a href="https://www.google.com/maps/search/?api=1&amp;query=Lake%20Ashi%20Hakone">Abrir en Google Maps</a>]]></description><Point><coordinates>139.003463,35.209567,0</coordinates></Point></Placemark>
<Placemark><name>⭐ Monte Fuji</name><styleUrl>#sitio_fuji</styleUrl><description><![CDATA[La montaña perfecta: 3,776 m de cono volcánico visible desde 100 km. Verla despejada es lotería — en octubre, las mañanas dan la mejor probabilidad. — EN EL PLAN: mié 14 · 08:00 · vie 16 · 06:00<br/><a href="https://www.google.com/maps/search/?api=1&amp;query=Mount%20Fuji">Abrir en Google Maps</a>]]></description><Point><coordinates>138.727363,35.360625,0</coordinates></Point></Placemark>
<Placemark><name>⭐ Santuario de Hakone (Motomiya)</name><styleUrl>#sitio_fuji</styleUrl><description><![CDATA[El santuario del torii en el agua: se hace fila en el embarcadero para LA foto, y el bosque de cedros gigantes detrás vale la subida. — EN EL PLAN: mié 14 · 08:00<br/><a href="https://www.google.com/maps/search/?api=1&amp;query=Hakone%20Shrine">Abrir en Google Maps</a>]]></description><Point><coordinates>139.025378,35.204826,0</coordinates></Point></Placemark>
<Placemark><name>⭐ Gran Buda de Kamakura</name><styleUrl>#sitio_fuji</styleUrl><description><![CDATA[11 m y 121 toneladas de bronce meditando al aire libre desde hace 770 años, con las montañas de Kamakura detrás. Se puede entrar (¥50). — EN EL PLAN: vie 16 · 07:00<br/><a href="https://www.google.com/maps/search/?api=1&amp;query=Kotokuin%20Great%20Buddha%20Kamakura">Abrir en Google Maps</a>]]></description><Point><coordinates>139.535744,35.316814,0</coordinates></Point></Placemark>
<Placemark><name>⭐ Hase-dera (Kamakura)</name><styleUrl>#sitio_fuji</styleUrl><description><![CDATA[El templo de las hortensias y la Kannon dorada de 9 m — la escultura de madera más grande de Japón — con terraza al mar de Kamakura. — EN EL PLAN: vie 16 · 08:40<br/><a href="https://www.google.com/maps/search/?api=1&amp;query=Hasedera%20Kamakura">Abrir en Google Maps</a>]]></description><Point><coordinates>139.533063,35.312464,0</coordinates></Point></Placemark>
<Placemark><name>⭐ Lago Kawaguchiko</name><styleUrl>#sitio_fuji</styleUrl><description><![CDATA[El lago con la vista más famosa del Fuji: la ribera norte lo refleja entero, con los momiji encendidos en otoño. — EN EL PLAN: jue 15 · 21:15 · vie 16 · 07:00<br/><a href="https://www.google.com/maps/search/?api=1&amp;query=Lake%20Kawaguchiko">Abrir en Google Maps</a>]]></description><Point><coordinates>138.751779,35.517095,0</coordinates></Point></Placemark>
<Placemark><name>⭐ Pagoda Chureito</name><styleUrl>#sitio_fuji</styleUrl><description><![CDATA[La pagoda de 5 pisos con el Fuji de fondo — LA foto de Japón. Son 398 escalones para ganársela.<br/><a href="https://www.google.com/maps/search/?api=1&amp;query=Chureito%20Pagoda%20Fujiyoshida">Abrir en Google Maps</a>]]></description><Point><coordinates>138.801385,35.501263,0</coordinates></Point></Placemark>
<Placemark><name>⭐ Tokyo Disneyland</name><styleUrl>#sitio_fuji</styleUrl><description><![CDATA[El Disney japonés: famoso por su nivel de detalle obsesivo, su popcorn de sabores y ser el parque con más visitantes repetidores del mundo. — EN EL PLAN: jue 15 · 05:30<br/><a href="https://www.google.com/maps/search/?api=1&amp;query=Tokyo%20Disneyland">Abrir en Google Maps</a>]]></description><Point><coordinates>139.880394,35.632896,0</coordinates></Point></Placemark>
</Folder></Document></kml>