<?xml version="1.0" encoding="UTF-8"?>
<kml xmlns="http://www.opengis.net/kml/2.2"><Document>
<name>Japón · rutas por día</name>
<description>Cada tramo numerado en orden (d4·1, d4·2…) con sentido A → B. 🚶 gris = caminando (calle real) · 🚇 color = la línea de tren oficial · líneas delgadas punteadas mentales = traslado largo del tour/plan.</description>
<Style id="l80636f7a2"><LineStyle><color>80636f7a</color><width>2</width></LineStyle></Style>
<Style id="lffb76b0d5"><LineStyle><color>ffb76b0d</color><width>5</width></LineStyle></Style>
<Style id="lff2147815"><LineStyle><color>ff214781</color><width>5</width></LineStyle></Style>
<Style id="lb8636f7a3"><LineStyle><color>b8636f7a</color><width>3</width></LineStyle></Style>
<Style id="lff8628525"><LineStyle><color>ff862852</color><width>5</width></LineStyle></Style>
<Style id="lff934de45"><LineStyle><color>ff934de4</color><width>5</width></LineStyle></Style>
<Style id="lff1f17e55"><LineStyle><color>ff1f17e5</color><width>5</width></LineStyle></Style>
<Style id="lffa0501c5"><LineStyle><color>ffa0501c</color><width>5</width></LineStyle></Style>
<Style id="lff00d4ff5"><LineStyle><color>ff00d4ff</color><width>5</width></LineStyle></Style>
<Style id="lffaf5c005"><LineStyle><color>ffaf5c00</color><width>5</width></LineStyle></Style>
<Style id="lff4499005"><LineStyle><color>ff449900</color><width>5</width></LineStyle></Style>
<Style id="lff669a015"><LineStyle><color>ff669a01</color><width>5</width></LineStyle></Style>
<Style id="lff0000e85"><LineStyle><color>ff0000e8</color><width>5</width></LineStyle></Style>
<Style id="lff2900d75"><LineStyle><color>ff2900d7</color><width>5</width></LineStyle></Style>
<Style id="lffa557275"><LineStyle><color>ffa55727</color><width>5</width></LineStyle></Style>
<Style id="lff1fc38f5"><LineStyle><color>ff1fc38f</color><width>5</width></LineStyle></Style>
<Style id="lff1700805"><LineStyle><color>ff170080</color><width>5</width></LineStyle></Style>
<Style id="lff9933665"><LineStyle><color>ff993366</color><width>5</width></LineStyle></Style>
<Style id="lff2b4a7a5"><LineStyle><color>ff2b4a7a</color><width>5</width></LineStyle></Style>
<Style id="lff0c86c75"><LineStyle><color>ff0c86c7</color><width>5</width></LineStyle></Style>
<Style id="lff225af15"><LineStyle><color>ff225af1</color><width>5</width></LineStyle></Style>
<Style id="lff0097f35"><LineStyle><color>ff0097f3</color><width>5</width></LineStyle></Style>
<Style id="lffc36c0f5"><LineStyle><color>ffc36c0f</color><width>5</width></LineStyle></Style>
<Style id="lff656eec5"><LineStyle><color>ff656eec</color><width>5</width></LineStyle></Style>
<Style id="lff32cd9a5"><LineStyle><color>ff32cd9a</color><width>5</width></LineStyle></Style>
<Style id="lff301be25"><LineStyle><color>ff301be2</color><width>5</width></LineStyle></Style>
<Style id="lff0388005"><LineStyle><color>ff038800</color><width>5</width></LineStyle></Style>
<Style id="lff9c46295"><LineStyle><color>ff9c4629</color><width>5</width></LineStyle></Style>
<Style id="lff1200e65"><LineStyle><color>ff1200e6</color><width>5</width></LineStyle></Style>
<Style id="lffb7ae9c5"><LineStyle><color>ffb7ae9c</color><width>5</width></LineStyle></Style>
<Style id="lff207bf45"><LineStyle><color>ff207bf4</color><width>5</width></LineStyle></Style>
<Folder><name>dom 4 · Osaka</name>
<Placemark><name>d4·1 · traslado: Hotel → Osaka-kūkō</name><styleUrl>#l80636f7a2</styleUrl><description><![CDATA[conexión (esquemática)]]></description><LineString><tessellate>1</tessellate><coordinates>135.507500,34.688700,0 135.442003,34.791377,0</coordinates></LineString></Placemark>
<Placemark><name>d4·2 🚇 Osaka Monorail: Osaka-kūkō → Yamada</name><styleUrl>#lffb76b0d5</styleUrl><description><![CDATA[Osaka Monorail — sentido Kadomashi (5 tramos)]]></description><LineString><tessellate>1</tessellate><coordinates>135.442003,34.791377,0 135.449432,34.794017,0 135.458675,34.800347,0 135.475430,34.804265,0 135.495052,34.809880,0 135.541688,34.647437,0</coordinates></LineString></Placemark>
<Placemark><name>d4·3 🚇 Metro Sakaisuji: Yamada → Kitahama</name><styleUrl>#lff2147815</styleUrl><description><![CDATA[Metro Sakaisuji — sentido Tengachaya (12 tramos)]]></description><LineString><tessellate>1</tessellate><coordinates>135.541688,34.647437,0 135.508731,34.792524,0 135.505411,34.779210,0 135.506038,34.771090,0 135.509255,34.764349,0 135.523588,34.763158,0 135.520030,34.746167,0 135.516892,34.739255,0 135.511534,34.728474,0 135.511851,34.710654,0 135.510843,34.704476,0 135.511155,34.697514,0 135.507584,34.691505,0</coordinates></LineString></Placemark>
<Placemark><name>d4·4 🚶 Kitahama → Temmabashi</name><styleUrl>#lb8636f7a3</styleUrl><description><![CDATA[caminando]]></description><LineString><tessellate>1</tessellate><coordinates>135.507581,34.691499,0 135.507907,34.691383,0 135.507878,34.691303,0 135.508275,34.691165,0 135.508691,34.691019,0 135.508720,34.691007,0 135.508756,34.690991,0 135.508780,34.690980,0 135.508804,34.690971,0 135.508814,34.690984,0 135.508860,34.691042,0 135.508909,34.691102,0 135.508920,34.691117,0 135.509819,34.690560,0 135.509946,34.690474,0 135.510164,34.690371,0 135.510344,34.690333,0 135.510353,34.690332,0 135.510363,34.690337,0 135.511445,34.690309,0 135.511511,34.690308,0 135.511604,34.690368,0 135.511712,34.690368,0 135.511828,34.690366,0 135.511836,34.690336,0 135.511862,34.690315,0 135.511901,34.690300,0 135.513163,34.690264,0 135.513242,34.690258,0 135.513442,34.690237,0 135.514599,34.690104,0 135.514657,34.690098,0 135.514677,34.690098,0 135.514693,34.690106,0 135.514713,34.690103,0 135.514736,34.690100,0 135.514760,34.690096,0 135.514774,34.690094,0 135.514771,34.690111,0 135.514798,34.690319,0 135.514867,34.690394,0 135.514922,34.690418,0 135.515151,34.690497,0 135.515389,34.690492,0 135.515389,34.690478,0 135.515388,34.690459,0 135.516427,34.690424,0</coordinates></LineString></Placemark>
<Placemark><name>d4·5 🚇 Metro Tanimachi: Temmabashi → Tanimachi 4-chōme</name><styleUrl>#lff8628525</styleUrl><description><![CDATA[Metro Tanimachi — sentido Yao-Minami (1 tramos)]]></description><LineString><tessellate>1</tessellate><coordinates>135.516422,34.690330,0 135.519600,34.679800,0</coordinates></LineString></Placemark>
<Placemark><name>d4·6 🚶 Tanimachi 4-chōme → Castillo de Osaka</name><styleUrl>#lb8636f7a3</styleUrl><description><![CDATA[caminando]]></description><LineString><tessellate>1</tessellate><coordinates>135.519708,34.679683,0 135.519794,34.679679,0 135.520415,34.679647,0 135.520436,34.679646,0 135.520991,34.679618,0 135.521097,34.680767,0 135.521100,34.680803,0 135.521107,34.680882,0 135.521103,34.680901,0 135.521125,34.680900,0 135.521245,34.680897,0 135.521345,34.680890,0 135.521376,34.680888,0 135.521376,34.680946,0 135.521384,34.681021,0 135.521436,34.681059,0 135.521446,34.681133,0 135.521481,34.681365,0 135.521490,34.681430,0 135.521432,34.681521,0 135.521427,34.681583,0 135.521554,34.682880,0 135.521565,34.682934,0 135.521570,34.682956,0 135.521594,34.683006,0 135.521619,34.683026,0 135.521653,34.683043,0 135.521693,34.683051,0 135.521694,34.683074,0 135.521697,34.683174,0 135.521698,34.683255,0 135.521698,34.683284,0 135.521773,34.683247,0 135.521844,34.683207,0 135.521858,34.683219,0 135.522028,34.683334,0 135.522029,34.683355,0 135.521996,34.683435,0 135.522042,34.683482,0 135.522054,34.683692,0 135.522038,34.684015,0 135.521993,34.684669,0 135.522064,34.684673,0 135.522042,34.684897,0 135.522086,34.684901,0 135.522077,34.685010,0 135.523015,34.685078,0 135.523056,34.685081,0 135.523090,34.685082,0 135.523174,34.685109,0 135.523220,34.685154,0 135.523236,34.685189,0 135.523256,34.685229,0 135.523262,34.685302,0 135.523252,34.685429,0 135.523245,34.685497,0 135.523398,34.685506,0 135.523437,34.685505,0 135.523474,34.685498,0 135.523568,34.685464,0 135.523691,34.685401,0 135.523890,34.685302,0 135.523931,34.685281,0 135.524238,34.685118,0 135.524342,34.685063,0 135.524388,34.684991,0 135.524365,34.684839,0 135.524411,34.684837,0 135.524994,34.684817,0 135.525665,34.684800,0 135.525690,34.684799,0 135.525691,34.684813,0 135.525693,34.684926,0 135.525698,34.685194,0 135.525698,34.685231,0 135.525701,34.685370,0 135.525703,34.685379,0 135.525709,34.685388,0 135.525717,34.685393,0 135.525731,34.685395,0 135.526063,34.685390,0 135.526066,34.685667,0 135.526072,34.685879,0 135.526067,34.686067,0 135.526100,34.686067,0 135.526100,34.686091,0 135.526099,34.686372,0 135.526096,34.686641,0 135.525881,34.686647,0 135.525889,34.686817,0 135.525965,34.686859,0 135.525972,34.686933,0 135.525971,34.686944,0 135.525979,34.687028,0 135.525983,34.687117,0 135.525985,34.687144,0 135.525948,34.687146,0 135.525900,34.687149,0 135.525864,34.687152,0 135.525862,34.687123,0 135.525861,34.687098,0 135.525859,34.687078,0 135.525823,34.687080,0 135.525806,34.687081,0 135.525772,34.687083,0 135.525776,34.687136,0 135.525777,34.687150,0 135.525783,34.687191,0 135.525783,34.687191,0</coordinates></LineString></Placemark>
<Placemark><name>d4·7 🚶 Castillo de Osaka → Tanimachi 4-chōme</name><styleUrl>#lb8636f7a3</styleUrl><description><![CDATA[caminando]]></description><LineString><tessellate>1</tessellate><coordinates>135.525783,34.687191,0 135.525777,34.687150,0 135.525776,34.687136,0 135.525772,34.687083,0 135.525806,34.687081,0 135.525823,34.687080,0 135.525859,34.687078,0 135.525861,34.687098,0 135.525862,34.687123,0 135.525864,34.687152,0 135.525900,34.687149,0 135.525948,34.687146,0 135.525985,34.687144,0 135.525983,34.687117,0 135.525979,34.687028,0 135.525971,34.686944,0 135.525972,34.686933,0 135.525965,34.686859,0 135.525889,34.686817,0 135.525881,34.686647,0 135.526096,34.686641,0 135.526099,34.686372,0 135.526100,34.686091,0 135.526100,34.686067,0 135.526067,34.686067,0 135.526072,34.685879,0 135.526066,34.685667,0 135.526063,34.685390,0 135.525731,34.685395,0 135.525717,34.685393,0 135.525709,34.685388,0 135.525703,34.685379,0 135.525701,34.685370,0 135.525698,34.685231,0 135.525698,34.685194,0 135.525693,34.684926,0 135.525691,34.684813,0 135.525690,34.684799,0 135.525665,34.684800,0 135.524994,34.684817,0 135.524411,34.684837,0 135.524365,34.684839,0 135.524388,34.684991,0 135.524342,34.685063,0 135.524238,34.685118,0 135.523931,34.685281,0 135.523890,34.685302,0 135.523691,34.685401,0 135.523568,34.685464,0 135.523474,34.685498,0 135.523437,34.685505,0 135.523398,34.685506,0 135.523245,34.685497,0 135.523252,34.685429,0 135.523262,34.685302,0 135.523256,34.685229,0 135.523236,34.685189,0 135.523220,34.685154,0 135.523174,34.685109,0 135.523090,34.685082,0 135.523056,34.685081,0 135.523015,34.685078,0 135.522077,34.685010,0 135.522086,34.684901,0 135.522042,34.684897,0 135.522064,34.684673,0 135.521993,34.684669,0 135.522038,34.684015,0 135.522054,34.683692,0 135.522042,34.683482,0 135.521996,34.683435,0 135.522029,34.683355,0 135.522028,34.683334,0 135.521858,34.683219,0 135.521844,34.683207,0 135.521773,34.683247,0 135.521698,34.683284,0 135.521698,34.683255,0 135.521697,34.683174,0 135.521694,34.683074,0 135.521693,34.683051,0 135.521653,34.683043,0 135.521619,34.683026,0 135.521594,34.683006,0 135.521570,34.682956,0 135.521565,34.682934,0 135.521554,34.682880,0 135.521427,34.681583,0 135.521432,34.681521,0 135.521490,34.681430,0 135.521481,34.681365,0 135.521446,34.681133,0 135.521436,34.681059,0 135.521384,34.681021,0 135.521376,34.680946,0 135.521376,34.680888,0 135.521345,34.680890,0 135.521245,34.680897,0 135.521125,34.680900,0 135.521103,34.680901,0 135.521107,34.680882,0 135.521100,34.680803,0 135.521097,34.680767,0 135.520991,34.679618,0 135.520436,34.679646,0 135.520415,34.679647,0 135.519794,34.679679,0 135.519708,34.679683,0</coordinates></LineString></Placemark>
<Placemark><name>d4·8 🚇 Metro Tanimachi: Tanimachi 4-chōme → Tanimachi 9-chōme</name><styleUrl>#lff8628525</styleUrl><description><![CDATA[Metro Tanimachi — sentido Yao-Minami (2 tramos)]]></description><LineString><tessellate>1</tessellate><coordinates>135.519600,34.679800,0 135.517500,34.671600,0 135.517700,34.666300,0</coordinates></LineString></Placemark>
<Placemark><name>d4·9 🚇 Metro Sennichimae: Tanimachi 9-chōme → Namba</name><styleUrl>#lff934de45</styleUrl><description><![CDATA[Metro Sennichimae — sentido Noda-Hanshin (2 tramos)]]></description><LineString><tessellate>1</tessellate><coordinates>135.517700,34.666300,0 135.507388,34.666792,0 135.501100,34.666600,0</coordinates></LineString></Placemark>
<Placemark><name>d4·10 🚶 Namba → Hōzen-ji</name><styleUrl>#lb8636f7a3</styleUrl><description><![CDATA[caminando]]></description><LineString><tessellate>1</tessellate><coordinates>135.501099,34.666645,0 135.501338,34.666647,0 135.501392,34.666647,0 135.501381,34.666896,0 135.501380,34.666907,0 135.501380,34.666935,0 135.501375,34.667017,0 135.501362,34.667218,0 135.501358,34.667290,0 135.501357,34.667324,0 135.501352,34.667432,0 135.501402,34.667433,0 135.501498,34.667435,0 135.501859,34.667439,0 135.501853,34.667638,0 135.501882,34.667639,0 135.501875,34.667868,0 135.502274,34.667876,0 135.502350,34.667878,0 135.502369,34.667882,0 135.502385,34.667890,0 135.502397,34.667900,0 135.502404,34.667911,0 135.502408,34.667926,0 135.502407,34.667965,0 135.502417,34.667965,0</coordinates></LineString></Placemark>
<Placemark><name>d4·11 🚶 Hōzen-ji → Namba Yasaka</name><styleUrl>#lb8636f7a3</styleUrl><description><![CDATA[caminando]]></description><LineString><tessellate>1</tessellate><coordinates>135.502417,34.667965,0 135.502407,34.667965,0 135.502408,34.667926,0 135.502404,34.667911,0 135.502397,34.667900,0 135.502385,34.667890,0 135.502369,34.667882,0 135.502350,34.667878,0 135.502274,34.667876,0 135.501875,34.667868,0 135.501882,34.667639,0 135.501853,34.667638,0 135.501859,34.667439,0 135.501498,34.667435,0 135.501402,34.667433,0 135.501352,34.667432,0 135.501357,34.667324,0 135.501358,34.667290,0 135.501362,34.667218,0 135.501375,34.667017,0 135.501380,34.666935,0 135.501380,34.666907,0 135.501381,34.666896,0 135.501392,34.666647,0 135.501409,34.666372,0 135.501462,34.665926,0 135.501452,34.665879,0 135.501291,34.665862,0 135.501005,34.665835,0 135.500818,34.665816,0 135.500601,34.665793,0 135.500584,34.665792,0 135.500562,34.665791,0 135.500566,34.665768,0 135.500584,34.665670,0 135.500594,34.665614,0 135.500603,34.665561,0 135.500621,34.665462,0 135.500627,34.665425,0 135.500634,34.665383,0 135.500542,34.665271,0 135.500537,34.665215,0 135.500483,34.665164,0 135.500516,34.664995,0 135.500538,34.664876,0 135.500218,34.664836,0 135.500198,34.664811,0 135.500121,34.664729,0 135.500081,34.664693,0 135.500090,34.664616,0 135.500130,34.664546,0 135.500113,34.664539,0 135.500063,34.664516,0 135.500005,34.664488,0 135.499949,34.664464,0 135.499897,34.664496,0 135.499819,34.664424,0 135.499306,34.663880,0 135.499011,34.663572,0 135.498955,34.663512,0 135.498892,34.663503,0 135.498340,34.662950,0 135.498306,34.662900,0 135.498323,34.662861,0 135.498320,34.662833,0 135.498320,34.662775,0 135.498317,34.662720,0 135.498317,34.662702,0 135.498319,34.662666,0 135.498217,34.662575,0 135.498168,34.662573,0 135.498129,34.662573,0 135.498071,34.662576,0 135.497895,34.662584,0 135.497823,34.662587,0 135.497786,34.662589,0 135.497757,34.662111,0 135.497278,34.662142,0 135.497176,34.661806,0 135.497119,34.661387,0 135.496706,34.661401,0 135.496706,34.661441,0 135.496707,34.661482,0</coordinates></LineString></Placemark>
<Placemark><name>d4·12 🚶 Namba Yasaka → Dotonbori</name><styleUrl>#lb8636f7a3</styleUrl><description><![CDATA[caminando]]></description><LineString><tessellate>1</tessellate><coordinates>135.496707,34.661482,0 135.496706,34.661441,0 135.496706,34.661401,0 135.497119,34.661387,0 135.497176,34.661806,0 135.497278,34.662142,0 135.497757,34.662111,0 135.497786,34.662589,0 135.497823,34.662587,0 135.497895,34.662584,0 135.498071,34.662576,0 135.498129,34.662573,0 135.498168,34.662573,0 135.498217,34.662575,0 135.498319,34.662666,0 135.498317,34.662702,0 135.498317,34.662720,0 135.498320,34.662775,0 135.498320,34.662833,0 135.498323,34.662861,0 135.498306,34.662900,0 135.498340,34.662950,0 135.498892,34.663503,0 135.498955,34.663512,0 135.499011,34.663572,0 135.499306,34.663880,0 135.499819,34.664424,0 135.499897,34.664496,0 135.499949,34.664464,0 135.500005,34.664488,0 135.500063,34.664516,0 135.500113,34.664539,0 135.500130,34.664546,0 135.500090,34.664616,0 135.500081,34.664693,0 135.500121,34.664729,0 135.500198,34.664811,0 135.500218,34.664836,0 135.500538,34.664876,0 135.500516,34.664995,0 135.500483,34.665164,0 135.500537,34.665215,0 135.500542,34.665271,0 135.500634,34.665383,0 135.500627,34.665425,0 135.500621,34.665462,0 135.500603,34.665561,0 135.500594,34.665614,0 135.500584,34.665670,0 135.500566,34.665768,0 135.500562,34.665791,0 135.500557,34.665817,0 135.500550,34.665861,0 135.500547,34.665962,0 135.500549,34.666119,0 135.500550,34.666156,0 135.500521,34.666156,0 135.500518,34.666224,0 135.500516,34.666251,0 135.500513,34.666289,0 135.500514,34.666309,0 135.500512,34.666350,0 135.500512,34.666553,0 135.500512,34.666639,0 135.500516,34.666692,0 135.500527,34.666853,0 135.500528,34.666919,0 135.500530,34.666995,0 135.500530,34.667029,0 135.500531,34.667234,0 135.500531,34.667268,0 135.500530,34.667341,0 135.500511,34.667383,0 135.500541,34.667423,0 135.500543,34.667655,0 135.500545,34.667843,0 135.500544,34.667902,0 135.500537,34.668153,0 135.500545,34.668656,0 135.500547,34.668677,0 135.500547,34.668715,0 135.501299,34.668728,0 135.501299,34.668809,0 135.501377,34.668810,0 135.501376,34.668824,0 135.501377,34.668862,0 135.501402,34.668862,0 135.501404,34.668944,0 135.501481,34.668945,0 135.501515,34.668975,0 135.501576,34.668978,0</coordinates></LineString></Placemark>
<Placemark><name>d4·13 🚶 Dotonbori → Namba</name><styleUrl>#lb8636f7a3</styleUrl><description><![CDATA[caminando]]></description><LineString><tessellate>1</tessellate><coordinates>135.501576,34.668978,0 135.501515,34.668975,0 135.501481,34.668945,0 135.501404,34.668944,0 135.501402,34.668862,0 135.501377,34.668862,0 135.501376,34.668824,0 135.501377,34.668810,0 135.501299,34.668809,0 135.501299,34.668728,0 135.501290,34.668675,0 135.501301,34.668157,0 135.501325,34.667858,0 135.501352,34.667432,0 135.501357,34.667324,0 135.501358,34.667290,0 135.501362,34.667218,0 135.501375,34.667017,0 135.501380,34.666935,0 135.501380,34.666907,0 135.501381,34.666896,0 135.501392,34.666647,0 135.501338,34.666647,0 135.501099,34.666645,0</coordinates></LineString></Placemark>
<Placemark><name>d4·14 🚇 Metro Midosuji: Namba → Yodoyabashi</name><styleUrl>#lff1f17e55</styleUrl><description><![CDATA[Metro Midosuji — sentido Shin-Osaka / Senri-Chūō (3 tramos)]]></description><LineString><tessellate>1</tessellate><coordinates>135.501100,34.666600,0 135.499201,34.675354,0 135.498721,34.682018,0 135.500954,34.691637,0</coordinates></LineString></Placemark>
<Placemark><name>d4·15 🚶/🚇 Yodoyabashi → hotel</name><styleUrl>#l80636f7a2</styleUrl><description><![CDATA[regreso (esquemático)]]></description><LineString><tessellate>1</tessellate><coordinates>135.500954,34.691637,0 135.507500,34.688700,0</coordinates></LineString></Placemark>
</Folder>
<Folder><name>lun 5 · Hiroshima</name>
<Placemark><name>d5·1 🚶 Hotel → Yodoyabashi</name><styleUrl>#lb8636f7a3</styleUrl><description><![CDATA[caminando]]></description><LineString><tessellate>1</tessellate><coordinates>135.507546,34.688699,0 135.507549,34.688847,0 135.507549,34.688891,0 135.507551,34.688936,0 135.507516,34.688937,0 135.507481,34.688956,0 135.506678,34.688975,0 135.506675,34.689409,0 135.506674,34.689545,0 135.506580,34.689547,0 135.506482,34.689549,0 135.506475,34.689574,0 135.506475,34.689624,0 135.506477,34.689678,0 135.506482,34.689709,0 135.506492,34.690031,0 135.506504,34.690349,0 135.506493,34.690388,0 135.506494,34.690423,0 135.506495,34.690461,0 135.506503,34.690477,0 135.506008,34.690516,0 135.505802,34.690524,0 135.505800,34.690480,0 135.505639,34.690494,0 135.505079,34.690531,0 135.504999,34.690536,0 135.505002,34.690603,0 135.504769,34.690608,0 135.504737,34.690621,0 135.504668,34.690623,0 135.504615,34.690624,0 135.504583,34.690608,0 135.504434,34.690618,0 135.503738,34.690658,0 135.503717,34.690676,0 135.503672,34.690677,0 135.503621,34.690678,0 135.503592,34.690654,0 135.502728,34.690679,0 135.502686,34.690687,0 135.502656,34.690687,0 135.501760,34.690718,0 135.501710,34.690720,0 135.501654,34.690722,0 135.501288,34.690734,0 135.501167,34.690737,0 135.501132,34.690756,0 135.501133,34.690815,0 135.501143,34.691437,0 135.501144,34.691515,0 135.501145,34.691565,0 135.501090,34.691566,0 135.500953,34.691567,0</coordinates></LineString></Placemark>
<Placemark><name>d5·2 🚇 Metro Midosuji: Yodoyabashi → Shin-Osaka</name><styleUrl>#lff1f17e55</styleUrl><description><![CDATA[Metro Midosuji — sentido Senri-Chūō (4 tramos)]]></description><LineString><tessellate>1</tessellate><coordinates>135.500954,34.691637,0 135.497588,34.703413,0 135.492810,34.710129,0 135.498596,34.726637,0 135.497888,34.733485,0</coordinates></LineString></Placemark>
<Placemark><name>d5·3 🚇 Shinkansen: Shin-Osaka → Hiroshima</name><styleUrl>#lffa0501c5</styleUrl><description><![CDATA[Shinkansen — sentido Hakata (3 tramos)]]></description><LineString><tessellate>1</tessellate><coordinates>135.497888,34.733485,0 135.196924,34.707221,0 133.918266,34.666750,0 132.475577,34.397826,0</coordinates></LineString></Placemark>
<Placemark><name>d5·4 🚇 JR San-yō Line (local): Hiroshima → Miyajimaguchi</name><styleUrl>#lff00d4ff5</styleUrl><description><![CDATA[JR San-yō Line (local) — sentido Iwakuni (9 tramos)]]></description><LineString><tessellate>1</tessellate><coordinates>132.475577,34.397826,0 132.460126,34.407801,0 132.450549,34.409490,0 132.427843,34.397993,0 132.391730,34.376654,0 132.368018,34.366764,0 132.335674,34.358027,0 132.323531,34.348022,0 132.314312,34.323098,0 132.302938,34.312313,0</coordinates></LineString></Placemark>
<Placemark><name>d5·5 ⛴️ Ferry JR a Miyajima: Miyajimaguchi → Miyajima</name><styleUrl>#lffaf5c005</styleUrl><description><![CDATA[Ferry JR a Miyajima — sentido Miyajima (1 tramos)]]></description><LineString><tessellate>1</tessellate><coordinates>132.302938,34.312313,0 132.322450,34.302510,0</coordinates></LineString></Placemark>
<Placemark><name>d5·6 🚶 Miyajima → Isla de Miyajima</name><styleUrl>#lb8636f7a3</styleUrl><description><![CDATA[caminando]]></description><LineString><tessellate>1</tessellate><coordinates>132.322385,34.302574,0 132.322299,34.302515,0 132.322283,34.302511,0 132.322256,34.302516,0 132.322223,34.302538,0 132.322081,34.302663,0 132.322061,34.302648,0 132.322205,34.302524,0 132.322274,34.302441,0 132.322106,34.302300,0 132.322125,34.302282,0 132.322198,34.302223,0 132.322354,34.302092,0 132.322306,34.302053,0 132.322354,34.302012,0 132.322371,34.301997,0 132.322474,34.301903,0 132.322038,34.301592,0 132.321697,34.301335,0 132.321569,34.301253,0 132.321546,34.301123,0 132.321547,34.301068,0 132.321510,34.301026,0 132.321463,34.300671,0 132.321346,34.300678,0 132.321326,34.300502,0 132.321323,34.300476,0</coordinates></LineString></Placemark>
<Placemark><name>d5·7 🚶 Isla de Miyajima → Santuario Itsukushima</name><styleUrl>#lb8636f7a3</styleUrl><description><![CDATA[caminando]]></description><LineString><tessellate>1</tessellate><coordinates>132.321323,34.300476,0 132.321300,34.300262,0 132.321406,34.300259,0 132.321356,34.299830,0 132.321349,34.299764,0 132.321321,34.299699,0 132.321293,34.299487,0 132.321214,34.299494,0 132.321152,34.299221,0 132.321101,34.299076,0 132.320999,34.298835,0 132.320886,34.298632,0 132.320755,34.298425,0 132.320581,34.298203,0 132.320475,34.298090,0 132.320545,34.298043,0 132.320396,34.297902,0 132.320367,34.297830,0 132.320446,34.297676,0 132.320653,34.297731,0 132.320804,34.297519,0 132.320948,34.297345,0 132.320968,34.297323,0 132.320985,34.297297,0 132.321118,34.297091,0 132.321132,34.297059,0 132.321130,34.297039,0 132.321060,34.296964,0 132.320980,34.296850,0 132.320908,34.296741,0 132.320799,34.296580,0 132.320799,34.296457,0 132.320811,34.296383,0 132.320838,34.296329,0 132.320703,34.296144,0 132.320531,34.295918,0 132.320536,34.295856,0 132.320540,34.295801,0 132.320461,34.295675,0 132.320413,34.295561,0 132.320400,34.295449,0 132.320221,34.295373,0 132.319863,34.295244,0 132.319665,34.295249,0 132.319532,34.295254,0 132.319357,34.295262,0 132.318924,34.295257,0 132.318876,34.295267,0 132.318869,34.295261,0 132.318818,34.295214,0 132.318789,34.295188,0 132.318748,34.295138,0 132.318718,34.295104,0 132.318631,34.294998,0 132.318652,34.294996,0</coordinates></LineString></Placemark>
<Placemark><name>d5·8 🚶 Santuario Itsukushima → Miyajima</name><styleUrl>#lb8636f7a3</styleUrl><description><![CDATA[caminando]]></description><LineString><tessellate>1</tessellate><coordinates>132.318652,34.294996,0 132.318631,34.294998,0 132.318718,34.295104,0 132.318748,34.295138,0 132.318789,34.295188,0 132.318818,34.295214,0 132.318869,34.295261,0 132.318876,34.295267,0 132.318924,34.295257,0 132.319357,34.295262,0 132.319532,34.295254,0 132.319665,34.295249,0 132.319863,34.295244,0 132.320221,34.295373,0 132.320400,34.295449,0 132.320413,34.295561,0 132.320461,34.295675,0 132.320540,34.295801,0 132.320536,34.295856,0 132.320531,34.295918,0 132.320703,34.296144,0 132.320838,34.296329,0 132.320811,34.296383,0 132.320799,34.296457,0 132.320799,34.296580,0 132.320908,34.296741,0 132.320980,34.296850,0 132.321060,34.296964,0 132.321130,34.297039,0 132.321132,34.297059,0 132.321118,34.297091,0 132.320985,34.297297,0 132.320968,34.297323,0 132.320948,34.297345,0 132.320804,34.297519,0 132.320653,34.297731,0 132.320446,34.297676,0 132.320367,34.297830,0 132.320396,34.297902,0 132.320545,34.298043,0 132.320475,34.298090,0 132.320581,34.298203,0 132.320755,34.298425,0 132.320886,34.298632,0 132.320999,34.298835,0 132.321101,34.299076,0 132.321152,34.299221,0 132.321214,34.299494,0 132.321293,34.299487,0 132.321321,34.299699,0 132.321349,34.299764,0 132.321356,34.299830,0 132.321406,34.300259,0 132.321300,34.300262,0 132.321326,34.300502,0 132.321346,34.300678,0 132.321463,34.300671,0 132.321510,34.301026,0 132.321547,34.301068,0 132.321546,34.301123,0 132.321569,34.301253,0 132.321697,34.301335,0 132.322038,34.301592,0 132.322474,34.301903,0 132.322371,34.301997,0 132.322354,34.302012,0 132.322306,34.302053,0 132.322354,34.302092,0 132.322198,34.302223,0 132.322125,34.302282,0 132.322106,34.302300,0 132.322274,34.302441,0 132.322205,34.302524,0 132.322061,34.302648,0 132.322081,34.302663,0 132.322223,34.302538,0 132.322256,34.302516,0 132.322283,34.302511,0 132.322299,34.302515,0 132.322385,34.302574,0</coordinates></LineString></Placemark>
<Placemark><name>d5·9 ⛴️ Ferry JR a Miyajima: Miyajima → Miyajimaguchi</name><styleUrl>#lffaf5c005</styleUrl><description><![CDATA[Ferry JR a Miyajima — sentido Miyajimaguchi (1 tramos)]]></description><LineString><tessellate>1</tessellate><coordinates>132.322450,34.302510,0 132.302938,34.312313,0</coordinates></LineString></Placemark>
<Placemark><name>d5·10 🚇 JR San-yō Line (local): Miyajimaguchi → Hiroshima</name><styleUrl>#lff00d4ff5</styleUrl><description><![CDATA[JR San-yō Line (local) — sentido Hiroshima (8 tramos)]]></description><LineString><tessellate>1</tessellate><coordinates>132.302938,34.312313,0 132.314312,34.323098,0 132.323531,34.348022,0 132.335674,34.358027,0 132.368018,34.366764,0 132.391730,34.376654,0 132.427843,34.397993,0 132.450549,34.409490,0 132.475577,34.397826,0</coordinates></LineString></Placemark>
<Placemark><name>d5·11 🚇 Tranvía Hiroden: Hiroshima-eki → Gembaku Dome-mae</name><styleUrl>#lff4499005</styleUrl><description><![CDATA[Tranvía Hiroden — sentido líneas 2 y 6 (8 tramos)]]></description><LineString><tessellate>1</tessellate><coordinates>132.475577,34.397826,0 132.475344,34.392395,0 132.532656,34.373467,0 132.467777,34.391669,0 132.625521,34.381166,0 132.463939,34.393972,0 132.460572,34.393614,0 132.459187,34.394809,0 132.454467,34.395945,0</coordinates></LineString></Placemark>
<Placemark><name>d5·12 🚶 Gembaku Dome-mae → Parque Memorial de la Paz</name><styleUrl>#lb8636f7a3</styleUrl><description><![CDATA[caminando]]></description><LineString><tessellate>1</tessellate><coordinates>132.454467,34.395945,0 132.454467,34.395945,0 132.454433,34.395864,0 132.454470,34.395854,0 132.454483,34.395851,0 132.454409,34.395636,0 132.454413,34.395621,0 132.454409,34.395608,0 132.454401,34.395588,0 132.454389,34.395556,0 132.454369,34.395537,0 132.454236,34.395155,0 132.454230,34.395140,0 132.454235,34.395126,0 132.454231,34.395113,0 132.454220,34.395084,0 132.454210,34.395061,0 132.454201,34.395047,0 132.454155,34.394925,0 132.454128,34.394816,0 132.454118,34.394730,0 132.454122,34.394601,0 132.454135,34.394533,0 132.454158,34.394456,0 132.454199,34.394343,0 132.454224,34.394312,0 132.454215,34.394308,0 132.454168,34.394292,0 132.454124,34.394277,0 132.454097,34.394274,0 132.453974,34.394242,0 132.453925,34.394224,0 132.453333,34.394072,0 132.453292,34.394061,0 132.452833,34.393928,0 132.452649,34.393878,0 132.452596,34.393858,0 132.452317,34.393709,0 132.452232,34.393679,0 132.452184,34.393671,0 132.452187,34.393656,0 132.452188,34.393623,0 132.452189,34.393589,0 132.452190,34.393574,0 132.452190,34.393558,0 132.452233,34.393564,0 132.452222,34.393268,0 132.452202,34.393187,0</coordinates></LineString></Placemark>
<Placemark><name>d5·13 🚶 Parque Memorial de la Paz → Domo de la Bomba Atómica</name><styleUrl>#lb8636f7a3</styleUrl><description><![CDATA[caminando]]></description><LineString><tessellate>1</tessellate><coordinates>132.452202,34.393187,0 132.452222,34.393268,0 132.452233,34.393564,0 132.452190,34.393558,0 132.452190,34.393574,0 132.452189,34.393589,0 132.452188,34.393623,0 132.452187,34.393656,0 132.452184,34.393671,0 132.452232,34.393679,0 132.452317,34.393709,0 132.452596,34.393858,0 132.452649,34.393878,0 132.452833,34.393928,0 132.453292,34.394061,0 132.453333,34.394072,0 132.453925,34.394224,0 132.453974,34.394242,0 132.454097,34.394274,0 132.454124,34.394277,0 132.454168,34.394292,0 132.454215,34.394308,0 132.454224,34.394312,0 132.454199,34.394343,0 132.454158,34.394456,0 132.454135,34.394533,0 132.454122,34.394601,0 132.454118,34.394730,0 132.454128,34.394816,0 132.454155,34.394925,0 132.454201,34.395047,0 132.454210,34.395061,0 132.454220,34.395084,0 132.454231,34.395113,0 132.454235,34.395126,0 132.454230,34.395140,0 132.454236,34.395155,0 132.454369,34.395537,0 132.454389,34.395556,0 132.454401,34.395588,0 132.454409,34.395608,0 132.454413,34.395621,0 132.454409,34.395636,0 132.454483,34.395851,0 132.454470,34.395854,0 132.454433,34.395864,0 132.454393,34.395875,0 132.454345,34.395888,0 132.454321,34.395893,0 132.454288,34.395901,0 132.454128,34.395938,0</coordinates></LineString></Placemark>
<Placemark><name>d5·14 🚶 Domo de la Bomba Atómica → Hondōri</name><styleUrl>#lb8636f7a3</styleUrl><description><![CDATA[caminando]]></description><LineString><tessellate>1</tessellate><coordinates>132.454128,34.395938,0 132.454288,34.395901,0 132.454321,34.395893,0 132.454345,34.395888,0 132.454393,34.395875,0 132.454433,34.395864,0 132.454470,34.395854,0 132.454483,34.395851,0 132.454792,34.395780,0 132.454923,34.395749,0 132.454958,34.395732,0 132.454999,34.395722,0 132.455040,34.395712,0 132.455059,34.395708,0 132.455079,34.395716,0 132.455337,34.395653,0 132.455529,34.395607,0 132.456298,34.395428,0 132.456304,34.395426,0 132.456334,34.395407,0 132.456352,34.395402,0 132.456378,34.395396,0 132.456402,34.395390,0 132.456422,34.395385,0 132.456445,34.395386,0 132.456468,34.395388,0 132.456946,34.395277,0 132.457197,34.395218,0 132.457290,34.395172,0 132.457310,34.395142,0 132.457321,34.395126,0 132.457333,34.395108,0 132.457346,34.395089,0 132.457343,34.395007,0 132.457320,34.394942,0 132.457281,34.394834,0 132.457271,34.394806,0 132.457261,34.394778,0 132.457143,34.394439,0 132.457087,34.394280,0 132.456899,34.393746,0 132.456890,34.393719,0 132.456876,34.393676,0 132.456903,34.393669,0 132.456971,34.393646,0 132.457049,34.393619,0 132.457079,34.393609,0 132.457160,34.393581,0 132.457215,34.393562,0 132.457252,34.393552,0 132.457242,34.393522,0 132.457232,34.393492,0 132.457100,34.393104,0 132.457092,34.393082,0 132.456982,34.393110,0</coordinates></LineString></Placemark>
<Placemark><name>d5·15 🚇 Tranvía Hiroden: Hondōri → Hiroshima-eki</name><styleUrl>#lff4499005</styleUrl><description><![CDATA[Tranvía Hiroden — sentido Hiroshima-eki (línea 1) (8 tramos)]]></description><LineString><tessellate>1</tessellate><coordinates>132.456977,34.393159,0 132.459187,34.394809,0 132.460572,34.393614,0 132.463939,34.393972,0 132.625521,34.381166,0 132.467777,34.391669,0 132.532656,34.373467,0 132.475344,34.392395,0 132.475577,34.397826,0</coordinates></LineString></Placemark>
<Placemark><name>d5·16 🚇 Shinkansen: Hiroshima → Shin-Osaka</name><styleUrl>#lffa0501c5</styleUrl><description><![CDATA[Shinkansen — sentido Tokyo (3 tramos)]]></description><LineString><tessellate>1</tessellate><coordinates>132.475577,34.397826,0 133.918266,34.666750,0 135.196924,34.707221,0 135.497888,34.733485,0</coordinates></LineString></Placemark>
<Placemark><name>d5·17 🚶/🚇 Shin-Osaka → hotel</name><styleUrl>#l80636f7a2</styleUrl><description><![CDATA[regreso (esquemático)]]></description><LineString><tessellate>1</tessellate><coordinates>135.497888,34.733485,0 135.507500,34.688700,0</coordinates></LineString></Placemark>
</Folder>
<Folder><name>mar 6 · USJ</name>
<Placemark><name>d6·1 🚶 Hotel → Kitahama</name><styleUrl>#lb8636f7a3</styleUrl><description><![CDATA[caminando]]></description><LineString><tessellate>1</tessellate><coordinates>135.507546,34.688699,0 135.507549,34.688847,0 135.507549,34.688891,0 135.507551,34.688936,0 135.507557,34.689111,0 135.507573,34.689528,0 135.507588,34.689928,0 135.507604,34.690324,0 135.507614,34.690367,0 135.507756,34.690969,0 135.507878,34.691303,0 135.507907,34.691383,0 135.507581,34.691499,0</coordinates></LineString></Placemark>
<Placemark><name>d6·2 🚇 Metro Sakaisuji: Kitahama → Sakaisuji-Hommachi</name><styleUrl>#lff2147815</styleUrl><description><![CDATA[Metro Sakaisuji — sentido Tengachaya (1 tramos)]]></description><LineString><tessellate>1</tessellate><coordinates>135.507584,34.691505,0 135.506933,34.681875,0</coordinates></LineString></Placemark>
<Placemark><name>d6·3 🚇 Metro Chūō (Osaka): Sakaisuji-Hommachi → Bentenchō</name><styleUrl>#lff669a015</styleUrl><description><![CDATA[Metro Chūō (Osaka) — sentido Cosmosquare (4 tramos)]]></description><LineString><tessellate>1</tessellate><coordinates>135.506933,34.681875,0 135.498721,34.682018,0 135.488092,34.681360,0 135.473669,34.676271,0 135.462090,34.668425,0</coordinates></LineString></Placemark>
<Placemark><name>d6·4 🚇 JR Osaka Loop Line: Bentenchō → Nishikujō</name><styleUrl>#lff0000e85</styleUrl><description><![CDATA[JR Osaka Loop Line — sentido Nishikujō / Osaka (1 tramos)]]></description><LineString><tessellate>1</tessellate><coordinates>135.462090,34.668425,0 135.466310,34.682270,0</coordinates></LineString></Placemark>
<Placemark><name>d6·5 🚇 JR Yumesaki (ramal Universal): Nishikujō → Universal City</name><styleUrl>#lff0000e85</styleUrl><description><![CDATA[JR Yumesaki (ramal Universal) — sentido Sakurajima (2 tramos)]]></description><LineString><tessellate>1</tessellate><coordinates>135.466310,34.682270,0 135.441938,34.669932,0 135.438575,34.667818,0</coordinates></LineString></Placemark>
<Placemark><name>d6·6 🚶 Universal City → Universal Studios Japan</name><styleUrl>#lb8636f7a3</styleUrl><description><![CDATA[caminando]]></description><LineString><tessellate>1</tessellate><coordinates>135.438709,34.667756,0 135.438709,34.667756,0 135.438834,34.667662,0 135.438854,34.667643,0 135.438774,34.667581,0 135.438768,34.667577,0 135.438788,34.667559,0 135.438796,34.667552,0 135.438607,34.667417,0 135.438079,34.667067,0 135.438026,34.667065,0 135.438000,34.667064,0 135.437972,34.667061,0 135.437953,34.667059,0 135.437908,34.667058,0 135.437768,34.667130,0 135.437752,34.667137,0 135.437739,34.667123,0 135.437535,34.667221,0 135.437325,34.667326,0 135.436485,34.667739,0 135.436474,34.667745,0 135.436041,34.668004,0 135.436176,34.668089,0 135.436207,34.668048,0 135.436255,34.667966,0 135.436300,34.667904,0 135.435911,34.667689,0 135.435840,34.667649,0 135.435805,34.667659,0 135.435267,34.667810,0 135.435178,34.667315,0 135.435142,34.667134,0 135.435116,34.667000,0 135.435109,34.666964,0 135.435105,34.666943,0 135.434988,34.666339,0 135.434978,34.666285,0 135.434471,34.666347,0 135.434344,34.666362,0 135.434339,34.666363,0 135.434312,34.666366,0 135.434055,34.666403,0 135.434003,34.666410,0 135.433976,34.666408,0 135.433951,34.666403,0 135.433926,34.666391,0 135.433895,34.666373,0 135.433064,34.665843,0 135.432988,34.665770,0 135.432982,34.665764,0 135.432914,34.665697,0 135.432907,34.665675,0 135.432911,34.665656,0 135.432915,34.665606,0 135.432924,34.665557,0 135.432926,34.665491,0 135.432917,34.665439,0 135.432884,34.665384,0 135.432875,34.665362,0 135.432852,34.665336,0 135.432821,34.665321,0 135.432759,34.665307,0 135.432698,34.665302,0 135.432625,34.665308,0 135.432597,34.665302,0 135.432536,34.665297,0 135.432479,34.665308,0 135.432436,34.665339,0 135.432407,34.665364,0 135.432408,34.665391,0 135.432360,34.665379,0 135.432324,34.665369,0 135.432293,34.665375,0 135.432282,34.665392,0</coordinates></LineString></Placemark>
<Placemark><name>d6·7 🚶 Universal Studios Japan → Super Nintendo World</name><styleUrl>#lb8636f7a3</styleUrl><description><![CDATA[caminando]]></description><LineString><tessellate>1</tessellate><coordinates>135.432282,34.665392,0 135.432279,34.665397,0 135.432277,34.665427,0 135.432279,34.665470,0 135.432275,34.665509,0 135.432261,34.665529,0 135.432232,34.665555,0 135.432181,34.665576,0 135.432152,34.665586,0 135.432133,34.665602,0 135.432130,34.665620,0 135.432143,34.665632,0 135.432161,34.665642,0 135.432187,34.665660,0 135.432203,34.665684,0 135.432207,34.665691,0 135.432215,34.665706,0 135.432202,34.665717,0 135.432197,34.665729,0 135.432196,34.665736,0 135.432200,34.665749,0 135.432208,34.665759,0 135.432220,34.665767,0 135.432229,34.665769,0 135.432231,34.665769,0 135.432211,34.665777,0 135.432194,34.665813,0 135.432160,34.665824,0 135.432136,34.665829,0 135.432099,34.665848,0 135.432064,34.665868,0 135.432035,34.665887,0 135.432024,34.665898,0 135.431970,34.665939,0 135.431979,34.665943,0 135.432007,34.665971,0 135.432023,34.666004,0 135.432025,34.666027,0 135.432048,34.666048,0 135.432109,34.666065,0 135.432161,34.666080,0 135.432205,34.666109,0 135.432219,34.666131,0 135.432300,34.666166,0 135.432273,34.666228,0 135.432263,34.666249,0 135.432231,34.666254,0 135.432201,34.666263,0 135.432176,34.666278,0 135.432157,34.666300,0 135.432148,34.666325,0 135.432149,34.666351,0 135.432159,34.666375,0 135.432178,34.666396,0 135.432146,34.666426,0 135.432123,34.666404,0 135.432053,34.666465,0 135.431962,34.666532,0 135.431912,34.666587,0 135.431863,34.666677,0 135.431833,34.666747,0 135.431809,34.666795,0 135.431786,34.666781,0 135.431770,34.666815,0 135.431755,34.666849,0 135.431778,34.666889,0 135.431767,34.666989,0 135.431728,34.667079,0 135.431648,34.667147,0 135.431482,34.667202,0 135.431326,34.667234,0 135.431326,34.667234,0</coordinates></LineString></Placemark>
<Placemark><name>d6·8 🚶 Super Nintendo World → Universal City</name><styleUrl>#lb8636f7a3</styleUrl><description><![CDATA[caminando]]></description><LineString><tessellate>1</tessellate><coordinates>135.431326,34.667234,0 135.431326,34.667234,0 135.431482,34.667202,0 135.431648,34.667147,0 135.431728,34.667079,0 135.431767,34.666989,0 135.431778,34.666889,0 135.431755,34.666849,0 135.431770,34.666815,0 135.431786,34.666781,0 135.431809,34.666795,0 135.431833,34.666747,0 135.431863,34.666677,0 135.431912,34.666587,0 135.431962,34.666532,0 135.432053,34.666465,0 135.432123,34.666404,0 135.432146,34.666426,0 135.432178,34.666396,0 135.432159,34.666375,0 135.432149,34.666351,0 135.432148,34.666325,0 135.432157,34.666300,0 135.432176,34.666278,0 135.432201,34.666263,0 135.432231,34.666254,0 135.432263,34.666249,0 135.432273,34.666228,0 135.432300,34.666166,0 135.432378,34.666184,0 135.432484,34.666215,0 135.432652,34.666278,0 135.432744,34.666181,0 135.433064,34.665843,0 135.433895,34.666373,0 135.433926,34.666391,0 135.433951,34.666403,0 135.433976,34.666408,0 135.434003,34.666410,0 135.434055,34.666403,0 135.434312,34.666366,0 135.434339,34.666363,0 135.434344,34.666362,0 135.434471,34.666347,0 135.434978,34.666285,0 135.434988,34.666339,0 135.435105,34.666943,0 135.435109,34.666964,0 135.435116,34.667000,0 135.435142,34.667134,0 135.435178,34.667315,0 135.435267,34.667810,0 135.435805,34.667659,0 135.435840,34.667649,0 135.435911,34.667689,0 135.436300,34.667904,0 135.436255,34.667966,0 135.436207,34.668048,0 135.436176,34.668089,0 135.436041,34.668004,0 135.436474,34.667745,0 135.436485,34.667739,0 135.437325,34.667326,0 135.437535,34.667221,0 135.437739,34.667123,0 135.437752,34.667137,0 135.437768,34.667130,0 135.437908,34.667058,0 135.437953,34.667059,0 135.437972,34.667061,0 135.438000,34.667064,0 135.438026,34.667065,0 135.438079,34.667067,0 135.438607,34.667417,0 135.438796,34.667552,0 135.438788,34.667559,0 135.438768,34.667577,0 135.438774,34.667581,0 135.438854,34.667643,0 135.438834,34.667662,0 135.438709,34.667756,0</coordinates></LineString></Placemark>
<Placemark><name>d6·9 🚇 JR Yumesaki (ramal Universal): Universal City → Nishikujō</name><styleUrl>#lff0000e85</styleUrl><description><![CDATA[JR Yumesaki (ramal Universal) — sentido Nishikujō (2 tramos)]]></description><LineString><tessellate>1</tessellate><coordinates>135.438575,34.667818,0 135.441938,34.669932,0 135.466310,34.682270,0</coordinates></LineString></Placemark>
<Placemark><name>d6·10 🚇 JR Osaka Loop Line: Nishikujō → Bentenchō</name><styleUrl>#lff0000e85</styleUrl><description><![CDATA[JR Osaka Loop Line — sentido hacia Tennōji (1 tramos)]]></description><LineString><tessellate>1</tessellate><coordinates>135.466310,34.682270,0 135.462090,34.668425,0</coordinates></LineString></Placemark>
<Placemark><name>d6·11 🚇 Metro Chūō (Osaka): Bentenchō → Sakaisuji-Hommachi</name><styleUrl>#lff669a015</styleUrl><description><![CDATA[Metro Chūō (Osaka) — sentido Nagata / Ikoma (4 tramos)]]></description><LineString><tessellate>1</tessellate><coordinates>135.462090,34.668425,0 135.473669,34.676271,0 135.488092,34.681360,0 135.498721,34.682018,0 135.506933,34.681875,0</coordinates></LineString></Placemark>
<Placemark><name>d6·12 🚶/🚇 Sakaisuji-Hommachi → hotel</name><styleUrl>#l80636f7a2</styleUrl><description><![CDATA[regreso (esquemático)]]></description><LineString><tessellate>1</tessellate><coordinates>135.506933,34.681875,0 135.507500,34.688700,0</coordinates></LineString></Placemark>
</Folder>
<Folder><name>mié 7 · Nara</name>
<Placemark><name>d7·1 🚶 Hotel → Kitahama</name><styleUrl>#lb8636f7a3</styleUrl><description><![CDATA[caminando]]></description><LineString><tessellate>1</tessellate><coordinates>135.507546,34.688699,0 135.507549,34.688847,0 135.507549,34.688891,0 135.507551,34.688936,0 135.507557,34.689111,0 135.507573,34.689528,0 135.507588,34.689928,0 135.507604,34.690324,0 135.507614,34.690367,0 135.507756,34.690969,0 135.507878,34.691303,0 135.507907,34.691383,0 135.507581,34.691499,0</coordinates></LineString></Placemark>
<Placemark><name>d7·2 🚇 Metro Sakaisuji: Kitahama → Nippombashi</name><styleUrl>#lff2147815</styleUrl><description><![CDATA[Metro Sakaisuji — sentido Tengachaya (3 tramos)]]></description><LineString><tessellate>1</tessellate><coordinates>135.507584,34.691505,0 135.506933,34.681875,0 135.506297,34.675318,0 135.507388,34.666792,0</coordinates></LineString></Placemark>
<Placemark><name>d7·3 🚶 Nippombashi → Osaka-Namba</name><styleUrl>#lb8636f7a3</styleUrl><description><![CDATA[caminando]]></description><LineString><tessellate>1</tessellate><coordinates>135.507388,34.666792,0 135.507373,34.666792,0 135.507373,34.666768,0 135.507137,34.666783,0 135.507057,34.666786,0 135.506635,34.666800,0 135.506480,34.666804,0 135.506349,34.666815,0 135.506300,34.666817,0 135.506240,34.666790,0 135.506203,34.666791,0 135.506109,34.666792,0 135.506025,34.666792,0 135.505986,34.666792,0 135.505928,34.666831,0 135.505868,34.666831,0 135.505691,34.666834,0 135.505602,34.666835,0 135.505251,34.666843,0 135.505192,34.666845,0 135.504880,34.666850,0 135.504568,34.666855,0 135.504368,34.666856,0 135.504303,34.666874,0 135.504257,34.666874,0 135.504214,34.666875,0 135.504190,34.666875,0 135.504193,34.666895,0 135.504194,34.666968,0 135.504199,34.667182,0 135.504201,34.667233,0 135.504201,34.667272,0 135.503775,34.667283,0 135.503457,34.667288,0 135.503389,34.667290,0 135.503141,34.667293,0 135.503025,34.667298,0 135.502407,34.667302,0 135.502310,34.667305,0 135.502183,34.667308,0 135.501461,34.667322,0 135.501357,34.667324,0 135.501223,34.667327,0 135.500885,34.667334,0 135.500659,34.667338,0 135.500530,34.667341,0 135.500531,34.667268,0 135.500531,34.667234,0 135.500530,34.667029,0 135.500530,34.666995,0 135.500528,34.666919,0 135.500454,34.666908,0 135.500402,34.666909,0 135.500353,34.666909,0 135.500296,34.666910,0 135.500149,34.666908,0 135.500139,34.666928,0 135.500017,34.666928,0 135.499847,34.666928,0 135.499420,34.666929,0 135.499318,34.666931,0 135.498827,34.666941,0 135.498509,34.666948,0 135.498202,34.666985,0 135.498189,34.666986,0 135.498117,34.666995,0 135.498018,34.667009,0 135.497989,34.667011,0 135.497929,34.667015,0 135.497885,34.667018,0 135.497877,34.667221,0 135.497787,34.667234,0</coordinates></LineString></Placemark>
<Placemark><name>d7·4 🚇 Kintetsu Nara Line: Osaka-Namba → Kintetsu-Nara</name><styleUrl>#lff2900d75</styleUrl><description><![CDATA[Kintetsu Nara Line — sentido Kintetsu-Nara (7 tramos)]]></description><LineString><tessellate>1</tessellate><coordinates>135.497776,34.667181,0 135.505700,34.666909,0 135.520150,34.665581,0 135.529059,34.665977,0 135.697921,34.693236,0 135.750894,34.697473,0 135.782681,34.693798,0 135.827465,34.684193,0</coordinates></LineString></Placemark>
<Placemark><name>d7·5 🚶 Kintetsu-Nara → Parque de Nara</name><styleUrl>#lb8636f7a3</styleUrl><description><![CDATA[caminando]]></description><LineString><tessellate>1</tessellate><coordinates>135.827467,34.684224,0 135.827517,34.684222,0 135.827623,34.684221,0 135.827708,34.684220,0 135.828091,34.684218,0 135.828569,34.684216,0 135.828677,34.684219,0 135.828757,34.684221,0 135.829170,34.684309,0 135.829428,34.684349,0 135.830623,34.684351,0 135.831801,34.684347,0 135.831872,34.684347,0 135.831950,34.684346,0 135.832729,34.684337,0 135.832958,34.684336,0 135.833042,34.684327,0 135.833126,34.684322,0 135.833962,34.684304,0 135.834150,34.684301,0 135.834351,34.684294,0 135.834615,34.684294,0 135.834818,34.684294,0 135.835274,34.684293,0 135.835778,34.684298,0 135.835907,34.684302,0 135.836233,34.684304,0 135.836409,34.684271,0 135.836490,34.684256,0 135.836817,34.684138,0 135.837421,34.683957,0 135.837449,34.684021,0 135.837464,34.684054,0 135.837797,34.683955,0 135.837975,34.683909,0 135.837995,34.683908,0 135.838055,34.683910,0 135.838138,34.683889,0 135.838193,34.683873,0 135.838228,34.683844,0 135.838773,34.683736,0 135.839016,34.683693,0 135.839601,34.683585,0 135.839697,34.683601,0 135.839758,34.683629,0 135.839894,34.683612,0 135.839961,34.683608,0 135.840019,34.683606,0 135.840019,34.683641,0 135.840077,34.683642,0 135.840306,34.683646,0 135.840308,34.683717,0 135.840476,34.683714,0 135.840471,34.683531,0 135.840614,34.683531,0 135.841088,34.683529,0 135.841470,34.683527,0 135.841640,34.683524,0 135.841754,34.683518,0 135.841824,34.683502,0 135.841897,34.683470,0 135.842016,34.683406,0 135.842102,34.683347,0 135.842263,34.683240,0 135.842383,34.683164,0 135.842486,34.683118,0 135.842546,34.683101,0 135.842632,34.683086,0 135.842724,34.683080,0 135.842816,34.683081,0 135.842961,34.683091,0 135.843076,34.683108,0 135.843207,34.683092,0 135.843326,34.683064,0 135.843454,34.683068,0 135.843710,34.683067,0 135.844086,34.683045,0 135.844292,34.683050,0 135.844492,34.683095,0 135.844783,34.683179,0 135.844982,34.683266,0 135.845005,34.683276,0 135.845178,34.683370,0 135.845307,34.683415,0 135.845516,34.683447,0 135.845723,34.683467,0 135.845738,34.683468,0 135.846009,34.683590,0 135.846010,34.683561,0 135.846922,34.683639,0 135.847560,34.683734,0 135.847872,34.683743,0 135.848123,34.683759,0 135.848180,34.683784,0 135.848260,34.683861,0 135.848562,34.683976,0 135.848742,34.684015,0 135.848870,34.683999,0 135.849066,34.683930,0 135.849196,34.683916,0 135.849329,34.683932,0 135.849696,34.684051,0 135.849883,34.684099,0 135.850240,34.684253,0 135.850443,34.684319,0 135.850513,34.684364,0 135.850665,34.684493,0 135.850756,34.684525,0 135.851144,34.684565,0 135.851233,34.684594,0 135.851499,34.684759,0 135.851627,34.684797,0 135.851795,34.684814,0 135.851910,34.684789,0 135.852060,34.684749,0 135.852143,34.684725,0 135.852300,34.684709,0 135.852391,34.684725,0 135.852461,34.684779,0 135.852535,34.684928,0 135.852581,34.684986,0 135.852660,34.685029,0 135.852787,34.685066,0 135.852910,34.685074,0 135.853338,34.685085,0 135.853452,34.685066,0 135.853617,34.684995,0 135.853771,34.684917,0 135.853928,34.684827,0 135.854078,34.684780,0 135.854196,34.684798,0 135.854295,34.684840,0 135.854392,34.684978,0 135.854476,34.685180,0 135.854534,34.685357,0 135.854582,34.685467,0 135.854630,34.685508,0 135.854698,34.685519,0 135.854760,34.685495,0 135.854804,34.685435,0 135.854866,34.685027,0 135.854864,34.684947,0 135.854801,34.684777,0 135.854783,34.684654,0 135.854792,34.684542,0 135.854862,34.684384,0 135.854951,34.684290,0 135.855359,34.684088,0 135.855372,34.684046,0 135.855351,34.684001,0 135.855228,34.683864,0 135.855130,34.683694,0 135.855114,34.683614,0 135.855131,34.683524,0 135.855203,34.683445,0 135.855349,34.683373,0 135.855367,34.683293,0 135.855363,34.683143,0 135.855370,34.682934,0 135.855370,34.682934,0</coordinates></LineString></Placemark>
<Placemark><name>d7·6 🚶 Parque de Nara → Tōdai-ji</name><styleUrl>#lb8636f7a3</styleUrl><description><![CDATA[caminando]]></description><LineString><tessellate>1</tessellate><coordinates>135.855370,34.682934,0 135.855370,34.682934,0 135.855363,34.683143,0 135.855367,34.683293,0 135.855349,34.683373,0 135.855203,34.683445,0 135.855131,34.683524,0 135.855114,34.683614,0 135.855130,34.683694,0 135.855228,34.683864,0 135.855351,34.684001,0 135.855372,34.684046,0 135.855359,34.684088,0 135.854951,34.684290,0 135.854862,34.684384,0 135.854792,34.684542,0 135.854783,34.684654,0 135.854801,34.684777,0 135.854864,34.684947,0 135.854866,34.685027,0 135.854804,34.685435,0 135.854760,34.685495,0 135.854698,34.685519,0 135.854630,34.685508,0 135.854582,34.685467,0 135.854534,34.685357,0 135.854476,34.685180,0 135.854392,34.684978,0 135.854295,34.684840,0 135.854196,34.684798,0 135.854078,34.684780,0 135.853928,34.684827,0 135.853771,34.684917,0 135.853617,34.684995,0 135.853452,34.685066,0 135.853338,34.685085,0 135.852910,34.685074,0 135.852787,34.685066,0 135.852660,34.685029,0 135.852581,34.684986,0 135.852535,34.684928,0 135.852461,34.684779,0 135.852391,34.684725,0 135.852300,34.684709,0 135.852143,34.684725,0 135.852060,34.684749,0 135.851910,34.684789,0 135.851795,34.684814,0 135.851627,34.684797,0 135.851499,34.684759,0 135.851233,34.684594,0 135.851144,34.684565,0 135.850756,34.684525,0 135.850665,34.684493,0 135.850513,34.684364,0 135.850443,34.684319,0 135.850240,34.684253,0 135.849883,34.684099,0 135.849696,34.684051,0 135.849329,34.683932,0 135.849196,34.683916,0 135.849066,34.683930,0 135.848870,34.683999,0 135.848742,34.684015,0 135.848562,34.683976,0 135.848260,34.683861,0 135.847632,34.684001,0 135.847200,34.684137,0 135.847146,34.684166,0 135.847027,34.684266,0 135.847067,34.684338,0 135.847038,34.684392,0 135.847031,34.684473,0 135.847021,34.684602,0 135.847050,34.684756,0 135.847079,34.684858,0 135.846866,34.685186,0 135.846722,34.685407,0 135.846614,34.685574,0 135.846538,34.685676,0 135.846457,34.685784,0 135.846293,34.685981,0 135.846092,34.686207,0 135.845926,34.686388,0 135.845886,34.686429,0 135.845857,34.686453,0 135.845552,34.686441,0 135.845528,34.686412,0 135.845255,34.686627,0 135.845126,34.686685,0 135.844949,34.686788,0 135.844724,34.686878,0 135.844452,34.686985,0 135.844372,34.687074,0 135.844334,34.687165,0 135.844318,34.687240,0 135.844309,34.687284,0 135.844294,34.687337,0 135.843938,34.687317,0 135.843659,34.687287,0 135.843548,34.687247,0 135.843471,34.687184,0 135.843282,34.687040,0 135.843255,34.687026,0 135.843010,34.686902,0 135.842946,34.686863,0 135.842893,34.686823,0 135.842811,34.686734,0 135.842776,34.686713,0 135.842734,34.686691,0 135.842680,34.686674,0 135.842601,34.686676,0 135.842375,34.686712,0 135.842209,34.686698,0 135.841943,34.686677,0 135.841845,34.686675,0 135.841103,34.686663,0 135.840711,34.686666,0 135.840692,34.686774,0 135.840694,34.686877,0 135.840740,34.687009,0 135.840751,34.687127,0 135.840768,34.687140,0 135.840820,34.687214,0 135.840857,34.687266,0 135.840862,34.687292,0 135.840885,34.687438,0 135.840897,34.687667,0 135.840894,34.687736,0 135.840895,34.687806,0 135.840771,34.687778,0 135.840719,34.687778,0 135.840666,34.687778,0 135.840665,34.687815,0 135.840665,34.687861,0 135.840035,34.687860,0 135.839861,34.687859,0 135.839861,34.687945,0 135.839750,34.687945,0 135.839749,34.688244,0</coordinates></LineString></Placemark>
<Placemark><name>d7·7 🚶 Tōdai-ji → Kasuga Taisha</name><styleUrl>#lb8636f7a3</styleUrl><description><![CDATA[caminando]]></description><LineString><tessellate>1</tessellate><coordinates>135.839749,34.688244,0 135.839750,34.687945,0 135.839861,34.687945,0 135.839861,34.687859,0 135.840035,34.687860,0 135.840665,34.687861,0 135.840665,34.687815,0 135.840666,34.687778,0 135.839862,34.687774,0 135.839865,34.687362,0 135.839867,34.687047,0 135.839868,34.686906,0 135.839870,34.686688,0 135.839870,34.686628,0 135.839871,34.686552,0 135.839872,34.686453,0 135.839873,34.686338,0 135.839875,34.686112,0 135.839875,34.686019,0 135.839875,34.686004,0 135.839876,34.685899,0 135.839876,34.685881,0 135.839878,34.685733,0 135.839878,34.685697,0 135.839879,34.685517,0 135.839881,34.685300,0 135.839883,34.684991,0 135.839885,34.684776,0 135.839886,34.684715,0 135.839887,34.684559,0 135.839889,34.684210,0 135.839892,34.683874,0 135.839893,34.683710,0 135.839894,34.683612,0 135.839961,34.683608,0 135.840019,34.683606,0 135.840021,34.683518,0 135.840022,34.683470,0 135.840026,34.683388,0 135.840063,34.683388,0 135.840315,34.683326,0 135.840594,34.683259,0 135.840780,34.683223,0 135.840922,34.683226,0 135.841071,34.683159,0 135.841224,34.683043,0 135.841333,34.683012,0 135.841440,34.682977,0 135.841507,34.682895,0 135.841576,34.682855,0 135.841717,34.682841,0 135.841814,34.682821,0 135.841894,34.682778,0 135.842032,34.682696,0 135.842203,34.682607,0 135.842312,34.682548,0 135.842470,34.682445,0 135.842570,34.682367,0 135.842688,34.682276,0 135.842766,34.682220,0 135.842768,34.682150,0 135.843224,34.682155,0 135.843268,34.682155,0 135.843351,34.682143,0 135.843464,34.682230,0 135.843638,34.682200,0 135.843652,34.682201,0 135.843790,34.682207,0 135.844176,34.682213,0 135.844217,34.682213,0 135.844606,34.682146,0 135.845010,34.682148,0 135.845110,34.682140,0 135.845163,34.682136,0 135.845258,34.682133,0 135.845437,34.682143,0 135.845439,34.682082,0 135.845576,34.681677,0 135.845780,34.681622,0 135.845822,34.681597,0 135.845926,34.681573,0 135.846005,34.681600,0 135.846018,34.681546,0 135.846160,34.681133,0 135.846272,34.680974,0 135.846314,34.680873,0 135.846256,34.680879,0 135.846271,34.680737,0 135.846308,34.680540,0 135.846308,34.680540,0</coordinates></LineString></Placemark>
<Placemark><name>d7·8 🚶 Kasuga Taisha → Naramachi</name><styleUrl>#lb8636f7a3</styleUrl><description><![CDATA[caminando]]></description><LineString><tessellate>1</tessellate><coordinates>135.846308,34.680540,0 135.846373,34.680396,0 135.846388,34.680377,0 135.846048,34.680111,0 135.845897,34.680029,0 135.845726,34.679920,0 135.845597,34.679856,0 135.845353,34.679760,0 135.845134,34.679563,0 135.845019,34.679419,0 135.844938,34.679282,0 135.844905,34.679188,0 135.844890,34.679103,0 135.844857,34.678973,0 135.844776,34.678955,0 135.844696,34.678971,0 135.844545,34.678971,0 135.844420,34.678942,0 135.844313,34.678889,0 135.844224,34.678814,0 135.844187,34.678733,0 135.843880,34.678528,0 135.843730,34.678438,0 135.843586,34.678394,0 135.843524,34.678153,0 135.843523,34.678116,0 135.843521,34.678074,0 135.843417,34.677698,0 135.843383,34.677534,0 135.841719,34.677682,0 135.841708,34.677683,0 135.840978,34.677750,0 135.839686,34.677860,0 135.839665,34.677883,0 135.839648,34.677891,0 135.839599,34.677890,0 135.839568,34.677889,0 135.839556,34.677893,0 135.839497,34.677881,0 135.839014,34.677817,0 135.838028,34.677708,0 135.837364,34.677643,0 135.837381,34.677769,0 135.837384,34.677877,0 135.837299,34.677928,0 135.837127,34.678042,0 135.837011,34.678116,0 135.836990,34.678130,0 135.837003,34.678138,0 135.837002,34.678184,0 135.837002,34.678208,0 135.837000,34.678269,0 135.837000,34.678276,0 135.836999,34.678301,0 135.836998,34.678342,0 135.837095,34.678341,0 135.837095,34.678357,0</coordinates></LineString></Placemark>
<Placemark><name>d7·9 🚶 Naramachi → Kōfuku-ji</name><styleUrl>#lb8636f7a3</styleUrl><description><![CDATA[caminando]]></description><LineString><tessellate>1</tessellate><coordinates>135.837095,34.678357,0 135.837095,34.678341,0 135.836998,34.678342,0 135.836999,34.678301,0 135.837000,34.678276,0 135.837000,34.678269,0 135.837002,34.678208,0 135.837002,34.678184,0 135.837003,34.678138,0 135.836990,34.678130,0 135.836930,34.678124,0 135.836683,34.678141,0 135.836328,34.678229,0 135.836075,34.678289,0 135.835575,34.678400,0 135.835463,34.678431,0 135.835362,34.678438,0 135.835293,34.678437,0 135.835301,34.678816,0 135.835296,34.678915,0 135.835192,34.679034,0 135.835131,34.679072,0 135.835089,34.679093,0 135.835077,34.679228,0 135.835021,34.679381,0 135.834971,34.679546,0 135.834967,34.679625,0 135.835041,34.679986,0 135.835051,34.680272,0 135.835051,34.680492,0 135.835052,34.680636,0 135.834986,34.680908,0 135.834903,34.681212,0 135.834886,34.681268,0 135.834863,34.681347,0 135.834815,34.681924,0 135.834741,34.681924,0 135.834678,34.681922,0 135.834671,34.681988,0 135.834613,34.682022,0 135.834538,34.682041,0 135.834346,34.682045,0 135.834018,34.682038,0 135.833855,34.682040,0 135.833811,34.682040,0 135.833418,34.682036,0 135.833212,34.682038,0 135.832726,34.682040,0 135.832513,34.682041,0 135.832242,34.682033,0 135.832046,34.682022,0 135.831915,34.682010,0 135.831792,34.681990,0 135.831716,34.681985,0 135.831538,34.681972,0 135.831187,34.681962,0 135.830802,34.681957,0 135.830419,34.681953,0 135.830420,34.681988,0 135.830421,34.682032,0 135.830375,34.682031,0 135.830396,34.682160,0 135.830426,34.682354,0 135.830446,34.682377,0 135.830671,34.682248,0 135.830690,34.682245,0 135.830690,34.682245,0</coordinates></LineString></Placemark>
<Placemark><name>d7·10 🚶 Kōfuku-ji → Jardín Yoshikien</name><styleUrl>#lb8636f7a3</styleUrl><description><![CDATA[caminando]]></description><LineString><tessellate>1</tessellate><coordinates>135.830690,34.682245,0 135.830671,34.682248,0 135.830446,34.682377,0 135.830444,34.682434,0 135.830444,34.682453,0 135.830444,34.682482,0 135.830631,34.682532,0 135.831166,34.682536,0 135.831624,34.682535,0 135.831728,34.682534,0 135.831731,34.682675,0 135.831740,34.683141,0 135.831862,34.683140,0 135.831872,34.684226,0 135.831872,34.684347,0 135.831950,34.684346,0 135.831949,34.684429,0 135.831950,34.684529,0 135.831953,34.684618,0 135.832726,34.684622,0 135.832869,34.684622,0 135.833012,34.684621,0 135.833115,34.684622,0 135.833187,34.684680,0 135.833723,34.684682,0 135.833725,34.685591,0 135.833777,34.685589,0 135.833851,34.685550,0 135.833874,34.685513,0 135.833893,34.685513,0 135.833942,34.685513,0 135.833990,34.685513,0 135.834087,34.685514,0 135.834084,34.685569,0 135.834220,34.685570,0 135.834315,34.685608,0 135.834574,34.685613,0 135.834576,34.685672,0 135.834705,34.685693,0 135.834774,34.685705,0 135.835081,34.685715,0 135.835623,34.685721,0 135.836409,34.685732,0 135.836427,34.685708,0 135.836564,34.685692,0 135.836596,34.685693,0 135.836616,34.685701,0 135.836627,34.685701,0 135.836681,34.685705,0 135.836708,34.685692,0 135.836787,34.685686,0 135.836798,34.685658,0 135.836818,34.685529,0 135.836848,34.685502,0 135.836913,34.685454,0 135.836929,34.685416,0 135.836931,34.685376,0 135.836991,34.685339,0 135.836995,34.685312,0 135.837033,34.685298,0 135.837076,34.685279,0 135.837099,34.685241,0 135.837083,34.685210,0 135.837115,34.685195,0 135.837137,34.685170,0 135.837181,34.685169,0 135.837224,34.685132,0 135.837224,34.685132,0</coordinates></LineString></Placemark>
<Placemark><name>d7·11 🚶 Jardín Yoshikien → Kintetsu-Nara</name><styleUrl>#lb8636f7a3</styleUrl><description><![CDATA[caminando]]></description><LineString><tessellate>1</tessellate><coordinates>135.837224,34.685132,0 135.837224,34.685132,0 135.837181,34.685169,0 135.837137,34.685170,0 135.837115,34.685195,0 135.837083,34.685210,0 135.837099,34.685241,0 135.837076,34.685279,0 135.837033,34.685298,0 135.836995,34.685312,0 135.836991,34.685339,0 135.836931,34.685376,0 135.836929,34.685416,0 135.836913,34.685454,0 135.836848,34.685502,0 135.836818,34.685529,0 135.836798,34.685658,0 135.836787,34.685686,0 135.836708,34.685692,0 135.836681,34.685705,0 135.836627,34.685701,0 135.836616,34.685701,0 135.836596,34.685693,0 135.836564,34.685692,0 135.836427,34.685708,0 135.836409,34.685732,0 135.835623,34.685721,0 135.835081,34.685715,0 135.834774,34.685705,0 135.834705,34.685693,0 135.834576,34.685672,0 135.834574,34.685731,0 135.834528,34.685716,0 135.834342,34.685701,0 135.834080,34.685683,0 135.833916,34.685681,0 135.833389,34.685682,0 135.833113,34.685679,0 135.833027,34.685674,0 135.832925,34.685673,0 135.832164,34.685673,0 135.832074,34.685673,0 135.831921,34.685674,0 135.831875,34.685671,0 135.831841,34.685671,0 135.831841,34.685646,0 135.831840,34.685589,0 135.831840,34.685502,0 135.831840,34.685419,0 135.831618,34.685371,0 135.831532,34.685352,0 135.831466,34.685328,0 135.831421,34.685301,0 135.831374,34.685272,0 135.831330,34.685186,0 135.831326,34.685123,0 135.831320,34.685072,0 135.831292,34.685019,0 135.831070,34.684602,0 135.831028,34.684602,0 135.830693,34.684600,0 135.830493,34.684599,0 135.829288,34.684592,0 135.828949,34.684542,0 135.828773,34.684543,0 135.828741,34.684542,0 135.828606,34.684541,0 135.828477,34.684462,0 135.827708,34.684471,0 135.827708,34.684371,0 135.827708,34.684270,0 135.827708,34.684220,0 135.827623,34.684221,0 135.827517,34.684222,0 135.827467,34.684224,0</coordinates></LineString></Placemark>
<Placemark><name>d7·12 🚇 Kintetsu Nara Line: Kintetsu-Nara → Osaka-Namba</name><styleUrl>#lff2900d75</styleUrl><description><![CDATA[Kintetsu Nara Line — sentido Osaka-Namba / Amagasaki (7 tramos)]]></description><LineString><tessellate>1</tessellate><coordinates>135.827465,34.684193,0 135.782681,34.693798,0 135.750894,34.697473,0 135.697921,34.693236,0 135.529059,34.665977,0 135.520150,34.665581,0 135.505700,34.666909,0 135.497776,34.667181,0</coordinates></LineString></Placemark>
<Placemark><name>d7·13 🚶 Osaka-Namba → Nippombashi</name><styleUrl>#lb8636f7a3</styleUrl><description><![CDATA[caminando]]></description><LineString><tessellate>1</tessellate><coordinates>135.497787,34.667234,0 135.497877,34.667221,0 135.497885,34.667018,0 135.497929,34.667015,0 135.497989,34.667011,0 135.498018,34.667009,0 135.498117,34.666995,0 135.498189,34.666986,0 135.498202,34.666985,0 135.498509,34.666948,0 135.498827,34.666941,0 135.499318,34.666931,0 135.499420,34.666929,0 135.499847,34.666928,0 135.500017,34.666928,0 135.500139,34.666928,0 135.500149,34.666908,0 135.500296,34.666910,0 135.500353,34.666909,0 135.500402,34.666909,0 135.500454,34.666908,0 135.500528,34.666919,0 135.500530,34.666995,0 135.500530,34.667029,0 135.500531,34.667234,0 135.500531,34.667268,0 135.500530,34.667341,0 135.500659,34.667338,0 135.500885,34.667334,0 135.501223,34.667327,0 135.501357,34.667324,0 135.501461,34.667322,0 135.502183,34.667308,0 135.502310,34.667305,0 135.502407,34.667302,0 135.503025,34.667298,0 135.503141,34.667293,0 135.503389,34.667290,0 135.503457,34.667288,0 135.503775,34.667283,0 135.504201,34.667272,0 135.504201,34.667233,0 135.504199,34.667182,0 135.504194,34.666968,0 135.504193,34.666895,0 135.504190,34.666875,0 135.504214,34.666875,0 135.504257,34.666874,0 135.504303,34.666874,0 135.504368,34.666856,0 135.504568,34.666855,0 135.504880,34.666850,0 135.505192,34.666845,0 135.505251,34.666843,0 135.505602,34.666835,0 135.505691,34.666834,0 135.505868,34.666831,0 135.505928,34.666831,0 135.505986,34.666792,0 135.506025,34.666792,0 135.506109,34.666792,0 135.506203,34.666791,0 135.506240,34.666790,0 135.506300,34.666817,0 135.506349,34.666815,0 135.506480,34.666804,0 135.506635,34.666800,0 135.507057,34.666786,0 135.507137,34.666783,0 135.507373,34.666768,0 135.507373,34.666792,0 135.507388,34.666792,0 135.507388,34.666792,0</coordinates></LineString></Placemark>
<Placemark><name>d7·14 🚇 Metro Sakaisuji: Nippombashi → Kitahama</name><styleUrl>#lff2147815</styleUrl><description><![CDATA[Metro Sakaisuji — sentido Kita-Senri / Tenjimbashisuji (3 tramos)]]></description><LineString><tessellate>1</tessellate><coordinates>135.507388,34.666792,0 135.506297,34.675318,0 135.506933,34.681875,0 135.507584,34.691505,0</coordinates></LineString></Placemark>
<Placemark><name>d7·15 🚶/🚇 Kitahama → hotel</name><styleUrl>#l80636f7a2</styleUrl><description><![CDATA[regreso (esquemático)]]></description><LineString><tessellate>1</tessellate><coordinates>135.507584,34.691505,0 135.507500,34.688700,0</coordinates></LineString></Placemark>
</Folder>
<Folder><name>jue 8 · → Kioto</name>
<Placemark><name>d8·1 🚶 Hotel → Kitahama</name><styleUrl>#lb8636f7a3</styleUrl><description><![CDATA[caminando]]></description><LineString><tessellate>1</tessellate><coordinates>135.507546,34.688699,0 135.507549,34.688847,0 135.507549,34.688891,0 135.507551,34.688936,0 135.507557,34.689111,0 135.507573,34.689528,0 135.507588,34.689928,0 135.507604,34.690324,0 135.507614,34.690367,0 135.507756,34.690969,0 135.507878,34.691303,0 135.507907,34.691383,0 135.507581,34.691499,0</coordinates></LineString></Placemark>
<Placemark><name>d8·2 🚇 Metro Sakaisuji: Kitahama → Ebisuchō</name><styleUrl>#lff2147815</styleUrl><description><![CDATA[Metro Sakaisuji — sentido Tengachaya (4 tramos)]]></description><LineString><tessellate>1</tessellate><coordinates>135.507584,34.691505,0 135.506933,34.681875,0 135.506297,34.675318,0 135.507388,34.666792,0 135.505664,34.655598,0</coordinates></LineString></Placemark>
<Placemark><name>d8·3 🚶 Ebisuchō → Shinsekai</name><styleUrl>#lb8636f7a3</styleUrl><description><![CDATA[caminando]]></description><LineString><tessellate>1</tessellate><coordinates>135.505641,34.655599,0 135.505639,34.655554,0 135.505730,34.655548,0 135.505728,34.655516,0 135.505748,34.655501,0 135.505747,34.655467,0 135.505747,34.655436,0 135.505745,34.655380,0 135.505743,34.655346,0 135.505742,34.655316,0 135.505721,34.655310,0 135.505715,34.655292,0 135.505698,34.654903,0 135.505657,34.654679,0 135.505654,34.654667,0 135.505737,34.654537,0 135.505707,34.654440,0 135.505689,34.654375,0 135.505683,34.654357,0 135.505735,34.654346,0 135.505737,34.654345,0 135.505759,34.654341,0 135.505688,34.654269,0 135.505703,34.654220,0 135.505744,34.654084,0 135.505842,34.653778,0 135.505984,34.653328,0 135.506175,34.652738,0 135.506177,34.652728,0 135.506196,34.652729,0 135.506202,34.652705,0 135.506236,34.652707,0 135.506296,34.652703,0 135.506343,34.652696,0 135.506404,34.652680,0 135.506472,34.652653,0 135.506513,34.652630,0 135.506552,34.652594,0 135.506595,34.652549,0 135.506624,34.652501,0 135.506644,34.652440,0 135.506647,34.652371,0 135.506641,34.652325,0 135.507168,34.652202,0 135.507154,34.652180,0 135.507141,34.652154,0 135.506324,34.652344,0 135.506290,34.652331,0 135.506211,34.652086,0</coordinates></LineString></Placemark>
<Placemark><name>d8·4 🚶 Tsūtenkaku → Parque Tennōji + Keitakuen</name><styleUrl>#lb8636f7a3</styleUrl><description><![CDATA[caminando]]></description><LineString><tessellate>1</tessellate><coordinates>135.506294,34.652543,0 135.506257,34.652432,0 135.506243,34.652390,0 135.506124,34.652052,0 135.505965,34.651599,0 135.506172,34.651550,0 135.506739,34.651413,0 135.506574,34.650943,0 135.506860,34.650880,0 135.506876,34.650876,0 135.507034,34.650843,0 135.507069,34.650835,0 135.507101,34.650828,0 135.507336,34.650814,0 135.507359,34.650741,0 135.507374,34.650703,0 135.507403,34.650664,0 135.507481,34.650617,0 135.507582,34.650616,0 135.507670,34.650654,0 135.507724,34.650724,0 135.507833,34.650700,0 135.508777,34.650479,0 135.509388,34.650339,0 135.509423,34.650332,0 135.509472,34.650329,0 135.509568,34.650305,0 135.509608,34.650339,0 135.509635,34.650333,0 135.509759,34.650303,0 135.509782,34.650298,0 135.509909,34.650267,0 135.509949,34.650208,0 135.510044,34.650194,0 135.509959,34.649769,0 135.509960,34.649654,0 135.510114,34.649559,0 135.510269,34.649503,0 135.510305,34.649490,0 135.510473,34.649493,0 135.510525,34.649497,0 135.510583,34.649512,0 135.510590,34.649514,0 135.510597,34.649516,0 135.510675,34.649537,0 135.510702,34.649524,0 135.510746,34.649529,0 135.510821,34.649539,0 135.510888,34.649534,0 135.510949,34.649516,0 135.511006,34.649492,0 135.511068,34.649453,0 135.511164,34.649539,0 135.511171,34.649573,0 135.511168,34.649637,0</coordinates></LineString></Placemark>
<Placemark><name>d8·5 🚶 Parque Tennōji + Keitakuen → Abeno Harukas</name><styleUrl>#lb8636f7a3</styleUrl><description><![CDATA[caminando]]></description><LineString><tessellate>1</tessellate><coordinates>135.511168,34.649637,0 135.511171,34.649573,0 135.511164,34.649539,0 135.511068,34.649453,0 135.511006,34.649492,0 135.510949,34.649516,0 135.510888,34.649534,0 135.510821,34.649539,0 135.510746,34.649529,0 135.510702,34.649524,0 135.510675,34.649537,0 135.510597,34.649516,0 135.510590,34.649514,0 135.510583,34.649512,0 135.510525,34.649497,0 135.510473,34.649493,0 135.510305,34.649490,0 135.510358,34.649370,0 135.510404,34.649308,0 135.510471,34.649246,0 135.510520,34.649230,0 135.510675,34.649175,0 135.510683,34.649038,0 135.510736,34.649026,0 135.510928,34.648981,0 135.510867,34.648783,0 135.510945,34.648767,0 135.511238,34.648704,0 135.512078,34.648494,0 135.512017,34.648259,0 135.512311,34.648192,0 135.512439,34.648165,0 135.512629,34.648123,0 135.512882,34.648073,0 135.513010,34.648028,0 135.512954,34.647942,0 135.512959,34.647895,0 135.512963,34.647827,0 135.512967,34.647731,0 135.512969,34.647694,0 135.512964,34.647668,0 135.513003,34.647630,0 135.513006,34.647599,0 135.512907,34.647022,0 135.512907,34.646989,0 135.512895,34.646927,0 135.512833,34.646895,0 135.512858,34.646861,0 135.512939,34.646899,0 135.513028,34.646915,0 135.513107,34.646906,0 135.513171,34.646881,0 135.513228,34.646835,0 135.513255,34.646804,0 135.513269,34.646769,0 135.513275,34.646729,0 135.513253,34.646587,0 135.513234,34.646507,0 135.513173,34.646509,0 135.513134,34.646507,0 135.513126,34.646475,0 135.513097,34.646354,0 135.513088,34.646318,0 135.512929,34.645682,0 135.512925,34.645664,0 135.512920,34.645644,0 135.512917,34.645636,0 135.513350,34.645572,0 135.513559,34.645523,0 135.513783,34.645471,0 135.513790,34.645498,0 135.513797,34.645525,0</coordinates></LineString></Placemark>
<Placemark><name>d8·6 🚇 Metro Midosuji: Tennōji → Yodoyabashi</name><styleUrl>#lff1f17e55</styleUrl><description><![CDATA[Metro Midosuji — sentido Shin-Osaka / Senri-Chūō (6 tramos)]]></description><LineString><tessellate>1</tessellate><coordinates>135.515268,34.646078,0 135.505436,34.648689,0 135.497868,34.656242,0 135.501100,34.666600,0 135.499201,34.675354,0 135.498721,34.682018,0 135.500954,34.691637,0</coordinates></LineString></Placemark>
<Placemark><name>d8·7 🚇 Metro Midosuji: Yodoyabashi → Umeda</name><styleUrl>#lff1f17e55</styleUrl><description><![CDATA[Metro Midosuji — sentido Shin-Osaka / Senri-Chūō (1 tramos)]]></description><LineString><tessellate>1</tessellate><coordinates>135.500954,34.691637,0 135.497588,34.703413,0</coordinates></LineString></Placemark>
<Placemark><name>d8·8 🚶 Umeda → Osaka (Umekita)</name><styleUrl>#lb8636f7a3</styleUrl><description><![CDATA[caminando]]></description><LineString><tessellate>1</tessellate><coordinates>135.497768,34.703466,0 135.497735,34.703541,0 135.497614,34.703820,0 135.497610,34.703831,0 135.497575,34.703913,0 135.497563,34.703940,0 135.497597,34.703944,0 135.497710,34.703959,0 135.497707,34.703978,0 135.497644,34.703970,0 135.497654,34.703916,0 135.497579,34.703904,0 135.497160,34.703812,0 135.496943,34.703773,0 135.496907,34.703762,0 135.496771,34.703718,0 135.496687,34.703674,0 135.496511,34.703594,0 135.495827,34.703235,0 135.495436,34.703132,0 135.495368,34.703220,0 135.495232,34.703226,0 135.495209,34.703265,0 135.495149,34.703282,0 135.494980,34.703351,0 135.494967,34.703368,0 135.494957,34.703349,0 135.494924,34.703349,0 135.494861,34.703350,0 135.494830,34.703350,0 135.494830,34.703329,0 135.494889,34.703296,0 135.494512,34.703111,0 135.494111,34.702909,0 135.493607,34.702652,0 135.493413,34.702740,0 135.493358,34.702766,0 135.493364,34.702776,0 135.493447,34.702926,0</coordinates></LineString></Placemark>
<Placemark><name>d8·9 🚇 HARUKA Limited Express: Osaka (Umekita) → Kyoto</name><styleUrl>#lffa557275</styleUrl><description><![CDATA[HARUKA Limited Express — sentido Kyoto (Ltd. Exp. HARUKA) (2 tramos)]]></description><LineString><tessellate>1</tessellate><coordinates>135.493457,34.702922,0 135.497888,34.733485,0 135.758430,34.984608,0</coordinates></LineString></Placemark>
<Placemark><name>d8·10 🚇 Metro Karasuma (Kioto): Kyoto → Gojō</name><styleUrl>#lff4499005</styleUrl><description><![CDATA[Metro Karasuma (Kioto) — sentido Kokusaikaikan (1 tramos)]]></description><LineString><tessellate>1</tessellate><coordinates>135.758766,34.985350,0 135.759700,34.996900,0</coordinates></LineString></Placemark>
</Folder>
<Folder><name>vie 9 · Kioto este</name>
<Placemark><name>d9·1 🚶 Hotel → Shijō-Kawaramachi</name><styleUrl>#lb8636f7a3</styleUrl><description><![CDATA[caminando]]></description><LineString><tessellate>1</tessellate><coordinates>135.759573,34.998314,0 135.759567,34.998799,0 135.759586,34.998799,0 135.759623,34.998800,0 135.759750,34.998801,0 135.759788,34.998801,0 135.759818,34.998801,0 135.759817,34.998842,0 135.759817,34.998874,0 135.759816,34.998906,0 135.759816,34.998944,0 135.759814,34.999635,0 135.759814,34.999676,0 135.759813,34.999704,0 135.759807,35.000068,0 135.759806,35.000129,0 135.759817,35.000141,0 135.760206,35.000141,0 135.760248,35.000141,0 135.760307,35.000144,0 135.761048,35.000151,0 135.761100,35.000151,0 135.761156,35.000150,0 135.761832,35.000149,0 135.761898,35.000126,0 135.761971,35.000061,0 135.762509,35.000044,0 135.762586,35.000040,0 135.762640,35.000037,0 135.763253,35.000037,0 135.763326,35.000035,0 135.763410,35.000044,0 135.763930,35.000050,0 135.763998,35.000050,0 135.764038,35.000060,0 135.764333,35.000060,0 135.764692,35.000073,0 135.764759,35.000072,0 135.764849,35.000073,0 135.765473,35.000085,0 135.765556,35.000081,0 135.765631,35.000086,0 135.766163,35.000089,0 135.766249,35.000088,0 135.766328,35.000090,0 135.766841,35.000096,0 135.766886,35.000121,0 135.766981,35.000173,0 135.767715,35.000163,0 135.767741,35.000162,0 135.767758,35.000200,0 135.767798,35.000253,0 135.767850,35.000291,0 135.768074,35.000203,0 135.768096,35.000213,0 135.768114,35.000244,0 135.768213,35.000432,0 135.768548,35.001090,0 135.768618,35.001226,0 135.768686,35.001361,0 135.768702,35.001401,0 135.768721,35.001442,0 135.768732,35.001457,0 135.768904,35.001829,0 135.769150,35.002297,0 135.769174,35.002361,0 135.769195,35.002436,0 135.769218,35.002535,0 135.769226,35.002666,0 135.769228,35.002741,0 135.769228,35.002777,0 135.769191,35.003308,0 135.769190,35.003513,0 135.769275,35.003513,0 135.769324,35.003513,0 135.769320,35.003780,0 135.769320,35.003780,0</coordinates></LineString></Placemark>
<Placemark><name>d9·2 🚌 Bus urbano de Kioto: Shijō-Kawaramachi → Kiyomizu-michi</name><styleUrl>#lff1fc38f5</styleUrl><description><![CDATA[Bus urbano de Kioto — sentido por Higashiyama-dōri (3 tramos)]]></description><LineString><tessellate>1</tessellate><coordinates>135.769320,35.003780,0 135.778403,35.004690,0 135.777539,35.000217,0 135.779755,34.996316,0</coordinates></LineString></Placemark>
<Placemark><name>d9·3 🚶 Kiyomizu-michi → Kiyomizu-dera</name><styleUrl>#lb8636f7a3</styleUrl><description><![CDATA[caminando]]></description><LineString><tessellate>1</tessellate><coordinates>135.779873,34.996168,0 135.779385,34.995906,0 135.779246,34.995687,0 135.779328,34.995722,0 135.779417,34.995760,0 135.779392,34.995802,0 135.779717,34.995941,0 135.779844,34.995991,0 135.779940,34.996030,0 135.780103,34.996073,0 135.780270,34.996117,0 135.780363,34.996141,0 135.780365,34.996135,0 135.780379,34.996100,0 135.780392,34.996068,0 135.780522,34.996101,0 135.780705,34.996151,0 135.780724,34.996155,0 135.780743,34.996157,0 135.780761,34.996156,0 135.780779,34.996152,0 135.780791,34.996178,0 135.781201,34.996034,0 135.781235,34.996022,0 135.781271,34.996008,0 135.781303,34.995994,0 135.781696,34.995793,0 135.781821,34.995728,0 135.781846,34.995714,0 135.781869,34.995698,0 135.781902,34.995675,0 135.781964,34.995626,0 135.781993,34.995604,0 135.782024,34.995583,0 135.782057,34.995565,0 135.782091,34.995548,0 135.782127,34.995534,0 135.782165,34.995523,0 135.782203,34.995514,0 135.782242,34.995507,0 135.782282,34.995503,0 135.782322,34.995502,0 135.782917,34.995513,0 135.783053,34.995275,0 135.783092,34.995256,0 135.783117,34.995242,0 135.783103,34.995068,0 135.783057,34.995008,0 135.783069,34.994989,0 135.783096,34.994947,0 135.783110,34.994925,0 135.783135,34.994887,0 135.783178,34.994865,0 135.783272,34.994863,0 135.783390,34.994834,0 135.783514,34.994789,0 135.783472,34.994715,0 135.783468,34.994640,0 135.783481,34.994606,0 135.783500,34.994545,0 135.783521,34.994530,0 135.783549,34.994525,0 135.783578,34.994536,0 135.783675,34.994631,0 135.783758,34.994655,0 135.783784,34.994651,0 135.783916,34.994477,0 135.783904,34.994350,0 135.783846,34.994286,0 135.783858,34.994240,0 135.784096,34.994135,0 135.784169,34.994127,0 135.784257,34.994154,0 135.784474,34.994249,0</coordinates></LineString></Placemark>
<Placemark><name>d9·4 🚶 Kiyomizu-dera → Sannenzaka y Ninenzaka</name><styleUrl>#lb8636f7a3</styleUrl><description><![CDATA[caminando]]></description><LineString><tessellate>1</tessellate><coordinates>135.784474,34.994249,0 135.784548,34.994281,0 135.784592,34.994283,0 135.784611,34.994267,0 135.784611,34.994241,0 135.784558,34.994177,0 135.784517,34.994080,0 135.784584,34.994030,0 135.784607,34.993935,0 135.784627,34.993922,0 135.784745,34.993899,0 135.784896,34.993958,0 135.784978,34.993954,0 135.784988,34.993989,0 135.785022,34.994075,0 135.785059,34.994164,0 135.785099,34.994259,0 135.785152,34.994387,0 135.785048,34.994427,0 135.784938,34.994470,0 135.784889,34.994494,0 135.784875,34.994530,0 135.784804,34.994542,0 135.784722,34.994559,0 135.784606,34.994580,0 135.784553,34.994590,0 135.784241,34.994545,0 135.783707,34.994765,0 135.783594,34.994765,0 135.783514,34.994789,0 135.783390,34.994834,0 135.783272,34.994863,0 135.783178,34.994865,0 135.783135,34.994887,0 135.783110,34.994925,0 135.783096,34.994947,0 135.783069,34.994989,0 135.783057,34.995008,0 135.783103,34.995068,0 135.783117,34.995242,0 135.783092,34.995256,0 135.783053,34.995275,0 135.782917,34.995513,0 135.782322,34.995502,0 135.782282,34.995503,0 135.782242,34.995507,0 135.782203,34.995514,0 135.782165,34.995523,0 135.782127,34.995534,0 135.782091,34.995548,0 135.782057,34.995565,0 135.782024,34.995583,0 135.781993,34.995604,0 135.781964,34.995626,0 135.781902,34.995675,0 135.781869,34.995698,0 135.781846,34.995714,0 135.781821,34.995728,0 135.781696,34.995793,0 135.781303,34.995994,0 135.781271,34.996008,0 135.781235,34.996022,0 135.781201,34.996034,0 135.780791,34.996178,0 135.780808,34.996209,0 135.780886,34.996354,0 135.780945,34.996474,0 135.781019,34.996657,0 135.781185,34.996584,0 135.781217,34.996571,0 135.781248,34.996565,0 135.781324,34.996562,0</coordinates></LineString></Placemark>
<Placemark><name>d9·5 🚶 Sannenzaka y Ninenzaka → Pagoda Yasaka (Hōkan-ji)</name><styleUrl>#lb8636f7a3</styleUrl><description><![CDATA[caminando]]></description><LineString><tessellate>1</tessellate><coordinates>135.781324,34.996562,0 135.781248,34.996565,0 135.781217,34.996571,0 135.781185,34.996584,0 135.781019,34.996657,0 135.781024,34.996718,0 135.781027,34.996894,0 135.781028,34.996947,0 135.781063,34.997495,0 135.781059,34.997650,0 135.781053,34.997706,0 135.781046,34.997767,0 135.781040,34.997789,0 135.781030,34.997810,0 135.781005,34.997851,0 135.780988,34.997873,0 135.780965,34.997897,0 135.780941,34.997917,0 135.780920,34.997932,0 135.780805,34.997998,0 135.780783,34.998007,0 135.780760,34.998015,0 135.780733,34.998023,0 135.780708,34.998028,0 135.780593,34.998050,0 135.780293,34.998083,0 135.780237,34.998096,0 135.780194,34.998109,0 135.779926,34.998230,0 135.779888,34.998252,0 135.779852,34.998278,0 135.779825,34.998300,0 135.779800,34.998317,0 135.779769,34.998328,0 135.779503,34.998366,0 135.779256,34.998401,0 135.779113,34.998420,0 135.779010,34.998435,0 135.779025,34.998546,0 135.778990,34.998549,0 135.778771,34.998563,0 135.778764,34.998563,0</coordinates></LineString></Placemark>
<Placemark><name>d9·6 🚶 Pagoda Yasaka (Hōkan-ji) → Ryōzen Kannon</name><styleUrl>#lb8636f7a3</styleUrl><description><![CDATA[caminando]]></description><LineString><tessellate>1</tessellate><coordinates>135.778764,34.998563,0 135.778771,34.998563,0 135.778794,34.999240,0 135.778839,34.999240,0 135.778839,34.999200,0 135.779018,34.999200,0 135.779323,34.999198,0 135.779626,34.999199,0 135.779783,34.999207,0 135.779854,34.999211,0 135.779844,34.999264,0 135.780020,34.999268,0 135.780704,34.999268,0 135.780754,34.999273,0 135.780804,34.999275,0 135.780914,34.999276,0 135.780958,34.999292,0 135.781260,34.999295,0 135.781315,34.999309,0 135.781428,34.999343,0 135.781411,34.999400,0 135.781522,34.999432,0 135.781537,34.999537,0 135.781667,34.999524,0 135.781678,34.999597,0 135.781678,34.999597,0</coordinates></LineString></Placemark>
<Placemark><name>d9·7 🚶 Ryōzen Kannon → Santuario Yasaka</name><styleUrl>#lb8636f7a3</styleUrl><description><![CDATA[caminando]]></description><LineString><tessellate>1</tessellate><coordinates>135.781678,34.999597,0 135.781678,34.999597,0 135.781667,34.999524,0 135.781537,34.999537,0 135.781522,34.999432,0 135.781411,34.999400,0 135.781393,34.999450,0 135.781232,34.999418,0 135.781139,34.999408,0 135.781013,34.999396,0 135.780984,34.999389,0 135.780794,34.999384,0 135.780705,34.999383,0 135.780119,34.999376,0 135.780123,34.999560,0 135.780123,34.999593,0 135.780038,34.999641,0 135.779960,34.999696,0 135.779962,34.999930,0 135.779944,34.999931,0 135.779905,34.999931,0 135.779880,34.999934,0 135.779827,34.999938,0 135.779494,34.999962,0 135.779506,35.000068,0 135.779461,35.000121,0 135.779497,35.000269,0 135.779194,35.000318,0 135.778761,35.000312,0 135.778729,35.000478,0 135.778718,35.000496,0 135.778652,35.000831,0 135.778648,35.000849,0 135.778646,35.000872,0 135.778635,35.000964,0 135.778594,35.001452,0 135.778585,35.001636,0 135.778567,35.001788,0 135.778539,35.002018,0 135.778564,35.002026,0 135.778579,35.002477,0 135.778574,35.002591,0 135.778570,35.002642,0 135.778565,35.002651,0 135.778562,35.002662,0 135.778561,35.002672,0 135.778562,35.002683,0 135.778567,35.002690,0 135.778576,35.002694,0 135.778584,35.002695,0 135.778585,35.002723,0 135.778585,35.002756,0 135.778499,35.002756,0 135.778500,35.002766,0 135.778504,35.003036,0 135.778515,35.003152,0 135.778516,35.003156,0 135.778532,35.003319,0 135.778435,35.003326,0 135.778442,35.003399,0 135.778135,35.003419,0 135.778138,35.003449,0 135.778234,35.003442,0 135.778250,35.003604,0</coordinates></LineString></Placemark>
<Placemark><name>d9·8 🚌 Bus urbano de Kioto: Gion → Hakubutsukan-Sanjūsangendō-mae</name><styleUrl>#lff1fc38f5</styleUrl><description><![CDATA[Bus urbano de Kioto — sentido hacia Kyoto-eki (6 tramos)]]></description><LineString><tessellate>1</tessellate><coordinates>135.778403,35.004690,0 135.777539,35.000217,0 135.779755,34.996316,0 135.779755,34.996316,0 135.774866,34.992633,0 135.774525,34.988354,0 135.771742,34.989079,0</coordinates></LineString></Placemark>
<Placemark><name>d9·9 🚶 Hakubutsukan-Sanjūsangendō-mae → Gion</name><styleUrl>#lb8636f7a3</styleUrl><description><![CDATA[caminando]]></description><LineString><tessellate>1</tessellate><coordinates>135.771742,34.989078,0 135.771404,34.989091,0 135.771356,34.989099,0 135.771362,34.989143,0 135.771373,34.989209,0 135.771383,34.989279,0 135.771325,34.989310,0 135.771287,34.989349,0 135.771265,34.989394,0 135.771259,34.989438,0 135.771276,34.990051,0 135.771289,34.990295,0 135.771324,34.990997,0 135.771368,34.991548,0 135.771371,34.991583,0 135.771378,34.991652,0 135.771415,34.992043,0 135.771422,34.992105,0 135.771428,34.992153,0 135.771511,34.992712,0 135.771530,34.992848,0 135.771491,34.992854,0 135.771502,34.992901,0 135.771508,34.992928,0 135.771564,34.993259,0 135.771612,34.993549,0 135.771671,34.993989,0 135.771705,34.994326,0 135.771715,34.994444,0 135.771716,34.994451,0 135.771724,34.994558,0 135.771757,34.994930,0 135.771638,34.994947,0 135.771640,34.994966,0 135.771647,34.995034,0 135.771654,34.995101,0 135.771663,34.995192,0 135.771669,34.995256,0 135.771676,34.995320,0 135.771677,34.995327,0 135.771679,34.995347,0 135.771410,34.995383,0 135.771138,34.995419,0 135.771190,34.995891,0 135.771210,34.996173,0 135.771183,34.996175,0 135.771213,34.996461,0 135.771238,34.996742,0 135.771253,34.996912,0 135.771262,34.997010,0 135.771235,34.997045,0 135.771183,34.997053,0 135.771196,34.997093,0 135.771209,34.997134,0 135.771074,34.997166,0 135.770296,34.997371,0 135.770277,34.997388,0 135.770277,34.997414,0 135.770446,34.997988,0 135.770501,34.998193,0 135.770506,34.998244,0 135.770478,34.998246,0 135.770514,34.998613,0 135.770544,34.998767,0 135.770331,34.998792,0 135.770259,34.998786,0 135.770188,34.998789,0 135.770089,34.998809,0 135.770044,34.998810,0 135.770052,34.998844,0 135.770058,34.998873,0 135.770064,34.998898,0 135.770074,34.998952,0 135.770358,34.999610,0 135.770421,34.999737,0 135.770487,34.999870,0 135.770660,35.000221,0 135.770889,35.000668,0 135.770909,35.000709,0 135.770927,35.000746,0 135.771465,35.001892,0 135.771487,35.001927,0 135.771506,35.001931,0 135.771529,35.001937,0 135.771545,35.001974,0 135.771561,35.002015,0 135.771583,35.002070,0 135.771656,35.002249,0 135.771882,35.002810,0 135.771910,35.002887,0 135.771846,35.002903,0 135.771865,35.002950,0 135.771925,35.003100,0 135.771958,35.003185,0 135.771970,35.003223,0</coordinates></LineString></Placemark>
<Placemark><name>d9·10 🚶 Gion → Sanjūsangen-dō</name><styleUrl>#lb8636f7a3</styleUrl><description><![CDATA[caminando]]></description><LineString><tessellate>1</tessellate><coordinates>135.771970,35.003223,0 135.771958,35.003185,0 135.771925,35.003100,0 135.771865,35.002950,0 135.771846,35.002903,0 135.771910,35.002887,0 135.771882,35.002810,0 135.771656,35.002249,0 135.771583,35.002070,0 135.771561,35.002015,0 135.771545,35.001974,0 135.771529,35.001937,0 135.771506,35.001931,0 135.771487,35.001927,0 135.771465,35.001892,0 135.770927,35.000746,0 135.770909,35.000709,0 135.770889,35.000668,0 135.770660,35.000221,0 135.770487,34.999870,0 135.770421,34.999737,0 135.770358,34.999610,0 135.770074,34.998952,0 135.770064,34.998898,0 135.770058,34.998873,0 135.770052,34.998844,0 135.770044,34.998810,0 135.770089,34.998809,0 135.770188,34.998789,0 135.770259,34.998786,0 135.770331,34.998792,0 135.770544,34.998767,0 135.770514,34.998613,0 135.770478,34.998246,0 135.770506,34.998244,0 135.770501,34.998193,0 135.770446,34.997988,0 135.770277,34.997414,0 135.770277,34.997388,0 135.770296,34.997371,0 135.771074,34.997166,0 135.771209,34.997134,0 135.771196,34.997093,0 135.771183,34.997053,0 135.771235,34.997045,0 135.771262,34.997010,0 135.771253,34.996912,0 135.771238,34.996742,0 135.771213,34.996461,0 135.771183,34.996175,0 135.771210,34.996173,0 135.771190,34.995891,0 135.771138,34.995419,0 135.771410,34.995383,0 135.771679,34.995347,0 135.771677,34.995327,0 135.771676,34.995320,0 135.771669,34.995256,0 135.771663,34.995192,0 135.771654,34.995101,0 135.771647,34.995034,0 135.771640,34.994966,0 135.771638,34.994947,0 135.771757,34.994930,0 135.771724,34.994558,0 135.771716,34.994451,0 135.771715,34.994444,0 135.771705,34.994326,0 135.771671,34.993989,0 135.771612,34.993549,0 135.771564,34.993259,0 135.771508,34.992928,0 135.771502,34.992901,0 135.771491,34.992854,0 135.771530,34.992848,0 135.771511,34.992712,0 135.771428,34.992153,0 135.771422,34.992105,0 135.771415,34.992043,0 135.771378,34.991652,0 135.771371,34.991583,0 135.771368,34.991548,0 135.771324,34.990997,0 135.771289,34.990295,0 135.771276,34.990051,0 135.771259,34.989438,0 135.771265,34.989394,0 135.771287,34.989349,0 135.771325,34.989310,0 135.771383,34.989279,0 135.771479,34.989248,0 135.772386,34.989212,0 135.772381,34.989158,0 135.772377,34.989098,0 135.772373,34.989055,0 135.772417,34.989053,0 135.772408,34.988919,0 135.772386,34.988909,0 135.772383,34.988869,0 135.772382,34.988853,0 135.772381,34.988836,0 135.772402,34.988823,0 135.772343,34.987845,0 135.772331,34.987845,0 135.772264,34.987846,0 135.772196,34.987848,0 135.772189,34.987848,0 135.771936,34.987853,0 135.771928,34.987853,0 135.771928,34.987853,0</coordinates></LineString></Placemark>
<Placemark><name>d9·11 🚌 Bus urbano de Kioto: Hakubutsukan-Sanjūsangendō-mae → Kyoto-eki-mae</name><styleUrl>#lff1fc38f5</styleUrl><description><![CDATA[Bus urbano de Kioto — sentido Kyoto-eki (2 tramos)]]></description><LineString><tessellate>1</tessellate><coordinates>135.771742,34.989079,0 135.769791,34.989364,0 135.758799,34.986989,0</coordinates></LineString></Placemark>
<Placemark><name>d9·12 🚶 Kyoto-eki-mae → Kyoto</name><styleUrl>#lb8636f7a3</styleUrl><description><![CDATA[caminando]]></description><LineString><tessellate>1</tessellate><coordinates>135.758800,34.987149,0 135.759276,34.987148,0 135.759503,34.987153,0 135.759503,34.987085,0 135.759503,34.987075,0 135.759419,34.987074,0 135.759420,34.987025,0 135.759420,34.987005,0 135.759219,34.987003,0 135.759220,34.986927,0 135.759221,34.986882,0 135.759225,34.986562,0 135.759227,34.986428,0 135.759228,34.986394,0 135.759230,34.986224,0 135.758907,34.986221,0 135.758777,34.986220,0</coordinates></LineString></Placemark>
<Placemark><name>d9·13 🚇 Metro Karasuma (Kioto): Kyoto → Gojō</name><styleUrl>#lff4499005</styleUrl><description><![CDATA[Metro Karasuma (Kioto) — sentido Kokusaikaikan (1 tramos)]]></description><LineString><tessellate>1</tessellate><coordinates>135.758766,34.985350,0 135.759700,34.996900,0</coordinates></LineString></Placemark>
<Placemark><name>d9·14 🚶 Gojō → Mercado Nishiki</name><styleUrl>#lb8636f7a3</styleUrl><description><![CDATA[caminando]]></description><LineString><tessellate>1</tessellate><coordinates>135.759581,34.996900,0 135.759579,34.997598,0 135.759579,34.997630,0 135.759580,34.997651,0 135.759581,34.997680,0 135.759581,34.997724,0 135.759567,34.998799,0 135.759586,34.998799,0 135.759623,34.998800,0 135.759750,34.998801,0 135.759788,34.998801,0 135.759818,34.998801,0 135.759817,34.998842,0 135.759817,34.998874,0 135.759816,34.998906,0 135.759816,34.998944,0 135.759814,34.999635,0 135.759814,34.999676,0 135.759813,34.999704,0 135.759807,35.000068,0 135.759806,35.000129,0 135.759817,35.000141,0 135.759812,35.000149,0 135.759813,35.000181,0 135.759814,35.000233,0 135.759813,35.000246,0 135.759805,35.000268,0 135.759805,35.000275,0 135.759801,35.001236,0 135.759801,35.001295,0 135.759801,35.001324,0 135.759801,35.001353,0 135.759801,35.001360,0 135.759801,35.001409,0 135.759801,35.002415,0 135.759801,35.002460,0 135.759798,35.002492,0 135.759805,35.002524,0 135.759805,35.002646,0 135.759801,35.003247,0 135.759800,35.003456,0 135.759802,35.003517,0 135.759831,35.003550,0 135.759879,35.003576,0 135.759947,35.003581,0 135.760457,35.003581,0 135.760990,35.003580,0 135.760989,35.003664,0 135.760987,35.003752,0 135.761094,35.003751,0 135.761172,35.003752,0 135.762505,35.003766,0 135.762592,35.003767,0 135.762581,35.004954,0 135.762581,35.004998,0 135.762599,35.004999,0 135.763276,35.005003,0 135.763971,35.005005,0 135.764911,35.005019,0 135.765570,35.005029,0</coordinates></LineString></Placemark>
<Placemark><name>d9·15 🚶/🚇 Mercado Nishiki → hotel</name><styleUrl>#l80636f7a2</styleUrl><description><![CDATA[regreso (esquemático)]]></description><LineString><tessellate>1</tessellate><coordinates>135.765570,35.005024,0 135.759515,34.998313,0</coordinates></LineString></Placemark>
</Folder>
<Folder><name>sáb 10 · Arashiyama</name>
<Placemark><name>d10·1 🚶 Hotel → Gojō</name><styleUrl>#lb8636f7a3</styleUrl><description><![CDATA[caminando]]></description><LineString><tessellate>1</tessellate><coordinates>135.759573,34.998314,0 135.759581,34.997724,0 135.759581,34.997680,0 135.759580,34.997651,0 135.759579,34.997630,0 135.759579,34.997598,0 135.759581,34.996900,0</coordinates></LineString></Placemark>
<Placemark><name>d10·2 🚇 Metro Karasuma (Kioto): Gojō → Shijō</name><styleUrl>#lff4499005</styleUrl><description><![CDATA[Metro Karasuma (Kioto) — sentido Kokusaikaikan (1 tramos)]]></description><LineString><tessellate>1</tessellate><coordinates>135.759700,34.996900,0 135.769608,35.003763,0</coordinates></LineString></Placemark>
<Placemark><name>d10·3 🚶 Shijō → Karasuma</name><styleUrl>#lb8636f7a3</styleUrl><description><![CDATA[caminando]]></description><LineString><tessellate>1</tessellate><coordinates>135.769607,35.003786,0 135.769683,35.003787,0 135.769689,35.003693,0 135.769620,35.003692,0 135.769452,35.003548,0 135.769452,35.003513,0 135.769362,35.003513,0 135.769324,35.003513,0 135.769275,35.003513,0 135.769190,35.003513,0 135.769191,35.003534,0 135.769000,35.003686,0 135.768934,35.003684,0 135.767117,35.003629,0 135.766925,35.003629,0 135.766877,35.003625,0 135.766713,35.003622,0 135.766348,35.003622,0 135.766279,35.003621,0 135.765695,35.003620,0 135.765595,35.003620,0 135.765486,35.003619,0 135.765003,35.003613,0 135.764921,35.003613,0 135.764849,35.003611,0 135.764103,35.003600,0 135.763996,35.003598,0 135.763922,35.003598,0 135.763358,35.003597,0 135.763277,35.003597,0 135.763210,35.003596,0 135.762687,35.003592,0 135.762591,35.003591,0 135.762507,35.003590,0 135.761181,35.003579,0 135.761092,35.003579,0 135.760990,35.003580,0 135.760989,35.003664,0 135.760452,35.003661,0</coordinates></LineString></Placemark>
<Placemark><name>d10·4 🚇 Hankyu (Senri / Kyoto / Arashiyama): Karasuma → Katsura</name><styleUrl>#lff1700805</styleUrl><description><![CDATA[Hankyu (Senri / Kyoto / Arashiyama) — sentido Osaka-Umeda (4 tramos)]]></description><LineString><tessellate>1</tessellate><coordinates>135.760452,35.003686,0 135.748588,35.003644,0 135.756208,34.985610,0 135.713989,34.993470,0 135.768870,35.010899,0</coordinates></LineString></Placemark>
<Placemark><name>d10·5 🚇 Hankyu (Senri / Kyoto / Arashiyama): Katsura → Arashiyama</name><styleUrl>#lff1700805</styleUrl><description><![CDATA[Hankyu (Senri / Kyoto / Arashiyama) — sentido Arashiyama (3 tramos)]]></description><LineString><tessellate>1</tessellate><coordinates>135.768870,35.010899,0 135.695931,34.990296,0 135.688243,35.000319,0 135.677700,35.015223,0</coordinates></LineString></Placemark>
<Placemark><name>d10·6 🚶 Arashiyama → Bosque de bambú</name><styleUrl>#lb8636f7a3</styleUrl><description><![CDATA[caminando]]></description><LineString><tessellate>1</tessellate><coordinates>135.677708,35.015204,0 135.677573,35.015165,0 135.677433,35.015128,0 135.677183,35.015906,0 135.677168,35.015956,0 135.677119,35.015946,0 135.677068,35.015937,0 135.677061,35.015960,0 135.677037,35.015956,0 135.677014,35.015952,0 135.677007,35.015951,0 135.676993,35.015949,0 135.676976,35.015946,0 135.676958,35.015943,0 135.676950,35.015943,0 135.676820,35.015931,0 135.676700,35.015918,0 135.676562,35.015904,0 135.676558,35.015904,0 135.676551,35.015903,0 135.676545,35.015903,0 135.676508,35.015899,0 135.676471,35.015896,0 135.676389,35.015892,0 135.675967,35.015882,0 135.675712,35.015876,0 135.675527,35.015871,0 135.675519,35.015871,0 135.675186,35.015880,0 135.675058,35.015883,0 135.674712,35.015892,0 135.674684,35.015893,0 135.674666,35.015894,0 135.674661,35.015894,0 135.674503,35.015900,0 135.674495,35.015901,0 135.674159,35.015914,0 135.674083,35.015917,0 135.674076,35.015917,0 135.674038,35.015920,0 135.674033,35.015920,0 135.674031,35.015806,0 135.674032,35.015771,0 135.674032,35.015767,0 135.674032,35.015751,0 135.673916,35.015708,0 135.673911,35.015477,0 135.673911,35.015463,0 135.673880,35.015463,0 135.673569,35.015463,0 135.673578,35.015784,0 135.673607,35.015815,0 135.673610,35.015852,0 135.673411,35.015858,0 135.673387,35.015888,0 135.673398,35.015920,0 135.673401,35.015965,0 135.673377,35.015976,0 135.673375,35.015977,0 135.673359,35.015985,0 135.673342,35.015992,0 135.673137,35.016056,0 135.673078,35.016079,0 135.673034,35.016138,0 135.673018,35.016181,0 135.673000,35.016228,0 135.672816,35.016219,0 135.672799,35.016218,0 135.672756,35.016241,0 135.672718,35.016395,0 135.672674,35.016417,0 135.672668,35.016420,0 135.672654,35.016411,0 135.672629,35.016426,0 135.672580,35.016439,0 135.672528,35.016505,0 135.672519,35.016582,0 135.672515,35.016595,0 135.672461,35.016737,0 135.672427,35.016788,0 135.672332,35.016961,0 135.672260,35.017044,0 135.672212,35.017152,0 135.672201,35.017148,0 135.672193,35.017145,0 135.672190,35.017152,0 135.672200,35.017182,0 135.672145,35.017290,0 135.672083,35.017263,0 135.672061,35.017252,0 135.672039,35.017240,0 135.672017,35.017225,0 135.671996,35.017208,0 135.671974,35.017188,0 135.671708,35.016897,0 135.671685,35.016874,0 135.671661,35.016856,0 135.671631,35.016840,0 135.671598,35.016826,0 135.671561,35.016816,0 135.671527,35.016811,0 135.671494,35.016810,0 135.671467,35.016811,0 135.671350,35.016826,0 135.671325,35.016826,0 135.671296,35.016822,0 135.671267,35.016814,0 135.671135,35.016768,0</coordinates></LineString></Placemark>
<Placemark><name>d10·7 🚶 Bosque de bambú → Puente Togetsukyō</name><styleUrl>#lb8636f7a3</styleUrl><description><![CDATA[caminando]]></description><LineString><tessellate>1</tessellate><coordinates>135.671135,35.016768,0 135.671267,35.016814,0 135.671296,35.016822,0 135.671325,35.016826,0 135.671350,35.016826,0 135.671467,35.016811,0 135.671494,35.016810,0 135.671527,35.016811,0 135.671561,35.016816,0 135.671598,35.016826,0 135.671631,35.016840,0 135.671661,35.016856,0 135.671685,35.016874,0 135.671708,35.016897,0 135.671974,35.017188,0 135.671996,35.017208,0 135.672017,35.017225,0 135.672039,35.017240,0 135.672061,35.017252,0 135.672083,35.017263,0 135.672145,35.017290,0 135.672200,35.017182,0 135.672190,35.017152,0 135.672193,35.017145,0 135.672201,35.017148,0 135.672212,35.017152,0 135.672260,35.017044,0 135.672332,35.016961,0 135.672427,35.016788,0 135.672461,35.016737,0 135.672515,35.016595,0 135.672519,35.016582,0 135.672528,35.016505,0 135.672580,35.016439,0 135.672629,35.016426,0 135.672654,35.016411,0 135.672668,35.016420,0 135.672674,35.016417,0 135.672718,35.016395,0 135.672756,35.016241,0 135.672799,35.016218,0 135.672816,35.016219,0 135.673000,35.016228,0 135.673018,35.016181,0 135.673034,35.016138,0 135.673078,35.016079,0 135.673137,35.016056,0 135.673342,35.015992,0 135.673359,35.015985,0 135.673375,35.015977,0 135.673377,35.015976,0 135.673401,35.015965,0 135.673398,35.015920,0 135.673387,35.015888,0 135.673411,35.015858,0 135.673610,35.015852,0 135.673607,35.015815,0 135.673578,35.015784,0 135.673569,35.015463,0 135.673880,35.015463,0 135.673911,35.015463,0 135.673911,35.015477,0 135.673916,35.015708,0 135.674032,35.015751,0 135.674032,35.015767,0 135.674032,35.015771,0 135.674031,35.015806,0 135.674033,35.015920,0 135.674038,35.015920,0 135.674076,35.015917,0 135.674083,35.015917,0 135.674159,35.015914,0 135.674495,35.015901,0 135.674503,35.015900,0 135.674661,35.015894,0 135.674666,35.015894,0 135.674684,35.015893,0 135.674712,35.015892,0 135.675058,35.015883,0 135.675186,35.015880,0 135.675519,35.015871,0 135.675527,35.015871,0 135.675712,35.015876,0 135.675967,35.015882,0 135.676389,35.015892,0 135.676471,35.015896,0 135.676508,35.015899,0 135.676545,35.015903,0 135.676551,35.015903,0 135.676558,35.015904,0 135.676562,35.015904,0 135.676700,35.015918,0 135.676820,35.015931,0 135.676950,35.015943,0 135.676958,35.015943,0 135.676976,35.015946,0 135.676993,35.015949,0 135.677007,35.015951,0 135.677014,35.015952,0 135.677037,35.015956,0 135.677061,35.015960,0 135.677068,35.015937,0 135.677119,35.015946,0 135.677168,35.015956,0 135.677183,35.015906,0 135.677433,35.015128,0 135.677447,35.015087,0 135.677458,35.015052,0 135.677481,35.014981,0 135.677626,35.014529,0 135.677697,35.014289,0 135.677846,35.013785,0 135.677877,35.013766,0 135.677909,35.013761,0 135.677989,35.013745,0 135.678070,35.013740,0 135.678562,35.013740,0 135.678891,35.013753,0 135.679569,35.013793,0 135.679573,35.013745,0 135.679348,35.013733,0</coordinates></LineString></Placemark>
<Placemark><name>d10·8 🚶 Puente Togetsukyō → Tenryū-ji</name><styleUrl>#lb8636f7a3</styleUrl><description><![CDATA[caminando]]></description><LineString><tessellate>1</tessellate><coordinates>135.679348,35.013733,0 135.679573,35.013745,0 135.679569,35.013793,0 135.678891,35.013753,0 135.678562,35.013740,0 135.678070,35.013740,0 135.677989,35.013745,0 135.677909,35.013761,0 135.677877,35.013766,0 135.677846,35.013785,0 135.677697,35.014289,0 135.677626,35.014529,0 135.677481,35.014981,0 135.677458,35.015052,0 135.677447,35.015087,0 135.677433,35.015128,0 135.677402,35.015224,0</coordinates></LineString></Placemark>
<Placemark><name>d10·9 🚶 Tenryū-ji → Puente Togetsukyō</name><styleUrl>#lb8636f7a3</styleUrl><description><![CDATA[caminando]]></description><LineString><tessellate>1</tessellate><coordinates>135.677402,35.015224,0 135.677433,35.015128,0 135.677447,35.015087,0 135.677458,35.015052,0 135.677481,35.014981,0 135.677626,35.014529,0 135.677697,35.014289,0 135.677846,35.013785,0 135.677877,35.013766,0 135.677909,35.013761,0 135.677989,35.013745,0 135.678070,35.013740,0 135.678562,35.013740,0 135.678891,35.013753,0 135.679569,35.013793,0 135.679573,35.013745,0 135.679348,35.013733,0</coordinates></LineString></Placemark>
<Placemark><name>d10·10 🚶 Puente Togetsukyō → Monte de los monos (Iwatayama)</name><styleUrl>#lb8636f7a3</styleUrl><description><![CDATA[caminando]]></description><LineString><tessellate>1</tessellate><coordinates>135.679348,35.013733,0 135.679573,35.013745,0 135.679569,35.013793,0 135.678891,35.013753,0 135.678562,35.013740,0 135.678070,35.013740,0 135.677989,35.013745,0 135.677994,35.013694,0 135.677995,35.013644,0 135.677976,35.013643,0 135.677913,35.013618,0 135.677903,35.013604,0 135.677900,35.013575,0 135.677849,35.013576,0 135.677804,35.013576,0 135.677802,35.013555,0 135.677629,35.012182,0 135.677610,35.012108,0 135.677518,35.011855,0 135.677465,35.011721,0 135.677411,35.011593,0 135.677406,35.011559,0 135.677341,35.011394,0 135.677320,35.011359,0 135.677299,35.011343,0 135.677211,35.011422,0 135.677078,35.011477,0 135.676945,35.011530,0 135.676858,35.011560,0 135.676852,35.011562,0 135.676696,35.011526,0 135.676643,35.011509,0 135.676653,35.011484,0 135.676716,35.011357,0 135.676629,35.011208,0 135.676573,35.011069,0 135.676551,35.010917,0 135.676549,35.010604,0 135.676557,35.010365,0 135.676430,35.010163,0 135.676243,35.009947,0 135.676146,35.009718,0 135.676140,35.009313,0 135.676028,35.008973,0 135.675955,35.008517,0 135.675917,35.008450,0 135.675834,35.008454,0 135.675786,35.008536,0 135.675748,35.008790,0 135.675753,35.008977,0 135.675791,35.009155,0 135.675795,35.009260,0 135.675756,35.009514,0 135.675682,35.009657,0 135.675626,35.009721,0 135.675576,35.009718,0 135.675566,35.009678,0 135.675614,35.009622,0 135.675649,35.009493,0 135.675656,35.009341,0 135.675626,35.009209,0 135.675580,35.009187,0 135.675545,35.009221,0 135.675513,35.009473,0 135.675471,35.009514,0 135.675353,35.009527,0 135.675103,35.009531,0 135.675067,35.009500,0 135.675099,35.009469,0 135.675266,35.009467,0 135.675291,35.009433,0 135.675261,35.009404,0 135.675054,35.009408,0 135.674646,35.009584,0 135.674551,35.009573,0 135.674480,35.009496,0 135.674462,35.009325,0 135.674571,35.009323,0 135.674637,35.009298,0 135.674716,35.009289,0 135.674796,35.009265,0 135.674814,35.009182,0 135.674851,35.009085,0</coordinates></LineString></Placemark>
<Placemark><name>d10·11 🚶 Monte de los monos (Iwatayama) → Arashiyama Tenryūji-mae</name><styleUrl>#lb8636f7a3</styleUrl><description><![CDATA[caminando]]></description><LineString><tessellate>1</tessellate><coordinates>135.674851,35.009085,0 135.674814,35.009182,0 135.674796,35.009265,0 135.674716,35.009289,0 135.674637,35.009298,0 135.674571,35.009323,0 135.674462,35.009325,0 135.674480,35.009496,0 135.674551,35.009573,0 135.674646,35.009584,0 135.675054,35.009408,0 135.675261,35.009404,0 135.675291,35.009433,0 135.675266,35.009467,0 135.675099,35.009469,0 135.675067,35.009500,0 135.675103,35.009531,0 135.675353,35.009527,0 135.675471,35.009514,0 135.675513,35.009473,0 135.675545,35.009221,0 135.675580,35.009187,0 135.675626,35.009209,0 135.675656,35.009341,0 135.675649,35.009493,0 135.675614,35.009622,0 135.675566,35.009678,0 135.675576,35.009718,0 135.675626,35.009721,0 135.675682,35.009657,0 135.675756,35.009514,0 135.675795,35.009260,0 135.675791,35.009155,0 135.675753,35.008977,0 135.675748,35.008790,0 135.675786,35.008536,0 135.675834,35.008454,0 135.675917,35.008450,0 135.675955,35.008517,0 135.676028,35.008973,0 135.676140,35.009313,0 135.676146,35.009718,0 135.676243,35.009947,0 135.676430,35.010163,0 135.676557,35.010365,0 135.676549,35.010604,0 135.676551,35.010917,0 135.676573,35.011069,0 135.676629,35.011208,0 135.676716,35.011357,0 135.676653,35.011484,0 135.676643,35.011509,0 135.676696,35.011526,0 135.676852,35.011562,0 135.676858,35.011560,0 135.676945,35.011530,0 135.677078,35.011477,0 135.677211,35.011422,0 135.677299,35.011343,0 135.677320,35.011359,0 135.677341,35.011394,0 135.677406,35.011559,0 135.677411,35.011593,0 135.677465,35.011721,0 135.677518,35.011855,0 135.677610,35.012108,0 135.677629,35.012182,0 135.677802,35.013555,0 135.677804,35.013576,0 135.677789,35.013591,0 135.677775,35.013592,0 135.677764,35.013623,0 135.677757,35.013657,0 135.677779,35.013670,0 135.677783,35.013688,0 135.677760,35.013769,0 135.677804,35.013778,0 135.677846,35.013785,0 135.677697,35.014289,0 135.677626,35.014529,0 135.677481,35.014981,0 135.677458,35.015052,0 135.677447,35.015087,0 135.677433,35.015128,0 135.677573,35.015165,0 135.677822,35.015236,0 135.677798,35.015302,0 135.677818,35.015309,0 135.678136,35.015405,0 135.678226,35.015433,0 135.678243,35.015457,0 135.678460,35.015524,0 135.678373,35.015690,0 135.678302,35.015815,0 135.678293,35.015857,0 135.678315,35.015893,0 135.678269,35.016105,0 135.678460,35.016141,0 135.679131,35.016249,0 135.679133,35.016283,0 135.679224,35.016302,0 135.679543,35.016366,0 135.680020,35.016467,0 135.680098,35.016478,0 135.680284,35.016515,0 135.681051,35.016659,0 135.681116,35.017237,0 135.681136,35.017469,0 135.681141,35.017516,0 135.681218,35.018243,0 135.681218,35.018264,0 135.681220,35.018277,0 135.681110,35.018389,0 135.681116,35.018435,0 135.681123,35.018440,0 135.681138,35.018584,0 135.681144,35.018601,0 135.681151,35.018652,0 135.681186,35.018940,0 135.681189,35.018972,0 135.681192,35.019000,0 135.681179,35.019013,0 135.681198,35.019168,0 135.681211,35.019181,0 135.681215,35.019207,0 135.681281,35.019204,0 135.681382,35.019207,0 135.681441,35.019255,0 135.681432,35.019393,0 135.681428,35.019427,0 135.681426,35.019461,0 135.681424,35.019480,0 135.681421,35.019525,0 135.681383,35.020007,0 135.681370,35.020028,0 135.681368,35.020042,0 135.681367,35.020062,0 135.681372,35.020083,0 135.681338,35.020482,0 135.681272,35.020510,0 135.681130,35.020504,0</coordinates></LineString></Placemark>
<Placemark><name>d10·12 🚌 Bus urbano de Kioto: Arashiyama Tenryūji-mae → Otagidera-mae</name><styleUrl>#lff1fc38f5</styleUrl><description><![CDATA[Bus urbano de Kioto — sentido hacia Daikakuji / Kiyotaki (1 tramos)]]></description><LineString><tessellate>1</tessellate><coordinates>135.681137,35.020380,0 135.661575,35.031283,0</coordinates></LineString></Placemark>
<Placemark><name>d10·13 🚶 Otagi Nenbutsu-ji → Bosque Kimono</name><styleUrl>#lb8636f7a3</styleUrl><description><![CDATA[caminando]]></description><LineString><tessellate>1</tessellate><coordinates>135.661234,35.031160,0 135.661226,35.031176,0 135.661276,35.031157,0 135.661327,35.031160,0 135.661343,35.031186,0 135.661415,35.031102,0 135.661472,35.031118,0 135.661502,35.031127,0 135.661539,35.031138,0 135.661575,35.031148,0 135.661656,35.031173,0 135.661649,35.031193,0 135.661645,35.031214,0 135.661624,35.031315,0 135.661857,35.030962,0 135.661880,35.030921,0 135.661909,35.030848,0 135.661943,35.030679,0 135.661977,35.030506,0 135.662051,35.030181,0 135.662132,35.029972,0 135.662157,35.029903,0 135.662274,35.029681,0 135.662313,35.029602,0 135.662354,35.029471,0 135.662395,35.029238,0 135.662445,35.028988,0 135.662492,35.028805,0 135.662531,35.028714,0 135.662589,35.028630,0 135.662628,35.028573,0 135.662685,35.028517,0 135.662772,35.028446,0 135.662884,35.028375,0 135.662998,35.028324,0 135.663121,35.028278,0 135.663227,35.028254,0 135.663338,35.028233,0 135.663463,35.028218,0 135.663507,35.028213,0 135.663601,35.028203,0 135.663755,35.028204,0 135.663953,35.028224,0 135.664296,35.028255,0 135.664477,35.028267,0 135.664647,35.028273,0 135.664760,35.028269,0 135.664873,35.028258,0 135.665009,35.028237,0 135.665098,35.028221,0 135.665163,35.028203,0 135.665207,35.028191,0 135.665279,35.028167,0 135.665364,35.028138,0 135.665484,35.028088,0 135.665571,35.028043,0 135.665638,35.028002,0 135.665680,35.027975,0 135.665759,35.027922,0 135.665842,35.027853,0 135.665975,35.027719,0 135.666019,35.027665,0 135.666211,35.027399,0 135.666303,35.027299,0 135.666405,35.027212,0 135.666502,35.027143,0 135.666609,35.027083,0 135.666977,35.026919,0 135.667275,35.026856,0 135.667409,35.026828,0 135.668061,35.026757,0 135.668921,35.026696,0 135.669003,35.026689,0 135.669098,35.026680,0 135.669844,35.026601,0 135.670718,35.026531,0 135.671009,35.026488,0 135.671287,35.026448,0 135.671742,35.026347,0 135.672211,35.026204,0 135.672471,35.026121,0 135.672754,35.026008,0 135.673031,35.025894,0 135.673255,35.025781,0 135.673355,35.025731,0 135.673597,35.025584,0 135.674170,35.025224,0 135.674381,35.025080,0 135.674903,35.024605,0 135.674925,35.024587,0 135.674974,35.024550,0 135.674999,35.024559,0 135.675148,35.024410,0 135.675371,35.024129,0 135.675846,35.023437,0 135.675811,35.023423,0 135.675781,35.023411,0 135.675815,35.023358,0 135.675864,35.023289,0 135.675869,35.023282,0 135.675982,35.023116,0 135.676065,35.022991,0 135.676080,35.022969,0 135.676094,35.022939,0 135.676095,35.022936,0 135.676072,35.022927,0 135.676069,35.022774,0 135.676074,35.022694,0 135.676104,35.022524,0 135.676109,35.022499,0 135.676095,35.022497,0 135.676041,35.022453,0 135.676030,35.022438,0 135.676064,35.022368,0 135.676084,35.022312,0 135.676102,35.022275,0 135.676139,35.022218,0 135.676198,35.022157,0 135.676236,35.022115,0 135.676343,35.022008,0 135.676388,35.021974,0 135.676409,35.021957,0 135.676468,35.021906,0 135.676498,35.021855,0 135.676567,35.021739,0 135.676626,35.021607,0 135.676746,35.021340,0 135.676813,35.021165,0 135.676937,35.020882,0 135.676972,35.020824,0 135.677061,35.020790,0 135.677101,35.020772,0 135.677197,35.020493,0 135.677384,35.020093,0 135.677422,35.020006,0 135.677504,35.019861,0 135.677549,35.019800,0 135.677677,35.019672,0 135.677794,35.019591,0 135.677910,35.019451,0 135.677982,35.019329,0 135.678045,35.019287,0 135.678074,35.019279,0 135.678062,35.019204,0 135.678073,35.019072,0 135.678158,35.018853,0 135.678232,35.018717,0 135.678281,35.018698,0 135.678419,35.018340,0 135.678605,35.017973,0 135.678711,35.017733,0 135.678842,35.017437,0 135.678860,35.017395,0 135.678956,35.017178,0 135.679024,35.017018,0 135.679043,35.016958,0 135.679089,35.016811,0 135.679099,35.016772,0 135.679124,35.016667,0 135.679141,35.016495,0 135.679133,35.016283,0 135.679131,35.016249,0 135.678460,35.016141,0 135.678269,35.016105,0 135.678315,35.015893,0 135.678293,35.015857,0 135.678302,35.015815,0 135.678373,35.015690,0 135.678460,35.015524,0 135.678477,35.015493,0 135.678501,35.015448,0 135.678508,35.015435,0 135.678529,35.015400,0 135.678500,35.015390,0 135.678474,35.015377,0 135.678397,35.015315,0 135.678411,35.015294,0</coordinates></LineString></Placemark>
<Placemark><name>d10·14 🚇 Randen (tranvía de Arashiyama): Arashiyama → Shijō-Ōmiya</name><styleUrl>#lff9933665</styleUrl><description><![CDATA[Randen (tranvía de Arashiyama) — sentido Shijō-Ōmiya (12 tramos)]]></description><LineString><tessellate>1</tessellate><coordinates>135.677700,35.015223,0 135.681443,35.016445,0 135.685683,35.016990,0 135.689032,35.016747,0 135.694615,35.015211,0 135.700190,35.015148,0 135.708240,35.013498,0 135.712999,35.011906,0 135.715058,35.010235,0 135.723152,35.008318,0 135.731662,35.008372,0 135.756208,34.985610,0 135.748490,35.003248,0</coordinates></LineString></Placemark>
<Placemark><name>d10·15 🚇 Hankyu (Senri / Kyoto / Arashiyama): Ōmiya → Karasuma</name><styleUrl>#lff1700805</styleUrl><description><![CDATA[Hankyu (Senri / Kyoto / Arashiyama) — sentido Kyoto-Kawaramachi (1 tramos)]]></description><LineString><tessellate>1</tessellate><coordinates>135.748588,35.003644,0 135.760452,35.003686,0</coordinates></LineString></Placemark>
<Placemark><name>d10·16 🚶/🚇 Karasuma → hotel</name><styleUrl>#l80636f7a2</styleUrl><description><![CDATA[regreso (esquemático)]]></description><LineString><tessellate>1</tessellate><coordinates>135.760452,35.003686,0 135.759515,34.998313,0</coordinates></LineString></Placemark>
</Folder>
<Folder><name>dom 11 · Kioto oeste</name>
<Placemark><name>d11·1 🚶 Hotel → Gojō</name><styleUrl>#lb8636f7a3</styleUrl><description><![CDATA[caminando]]></description><LineString><tessellate>1</tessellate><coordinates>135.759573,34.998314,0 135.759581,34.997724,0 135.759581,34.997680,0 135.759580,34.997651,0 135.759579,34.997630,0 135.759579,34.997598,0 135.759581,34.996900,0</coordinates></LineString></Placemark>
<Placemark><name>d11·2 🚇 Metro Karasuma (Kioto): Gojō → Kyoto</name><styleUrl>#lff4499005</styleUrl><description><![CDATA[Metro Karasuma (Kioto) — sentido Takeda (1 tramos)]]></description><LineString><tessellate>1</tessellate><coordinates>135.759700,34.996900,0 135.758766,34.985350,0</coordinates></LineString></Placemark>
<Placemark><name>d11·3 🚇 JR Nara Line: Kyoto → Inari</name><styleUrl>#lff2b4a7a5</styleUrl><description><![CDATA[JR Nara Line — sentido Nara (solo el LOCAL para en Inari) (2 tramos)]]></description><LineString><tessellate>1</tessellate><coordinates>135.758766,34.985350,0 135.770080,34.981074,0 135.770843,34.966743,0</coordinates></LineString></Placemark>
<Placemark><name>d11·4 🚶 Inari → Fushimi Inari</name><styleUrl>#lb8636f7a3</styleUrl><description><![CDATA[caminando]]></description><LineString><tessellate>1</tessellate><coordinates>135.770948,34.966743,0 135.770947,34.966853,0 135.770945,34.967047,0 135.771036,34.967044,0 135.771868,34.967080,0 135.771982,34.967088,0 135.772272,34.967105,0 135.772469,34.967122,0 135.772479,34.967124,0 135.772529,34.967126,0 135.772589,34.967129,0 135.772714,34.967135,0 135.772730,34.967136,0</coordinates></LineString></Placemark>
<Placemark><name>d11·5 🚶 Fushimi Inari → Kyoto-eki-mae</name><styleUrl>#lb8636f7a3</styleUrl><description><![CDATA[caminando]]></description><LineString><tessellate>1</tessellate><coordinates>135.772730,34.967136,0 135.772714,34.967135,0 135.772589,34.967129,0 135.772529,34.967126,0 135.772479,34.967124,0 135.772469,34.967122,0 135.772455,34.967285,0 135.772452,34.967325,0 135.772446,34.967368,0 135.772250,34.967587,0 135.772091,34.967732,0 135.772027,34.967760,0 135.771982,34.967797,0 135.771741,34.967815,0 135.771300,34.967898,0 135.771009,34.967924,0 135.770968,34.967882,0 135.770946,34.967880,0 135.770893,34.967874,0 135.770490,34.967866,0 135.770442,34.967868,0 135.770398,34.967869,0 135.770350,34.967871,0 135.770147,34.967917,0 135.770138,34.967919,0 135.770132,34.967964,0 135.770138,34.968009,0 135.770148,34.968153,0 135.770110,34.968570,0 135.770073,34.968972,0 135.770027,34.969574,0 135.769990,34.970020,0 135.769990,34.970080,0 135.769986,34.970174,0 135.769977,34.970331,0 135.769945,34.970870,0 135.769917,34.971181,0 135.769904,34.971302,0 135.769870,34.971471,0 135.769844,34.971587,0 135.769841,34.971606,0 135.769815,34.971675,0 135.769793,34.971760,0 135.769766,34.971868,0 135.769742,34.971928,0 135.769655,34.972072,0 135.769601,34.972179,0 135.769576,34.972229,0 135.769498,34.972347,0 135.769406,34.972474,0 135.769363,34.972534,0 135.769202,34.972726,0 135.769053,34.972879,0 135.768934,34.972949,0 135.768779,34.973011,0 135.768570,34.973013,0 135.768544,34.972880,0 135.768458,34.972880,0 135.768386,34.972880,0 135.768340,34.972960,0 135.768305,34.972993,0 135.768248,34.972957,0 135.768225,34.972942,0 135.768154,34.972986,0 135.767948,34.972988,0 135.767886,34.972989,0 135.767759,34.972992,0 135.767707,34.972993,0 135.767697,34.972995,0 135.767653,34.973006,0 135.767596,34.973005,0 135.767510,34.973006,0 135.767403,34.973007,0 135.767280,34.973009,0 135.767147,34.973082,0 135.765676,34.973107,0 135.765608,34.973108,0 135.765531,34.973113,0 135.765400,34.973119,0 135.765320,34.973124,0 135.764307,34.973146,0 135.764111,34.973147,0 135.764009,34.973147,0 135.764009,34.973194,0 135.764010,34.973273,0 135.764011,34.973314,0 135.763909,34.973357,0 135.763860,34.973420,0 135.763854,34.973496,0 135.763863,34.973684,0 135.763880,34.974010,0 135.763884,34.974217,0 135.763895,34.974406,0 135.763911,34.974512,0 135.763922,34.974720,0 135.763914,34.974760,0 135.763938,34.975148,0 135.763985,34.975927,0 135.763895,34.975930,0 135.763798,34.975933,0 135.763801,34.975986,0 135.763757,34.976022,0 135.763745,34.976026,0 135.763745,34.976067,0 135.763745,34.976110,0 135.763723,34.976105,0 135.763357,34.976103,0 135.763306,34.976103,0 135.763283,34.976100,0 135.762855,34.976104,0 135.762802,34.976104,0 135.762742,34.976105,0 135.762406,34.976112,0 135.761981,34.976109,0 135.761910,34.976159,0 135.761927,34.976572,0 135.761932,34.976590,0 135.761952,34.977128,0 135.761952,34.977149,0 135.761957,34.977168,0 135.761967,34.977429,0 135.761961,34.977500,0 135.761952,34.977600,0 135.761921,34.977730,0 135.761913,34.977753,0 135.761906,34.977773,0 135.761896,34.977794,0 135.761812,34.977969,0 135.761803,34.977990,0 135.761787,34.978009,0 135.761682,34.978179,0 135.761600,34.978300,0 135.761579,34.978335,0 135.761553,34.978375,0 135.761498,34.978462,0 135.761451,34.978567,0 135.761396,34.978707,0 135.761359,34.978839,0 135.761333,34.978954,0 135.761320,34.979025,0 135.761302,34.979134,0 135.761282,34.979296,0 135.761311,34.979354,0 135.761449,34.979484,0 135.761441,34.979505,0 135.761441,34.979560,0 135.761441,34.979669,0 135.761441,34.979735,0 135.761228,34.979892,0 135.761195,34.980754,0 135.761180,34.981458,0 135.761182,34.981725,0 135.761184,34.981841,0 135.761187,34.981973,0 135.761188,34.982007,0 135.761207,34.982945,0 135.761208,34.983008,0 135.761208,34.983026,0 135.761208,34.983273,0 135.761129,34.983272,0 135.761037,34.983272,0 135.761046,34.983793,0 135.761021,34.983823,0 135.760446,34.983818,0 135.760444,34.983784,0 135.760268,34.983787,0 135.760269,34.983774,0 135.760246,34.983774,0 135.760199,34.983775,0 135.760203,34.983926,0 135.760203,34.983939,0 135.760204,34.984395,0 135.760198,34.984749,0 135.760205,34.984886,0 135.760205,34.984972,0 135.760198,34.985881,0 135.760196,34.986022,0 135.759984,34.986911,0 135.759957,34.987025,0 135.759775,34.987025,0 135.759684,34.987025,0 135.759547,34.987024,0 135.759441,34.987025,0 135.759420,34.987025,0 135.759419,34.987074,0 135.759503,34.987075,0 135.759503,34.987085,0 135.759503,34.987153,0 135.759276,34.987148,0 135.758800,34.987149,0</coordinates></LineString></Placemark>
<Placemark><name>d11·6 🚌 Bus urbano de Kioto: Kyoto-eki-mae → Kinkakuji-michi</name><styleUrl>#lff1fc38f5</styleUrl><description><![CDATA[Bus urbano de Kioto — sentido por Nishiōji-dōri (5 tramos)]]></description><LineString><tessellate>1</tessellate><coordinates>135.758799,34.986989,0 135.732591,34.987814,0 135.731807,35.004501,0 135.758430,34.984608,0 135.732078,35.035317,0 135.734442,35.040358,0</coordinates></LineString></Placemark>
<Placemark><name>d11·7 🚶 Kinkakuji-michi → Pabellón Dorado (Kinkaku-ji)</name><styleUrl>#lb8636f7a3</styleUrl><description><![CDATA[caminando]]></description><LineString><tessellate>1</tessellate><coordinates>135.734444,35.040349,0 135.734231,35.040311,0 135.734091,35.040278,0 135.734018,35.040241,0 135.733951,35.040199,0 135.733877,35.040133,0 135.733787,35.040009,0 135.733695,35.039754,0 135.733640,35.039577,0 135.733515,35.039185,0 135.733444,35.039203,0 135.733340,35.039230,0 135.733271,35.039248,0 135.733250,35.039180,0 135.733206,35.039167,0 135.732699,35.039227,0 135.732260,35.039286,0 135.732033,35.039305,0 135.731968,35.039364,0 135.731959,35.039394,0 135.731899,35.039397,0 135.731836,35.039399,0 135.731833,35.039250,0 135.731157,35.039188,0 135.730664,35.039133,0 135.730423,35.039106,0 135.730337,35.039077,0 135.730236,35.039057,0 135.730142,35.039051,0 135.730083,35.039056,0 135.730071,35.039058,0 135.729997,35.039068,0 135.729713,35.039105,0 135.729674,35.039109,0 135.729653,35.039147,0 135.729600,35.039254,0</coordinates></LineString></Placemark>
<Placemark><name>d11·8 🚶 Pabellón Dorado (Kinkaku-ji) → Kinkakuji-michi</name><styleUrl>#lb8636f7a3</styleUrl><description><![CDATA[caminando]]></description><LineString><tessellate>1</tessellate><coordinates>135.729600,35.039254,0 135.729600,35.039254,0 135.729653,35.039147,0 135.729674,35.039109,0 135.729713,35.039105,0 135.729997,35.039068,0 135.730071,35.039058,0 135.730083,35.039056,0 135.730142,35.039051,0 135.730236,35.039057,0 135.730337,35.039077,0 135.730423,35.039106,0 135.730664,35.039133,0 135.731157,35.039188,0 135.731833,35.039250,0 135.731836,35.039399,0 135.731899,35.039397,0 135.731959,35.039394,0 135.731968,35.039364,0 135.732033,35.039305,0 135.732260,35.039286,0 135.732699,35.039227,0 135.733206,35.039167,0 135.733250,35.039180,0 135.733271,35.039248,0 135.733340,35.039230,0 135.733444,35.039203,0 135.733515,35.039185,0 135.733640,35.039577,0 135.733695,35.039754,0 135.733787,35.040009,0 135.733877,35.040133,0 135.733951,35.040199,0 135.734018,35.040241,0 135.734091,35.040278,0 135.734231,35.040311,0 135.734444,35.040349,0</coordinates></LineString></Placemark>
<Placemark><name>d11·9 🚌 Bus urbano de Kioto: Kinkakuji-michi → Nijōjō-mae</name><styleUrl>#lff1fc38f5</styleUrl><description><![CDATA[Bus urbano de Kioto — sentido hacia Nijōjō (3 tramos)]]></description><LineString><tessellate>1</tessellate><coordinates>135.734442,35.040358,0 135.732078,35.035317,0 135.750916,35.017415,0 135.749717,35.011865,0</coordinates></LineString></Placemark>
<Placemark><name>d11·10 🚶 Nijōjō-mae → Castillo de Nijo</name><styleUrl>#lb8636f7a3</styleUrl><description><![CDATA[caminando]]></description><LineString><tessellate>1</tessellate><coordinates>135.749734,35.011864,0 135.749727,35.011808,0 135.749748,35.011807,0 135.749832,35.011804,0 135.750145,35.011793,0 135.750489,35.011780,0 135.750502,35.011780,0 135.750523,35.011779,0 135.751182,35.011750,0 135.751352,35.011743,0 135.751414,35.011748,0 135.751423,35.011767,0 135.751428,35.011838,0 135.751432,35.011939,0 135.751423,35.011946,0 135.751423,35.011982,0 135.751438,35.012148,0 135.751437,35.012208,0 135.751423,35.012248,0 135.751421,35.012260,0 135.751421,35.012398,0 135.751428,35.012617,0 135.751429,35.012629,0 135.751439,35.012658,0 135.751454,35.012692,0 135.751455,35.012699,0 135.751457,35.012726,0 135.751312,35.012727,0 135.751313,35.012768,0 135.751314,35.012867,0 135.751288,35.012867,0 135.751256,35.012868,0 135.751130,35.012870,0 135.751104,35.012870,0 135.751007,35.012872,0 135.750685,35.012879,0 135.750708,35.013143,0 135.750657,35.013143,0 135.750623,35.013144,0 135.750553,35.013145,0 135.750517,35.013107,0 135.750477,35.013065,0 135.750321,35.012901,0 135.749881,35.012903,0 135.749791,35.012904,0 135.749764,35.012971,0 135.749735,35.013005,0 135.749725,35.013031,0 135.749717,35.013050,0 135.749673,35.013112,0 135.749631,35.013153,0 135.749554,35.013216,0 135.749496,35.013353,0 135.749511,35.013489,0 135.749520,35.013683,0 135.749463,35.013724,0 135.749247,35.013745,0 135.749232,35.013760,0 135.749227,35.013774,0 135.749193,35.013871,0 135.749160,35.014021,0 135.749168,35.014073,0 135.749199,35.014121,0 135.749208,35.014171,0 135.749179,35.014173,0 135.749151,35.014167,0 135.749058,35.014128,0 135.748994,35.014090,0 135.748955,35.014057,0 135.748906,35.013999,0 135.748839,35.014000,0 135.748833,35.013912,0 135.748755,35.013915,0 135.748748,35.013915,0 135.748606,35.013918,0 135.748535,35.013919,0</coordinates></LineString></Placemark>
<Placemark><name>d11·11 🚶 Castillo de Nijo → Nijōjō-mae</name><styleUrl>#lb8636f7a3</styleUrl><description><![CDATA[caminando]]></description><LineString><tessellate>1</tessellate><coordinates>135.748535,35.013919,0 135.748606,35.013918,0 135.748748,35.013915,0 135.748755,35.013915,0 135.748833,35.013912,0 135.748839,35.014000,0 135.748906,35.013999,0 135.748955,35.014057,0 135.748994,35.014090,0 135.749058,35.014128,0 135.749151,35.014167,0 135.749179,35.014173,0 135.749208,35.014171,0 135.749199,35.014121,0 135.749168,35.014073,0 135.749160,35.014021,0 135.749193,35.013871,0 135.749227,35.013774,0 135.749232,35.013760,0 135.749247,35.013745,0 135.749463,35.013724,0 135.749520,35.013683,0 135.749511,35.013489,0 135.749496,35.013353,0 135.749554,35.013216,0 135.749631,35.013153,0 135.749673,35.013112,0 135.749717,35.013050,0 135.749725,35.013031,0 135.749735,35.013005,0 135.749764,35.012971,0 135.749791,35.012904,0 135.749881,35.012903,0 135.750321,35.012901,0 135.750477,35.013065,0 135.750517,35.013107,0 135.750553,35.013145,0 135.750623,35.013144,0 135.750657,35.013143,0 135.750708,35.013143,0 135.750685,35.012879,0 135.751007,35.012872,0 135.751104,35.012870,0 135.751130,35.012870,0 135.751256,35.012868,0 135.751288,35.012867,0 135.751314,35.012867,0 135.751313,35.012768,0 135.751312,35.012727,0 135.751457,35.012726,0 135.751455,35.012699,0 135.751454,35.012692,0 135.751439,35.012658,0 135.751429,35.012629,0 135.751428,35.012617,0 135.751421,35.012398,0 135.751421,35.012260,0 135.751423,35.012248,0 135.751437,35.012208,0 135.751438,35.012148,0 135.751423,35.011982,0 135.751423,35.011946,0 135.751432,35.011939,0 135.751428,35.011838,0 135.751423,35.011767,0 135.751414,35.011748,0 135.751352,35.011743,0 135.751182,35.011750,0 135.750523,35.011779,0 135.750502,35.011780,0 135.750489,35.011780,0 135.750145,35.011793,0 135.749832,35.011804,0 135.749748,35.011807,0 135.749727,35.011808,0 135.749734,35.011864,0</coordinates></LineString></Placemark>
<Placemark><name>d11·12 🚇 Metro Tōzai (Kioto): Nijōjō-mae → Higashiyama</name><styleUrl>#lff0c86c75</styleUrl><description><![CDATA[Metro Tōzai (Kioto) — sentido Rokujizō (4 tramos)]]></description><LineString><tessellate>1</tessellate><coordinates>135.749717,35.011865,0 135.759646,35.010824,0 135.768870,35.010899,0 135.773985,35.009291,0 135.779778,35.009434,0</coordinates></LineString></Placemark>
<Placemark><name>d11·13 🚶 Higashiyama → Palacio Imperial de Kioto</name><styleUrl>#lb8636f7a3</styleUrl><description><![CDATA[caminando]]></description><LineString><tessellate>1</tessellate><coordinates>135.779779,35.009440,0 135.779751,35.009443,0 135.779725,35.009364,0 135.779496,35.009389,0 135.779322,35.009398,0 135.779151,35.009405,0 135.779041,35.009407,0 135.778962,35.009407,0 135.778776,35.009405,0 135.778334,35.009397,0 135.778284,35.009397,0 135.778205,35.009333,0 135.778104,35.009339,0 135.778012,35.009345,0 135.777963,35.009385,0 135.777902,35.009397,0 135.777520,35.009399,0 135.777108,35.009388,0 135.776721,35.009381,0 135.776672,35.009380,0 135.776644,35.009380,0 135.776609,35.009379,0 135.776572,35.009378,0 135.776245,35.009369,0 135.776075,35.009357,0 135.775548,35.009324,0 135.775503,35.009320,0 135.775446,35.009317,0 135.775377,35.009312,0 135.775307,35.009307,0 135.774931,35.009282,0 135.774762,35.009273,0 135.774744,35.009272,0 135.774702,35.009268,0 135.774526,35.009253,0 135.774235,35.009229,0 135.773574,35.009168,0 135.773564,35.009219,0 135.773551,35.009287,0 135.773229,35.009244,0 135.773092,35.009250,0 135.772983,35.009242,0 135.772537,35.009210,0 135.772487,35.009218,0 135.772481,35.009257,0 135.772470,35.009723,0 135.772464,35.009948,0 135.772459,35.010159,0 135.772477,35.010173,0 135.772478,35.010205,0 135.772479,35.010245,0 135.772457,35.010274,0 135.772479,35.010786,0 135.772411,35.010787,0 135.772300,35.010789,0 135.772204,35.010791,0 135.772189,35.010817,0 135.772147,35.010841,0 135.772146,35.010899,0 135.772146,35.011019,0 135.772145,35.011073,0 135.772107,35.011073,0 135.771204,35.011079,0 135.771131,35.011097,0 135.771037,35.011146,0 135.770633,35.011150,0 135.770596,35.011217,0 135.770591,35.011522,0 135.770597,35.011820,0 135.770584,35.012227,0 135.770562,35.012380,0 135.770545,35.012472,0 135.770497,35.012592,0 135.770498,35.012766,0 135.770498,35.012774,0 135.770494,35.012892,0 135.770483,35.012955,0 135.770479,35.012990,0 135.770479,35.013016,0 135.770416,35.013016,0 135.770341,35.013017,0 135.770341,35.013051,0 135.770248,35.013120,0 135.770208,35.013134,0 135.770208,35.013194,0 135.770208,35.013235,0 135.769294,35.013255,0 135.769207,35.013262,0 135.769099,35.013355,0 135.769098,35.013396,0 135.769066,35.013763,0 135.769052,35.014146,0 135.769043,35.014424,0 135.769044,35.014508,0 135.769042,35.014591,0 135.769021,35.015452,0 135.768918,35.015454,0 135.768817,35.015456,0 135.768812,35.015546,0 135.768810,35.015614,0 135.768828,35.016515,0 135.768826,35.016570,0 135.768824,35.016591,0 135.768876,35.017282,0 135.768817,35.017339,0 135.768780,35.017376,0 135.768745,35.017402,0 135.768704,35.017415,0 135.768593,35.017412,0 135.768098,35.017381,0 135.767417,35.017348,0 135.767416,35.017427,0 135.767415,35.017516,0 135.767393,35.017515,0 135.767382,35.017517,0 135.767373,35.017523,0 135.767367,35.017530,0 135.767364,35.017540,0 135.767370,35.017748,0 135.767391,35.018870,0 135.767394,35.019189,0 135.767406,35.020045,0 135.767370,35.020046,0 135.767344,35.020043,0 135.767350,35.020238,0 135.767361,35.020418,0 135.767387,35.021104,0 135.767397,35.021321,0 135.767334,35.021330,0 135.767253,35.021345,0 135.767198,35.021352,0 135.767160,35.021402,0 135.767130,35.021414,0 135.767082,35.023214,0 135.767081,35.023262,0 135.766886,35.023265,0 135.766850,35.023265,0 135.766815,35.023266,0 135.766672,35.023269,0 135.766096,35.023288,0 135.764375,35.023360,0 135.763913,35.023372,0 135.763903,35.023637,0 135.763733,35.023637,0 135.763712,35.023638,0 135.763647,35.023638,0 135.763578,35.023638,0 135.763574,35.023638,0 135.762777,35.023638,0 135.762777,35.023870,0 135.762777,35.024304,0 135.762777,35.024328,0 135.762775,35.024356,0 135.762773,35.024374,0 135.762771,35.024391,0 135.762768,35.024408,0 135.762764,35.024426,0 135.762759,35.024443,0 135.762755,35.024461,0 135.762745,35.024478,0 135.762736,35.024496,0 135.762727,35.024513,0 135.762720,35.024531,0 135.762713,35.024550,0 135.762706,35.024568,0 135.762701,35.024587,0 135.762696,35.024606,0 135.762692,35.024624,0 135.762689,35.024643,0 135.762687,35.024663,0 135.762685,35.024682,0 135.762685,35.024701,0 135.762685,35.024720,0 135.762686,35.024739,0 135.762687,35.024758,0 135.762690,35.024777,0 135.762693,35.024796,0 135.762697,35.024815,0 135.762702,35.024834,0 135.762708,35.024852,0 135.762714,35.024871,0 135.762721,35.024889,0 135.762729,35.024907,0 135.762738,35.024925,0 135.762748,35.024942,0 135.762758,35.024960,0 135.762769,35.024977,0 135.762780,35.024993,0 135.762793,35.025010,0 135.762806,35.025026,0 135.762819,35.025041,0 135.762837,35.025058,0 135.762824,35.025062,0 135.762811,35.025065,0 135.762798,35.025069,0 135.762784,35.025071,0 135.762771,35.025073,0 135.762757,35.025075,0 135.762744,35.025076,0 135.762728,35.025076,0 135.762658,35.025076,0 135.762401,35.025077,0 135.762401,35.025103,0 135.762394,35.025109,0 135.762385,35.025112,0 135.762358,35.025113,0 135.762343,35.025118,0 135.762331,35.025124,0 135.762327,35.025129,0 135.762327,35.025136,0 135.762321,35.025139,0 135.762312,35.025139,0 135.762304,35.025140,0 135.762289,35.025149,0 135.762281,35.025156,0 135.762273,35.025164,0 135.762264,35.025172,0</coordinates></LineString></Placemark>
<Placemark><name>d11·14 🚶/🚇 Palacio Imperial de Kioto → hotel</name><styleUrl>#l80636f7a2</styleUrl><description><![CDATA[regreso (esquemático)]]></description><LineString><tessellate>1</tessellate><coordinates>135.762345,35.025264,0 135.759515,34.998313,0</coordinates></LineString></Placemark>
</Folder>
<Folder><name>lun 12 · → Tokio</name>
<Placemark><name>d12·1 🚶 Hotel → Gojō</name><styleUrl>#lb8636f7a3</styleUrl><description><![CDATA[caminando]]></description><LineString><tessellate>1</tessellate><coordinates>135.759573,34.998314,0 135.759581,34.997724,0 135.759581,34.997680,0 135.759580,34.997651,0 135.759579,34.997630,0 135.759579,34.997598,0 135.759581,34.996900,0</coordinates></LineString></Placemark>
<Placemark><name>d12·2 🚇 Metro Karasuma (Kioto): Gojō → Kyoto</name><styleUrl>#lff4499005</styleUrl><description><![CDATA[Metro Karasuma (Kioto) — sentido Takeda (1 tramos)]]></description><LineString><tessellate>1</tessellate><coordinates>135.759700,34.996900,0 135.758766,34.985350,0</coordinates></LineString></Placemark>
<Placemark><name>d12·3 🚇 Shinkansen: Kyoto → Tokyo</name><styleUrl>#lffa0501c5</styleUrl><description><![CDATA[Shinkansen — sentido Tokyo (4 tramos)]]></description><LineString><tessellate>1</tessellate><coordinates>135.758430,34.984608,0 136.879697,35.170675,0 139.617011,35.508019,0 139.737765,35.627484,0 139.764761,35.680442,0</coordinates></LineString></Placemark>
<Placemark><name>d12·4 🚶 Tokyo → Tokyo</name><styleUrl>#lb8636f7a3</styleUrl><description><![CDATA[caminando]]></description><LineString><tessellate>1</tessellate><coordinates>139.764761,35.680442,0 139.764842,35.680425,0 139.764885,35.680424,0 139.764919,35.680437,0 139.764932,35.680479,0 139.765049,35.680458,0 139.764956,35.680190,0 139.764902,35.680037,0 139.765000,35.679867,0 139.765295,35.679386,0 139.765197,35.679095,0 139.765111,35.678838,0 139.764864,35.678105,0 139.764830,35.678005,0 139.764628,35.678048,0 139.764559,35.678064,0 139.764492,35.677863,0 139.764305,35.677904,0 139.764282,35.677839,0 139.764346,35.677826,0 139.764621,35.677767,0 139.764611,35.677765,0 139.764426,35.677803,0 139.764413,35.677767,0 139.764238,35.677805,0 139.764231,35.677801,0 139.764160,35.677816,0 139.764158,35.677811,0 139.764619,35.677713,0</coordinates></LineString></Placemark>
<Placemark><name>d12·5 🚇 JR Chūō Line (rápida): Tokyo → Shinjuku</name><styleUrl>#lff225af15</styleUrl><description><![CDATA[JR Chūō Line (rápida) — sentido Nakano / Takao (4 tramos)]]></description><LineString><tessellate>1</tessellate><coordinates>139.764615,35.677700,0 139.770698,35.694473,0 139.764244,35.700397,0 139.729482,35.686205,0 139.698762,35.688726,0</coordinates></LineString></Placemark>
<Placemark><name>d12·6 🚶 Shinjuku → Mirador del Gobierno Metropolitano</name><styleUrl>#lb8636f7a3</styleUrl><description><![CDATA[caminando]]></description><LineString><tessellate>1</tessellate><coordinates>139.698762,35.688726,0 139.698749,35.688820,0 139.698743,35.688873,0 139.698704,35.688896,0 139.698668,35.689128,0 139.698631,35.689353,0 139.698621,35.689430,0 139.698121,35.689414,0 139.697541,35.689389,0 139.697053,35.689367,0 139.696777,35.689357,0 139.696548,35.689344,0 139.696537,35.689444,0 139.696432,35.689440,0 139.696324,35.689437,0 139.696264,35.689397,0 139.696060,35.689389,0 139.695414,35.689363,0 139.695306,35.689438,0 139.695238,35.689428,0 139.695114,35.689409,0 139.695025,35.689395,0 139.694956,35.689332,0 139.694730,35.689295,0 139.693555,35.689102,0 139.692673,35.688957,0 139.692658,35.689030,0 139.692710,35.689038,0 139.692726,35.689036,0 139.692728,35.689024,0 139.692720,35.689017,0 139.692609,35.689001,0 139.692458,35.689620,0 139.692396,35.689609,0 139.692283,35.689592,0 139.692208,35.689581,0 139.692248,35.689409,0 139.692264,35.689344,0 139.692182,35.689367,0 139.691960,35.689431,0 139.691952,35.689463,0 139.691934,35.689534,0</coordinates></LineString></Placemark>
<Placemark><name>d12·7 🚶 Mirador del Gobierno Metropolitano → Omoide Yokocho</name><styleUrl>#lb8636f7a3</styleUrl><description><![CDATA[caminando]]></description><LineString><tessellate>1</tessellate><coordinates>139.691934,35.689534,0 139.691914,35.689610,0 139.691905,35.689647,0 139.692080,35.689777,0 139.692150,35.689829,0 139.692080,35.690119,0 139.692065,35.690180,0 139.691945,35.690163,0 139.691840,35.690148,0 139.691824,35.690145,0 139.691818,35.690177,0 139.691972,35.690202,0 139.691966,35.690232,0 139.692012,35.690240,0 139.691984,35.690349,0 139.692075,35.690364,0 139.692182,35.690381,0 139.692512,35.690432,0 139.692579,35.690445,0 139.692701,35.690464,0 139.692723,35.690468,0 139.692972,35.690505,0 139.693053,35.690518,0 139.693125,35.690529,0 139.693311,35.690559,0 139.693486,35.690586,0 139.693467,35.690666,0 139.693450,35.690741,0 139.693426,35.690839,0 139.693569,35.690862,0 139.693669,35.690879,0 139.694171,35.690960,0 139.694390,35.690995,0 139.694398,35.691010,0 139.694569,35.691023,0 139.694617,35.691014,0 139.696260,35.691182,0 139.696458,35.691201,0 139.696685,35.691213,0 139.696979,35.691234,0 139.697509,35.691266,0 139.698127,35.691303,0 139.698129,35.691285,0 139.698147,35.691297,0 139.698165,35.691312,0 139.698179,35.691325,0 139.698194,35.691340,0 139.698254,35.691416,0 139.698316,35.691480,0 139.698329,35.691490,0 139.698343,35.691499,0 139.698358,35.691506,0 139.698373,35.691512,0 139.698391,35.691518,0 139.698409,35.691522,0 139.698429,35.691525,0 139.698736,35.691541,0 139.698877,35.691544,0 139.698889,35.691535,0 139.698900,35.691526,0 139.698912,35.691515,0 139.698920,35.691506,0 139.698962,35.691509,0 139.699091,35.691517,0 139.699189,35.691522,0 139.699188,35.691786,0 139.699341,35.691994,0 139.699413,35.692096,0 139.699441,35.692163,0 139.699451,35.692213,0 139.699449,35.692251,0 139.699442,35.692301,0 139.699430,35.692393,0 139.699398,35.692617,0 139.699396,35.692634,0 139.699392,35.692670,0 139.699385,35.692718,0 139.699384,35.692730,0 139.699334,35.693068,0 139.699468,35.693085,0 139.699493,35.693089,0 139.699503,35.693091,0</coordinates></LineString></Placemark>
<Placemark><name>d12·8 🚶/🚇 Omoide Yokocho → hotel</name><styleUrl>#l80636f7a2</styleUrl><description><![CDATA[regreso (esquemático)]]></description><LineString><tessellate>1</tessellate><coordinates>139.699503,35.693090,0 139.693100,35.694400,0</coordinates></LineString></Placemark>
</Folder>
<Folder><name>mar 13 · Tokio viejo</name>
<Placemark><name>d13·1 🚶 Hotel → Shinjuku</name><styleUrl>#lb8636f7a3</styleUrl><description><![CDATA[caminando]]></description><LineString><tessellate>1</tessellate><coordinates>139.693103,35.694399,0 139.693088,35.694372,0 139.693148,35.694243,0 139.693106,35.694173,0 139.693304,35.694117,0 139.693933,35.693938,0 139.693981,35.693923,0 139.694024,35.693910,0 139.694312,35.693827,0 139.694374,35.693809,0 139.694530,35.693766,0 139.694785,35.693696,0 139.694833,35.693653,0 139.694923,35.693625,0 139.695025,35.693590,0 139.695080,35.693575,0 139.695119,35.693563,0 139.695203,35.693584,0 139.695291,35.693558,0 139.695829,35.693402,0 139.696024,35.693345,0 139.696645,35.693165,0 139.696742,35.693136,0 139.696805,35.693112,0 139.696810,35.693109,0 139.696850,35.693074,0 139.696854,35.693071,0 139.696857,35.693013,0 139.696858,35.693007,0 139.696868,35.693004,0 139.697119,35.692981,0 139.697162,35.692900,0 139.697167,35.692896,0 139.697183,35.692881,0 139.697147,35.692869,0 139.697150,35.692864,0 139.697158,35.692850,0 139.697239,35.692870,0 139.697434,35.692718,0 139.697851,35.692378,0 139.697992,35.692258,0 139.698007,35.692215,0 139.698013,35.692182,0 139.698016,35.692171,0 139.698021,35.692144,0 139.698037,35.692120,0 139.698042,35.692053,0 139.698045,35.692011,0 139.698046,35.691997,0 139.698049,35.691968,0 139.698051,35.691944,0 139.698053,35.691924,0 139.698072,35.691662,0 139.698074,35.691642,0 139.698083,35.691518,0 139.698091,35.691413,0 139.698029,35.691344,0 139.698031,35.691300,0 139.698033,35.691266,0 139.698041,35.691125,0 139.698046,35.691035,0 139.698085,35.691024,0 139.698113,35.691005,0 139.698126,35.690983,0 139.698131,35.690962,0 139.698174,35.690379,0 139.698182,35.690321,0 139.698197,35.690279,0 139.698249,35.690233,0 139.698265,35.690220,0 139.698478,35.690160,0 139.698482,35.690095,0 139.698530,35.690064,0 139.698539,35.690002,0 139.698558,35.689870,0 139.698578,35.689727,0 139.698600,35.689573,0 139.698621,35.689430,0 139.698631,35.689353,0 139.698668,35.689128,0 139.698704,35.688896,0 139.698743,35.688873,0 139.698749,35.688820,0 139.698762,35.688726,0</coordinates></LineString></Placemark>
<Placemark><name>d13·2 🚇 JR Chūō Line (rápida): Shinjuku → Kanda</name><styleUrl>#lff225af15</styleUrl><description><![CDATA[JR Chūō Line (rápida) — sentido Tokyo (3 tramos)]]></description><LineString><tessellate>1</tessellate><coordinates>139.698762,35.688726,0 139.729482,35.686205,0 139.764244,35.700397,0 139.770698,35.694473,0</coordinates></LineString></Placemark>
<Placemark><name>d13·3 🚇 Metro Ginza Line: Kanda → Asakusa</name><styleUrl>#lff0097f35</styleUrl><description><![CDATA[Metro Ginza Line — sentido Asakusa (6 tramos)]]></description><LineString><tessellate>1</tessellate><coordinates>139.770698,35.694473,0 139.771679,35.702936,0 139.773075,35.707311,0 139.777116,35.714041,0 139.782685,35.711387,0 139.790755,35.709836,0 139.796883,35.709333,0</coordinates></LineString></Placemark>
<Placemark><name>d13·4 🚶 Asakusa → Sensō-ji</name><styleUrl>#lb8636f7a3</styleUrl><description><![CDATA[caminando]]></description><LineString><tessellate>1</tessellate><coordinates>139.796883,35.709333,0 139.796883,35.709333,0 139.796869,35.709343,0 139.797099,35.709643,0 139.797040,35.709672,0 139.796971,35.709706,0 139.796917,35.709733,0 139.796942,35.709771,0 139.796650,35.709802,0 139.796287,35.709835,0 139.796293,35.709865,0 139.796296,35.709889,0 139.796394,35.710649,0 139.796404,35.710730,0 139.796451,35.710766,0 139.796536,35.710759,0 139.796542,35.710793,0 139.796548,35.710828,0 139.796561,35.710900,0 139.796565,35.710922,0 139.796569,35.710946,0 139.796552,35.710949,0 139.796528,35.710952,0 139.796490,35.710958,0 139.796357,35.710973,0 139.796367,35.711066,0 139.796368,35.711077,0 139.796379,35.711189,0 139.796380,35.711199,0 139.796383,35.711228,0 139.796411,35.711498,0 139.796412,35.711507,0 139.796446,35.711832,0 139.796477,35.712136,0 139.796507,35.712423,0 139.796546,35.712798,0 139.796551,35.712846,0 139.796555,35.712893,0 139.796567,35.713031,0 139.796578,35.713141,0 139.796593,35.713306,0 139.796618,35.713568,0 139.796619,35.713581,0 139.796637,35.713742,0 139.796485,35.713754,0 139.796493,35.713852,0 139.796464,35.713855,0 139.796465,35.713864,0 139.796487,35.714071,0 139.796443,35.714075,0 139.796451,35.714165,0 139.796463,35.714277,0 139.796335,35.714286,0 139.796347,35.714395,0 139.796188,35.714408,0 139.795980,35.714424,0 139.795659,35.714450,0 139.795626,35.714452,0 139.795598,35.714447,0 139.795339,35.714395,0 139.795328,35.714393,0 139.795235,35.714374,0 139.795243,35.714329,0 139.795271,35.714142,0 139.795179,35.714133,0 139.795119,35.714078,0 139.795089,35.714022,0 139.795096,35.713911,0 139.795101,35.713818,0 139.795105,35.713759,0 139.795107,35.713730,0 139.795107,35.713721,0 139.795072,35.713655,0 139.795038,35.713611,0 139.795008,35.713571,0 139.794980,35.713451,0 139.794953,35.713339,0 139.794952,35.713328,0 139.794976,35.713318,0 139.794992,35.713310,0 139.795001,35.713301,0 139.795003,35.713310,0 139.795057,35.713301,0 139.795057,35.713301,0</coordinates></LineString></Placemark>
<Placemark><name>d13·5 🚶 Sensō-ji → Tokyo Skytree</name><styleUrl>#lb8636f7a3</styleUrl><description><![CDATA[caminando]]></description><LineString><tessellate>1</tessellate><coordinates>139.795057,35.713301,0 139.795003,35.713310,0 139.795001,35.713301,0 139.794992,35.713310,0 139.794976,35.713318,0 139.794952,35.713328,0 139.794953,35.713339,0 139.794980,35.713451,0 139.795008,35.713571,0 139.795038,35.713611,0 139.795072,35.713655,0 139.795107,35.713721,0 139.795107,35.713730,0 139.795105,35.713759,0 139.795101,35.713818,0 139.795096,35.713911,0 139.795089,35.714022,0 139.795119,35.714078,0 139.795179,35.714133,0 139.795271,35.714142,0 139.795243,35.714329,0 139.795235,35.714374,0 139.795328,35.714393,0 139.795339,35.714395,0 139.795598,35.714447,0 139.795626,35.714452,0 139.795659,35.714450,0 139.795980,35.714424,0 139.796188,35.714408,0 139.796347,35.714395,0 139.796356,35.714470,0 139.796384,35.714469,0 139.796432,35.714471,0 139.796720,35.714447,0 139.796752,35.714449,0 139.796888,35.714436,0 139.796996,35.714429,0 139.797076,35.714440,0 139.797183,35.714443,0 139.797354,35.714428,0 139.797445,35.714420,0 139.797505,35.714415,0 139.797619,35.714396,0 139.797677,35.714384,0 139.797702,35.714378,0 139.797713,35.714376,0 139.797727,35.714426,0 139.798123,35.714353,0 139.798150,35.714384,0 139.798215,35.714371,0 139.798298,35.714355,0 139.798374,35.714341,0 139.798365,35.714308,0 139.798397,35.714294,0 139.799099,35.714116,0 139.799413,35.714047,0 139.799474,35.714034,0 139.799807,35.713961,0 139.799992,35.713920,0 139.800083,35.713900,0 139.800096,35.713897,0 139.800116,35.713891,0 139.800506,35.713816,0 139.800527,35.713826,0 139.800628,35.713946,0 139.800801,35.714151,0 139.800836,35.714188,0 139.800871,35.714224,0 139.801212,35.714622,0 139.801363,35.714811,0 139.801517,35.714992,0 139.801521,35.715017,0 139.801614,35.714992,0 139.801708,35.714969,0 139.801780,35.714952,0 139.801795,35.714970,0 139.801873,35.714985,0 139.801995,35.714913,0 139.802016,35.714899,0 139.802082,35.714862,0 139.802114,35.714870,0 139.802287,35.714768,0 139.804405,35.713451,0 139.804733,35.713286,0 139.804869,35.713217,0 139.805158,35.713082,0 139.805352,35.712990,0 139.805374,35.712965,0 139.805380,35.712907,0 139.805419,35.712891,0 139.805444,35.712881,0 139.805468,35.712869,0 139.805531,35.712838,0 139.805580,35.712814,0 139.805662,35.712773,0 139.805703,35.712753,0 139.805808,35.712761,0 139.805828,35.712750,0 139.806022,35.712647,0 139.806281,35.712509,0 139.806717,35.712278,0 139.807029,35.712112,0 139.807254,35.711993,0 139.807403,35.711913,0 139.807882,35.711659,0 139.808159,35.711512,0 139.808229,35.711475,0 139.808257,35.711460,0 139.808300,35.711425,0 139.808332,35.711381,0 139.808355,35.711334,0 139.808357,35.711290,0 139.808356,35.711033,0 139.808464,35.711039,0 139.808567,35.711044,0 139.808604,35.711000,0 139.808601,35.710986,0 139.808607,35.710872,0 139.808613,35.710769,0 139.808605,35.710697,0 139.808590,35.710610,0 139.808582,35.710570,0 139.808588,35.710411,0 139.808589,35.710367,0 139.808592,35.710256,0 139.808592,35.710253,0 139.808594,35.710165,0 139.808639,35.710176,0 139.808646,35.709948,0 139.808688,35.709862,0 139.808693,35.709852,0 139.808723,35.709815,0 139.808785,35.709775,0 139.808840,35.709759,0 139.808963,35.709738,0 139.809144,35.709691,0 139.809213,35.709673,0 139.809330,35.709655,0 139.809432,35.709656,0 139.810200,35.709735,0 139.810196,35.709764,0 139.810272,35.709770,0 139.810256,35.709879,0 139.810533,35.709907,0 139.810617,35.709839,0 139.810694,35.709831,0 139.810779,35.709835,0 139.810842,35.709860,0 139.810928,35.709941,0 139.810949,35.709994,0</coordinates></LineString></Placemark>
<Placemark><name>d13·6 🚶 Tokyo Skytree → Asakusa</name><styleUrl>#lb8636f7a3</styleUrl><description><![CDATA[caminando]]></description><LineString><tessellate>1</tessellate><coordinates>139.810949,35.709994,0 139.810928,35.709941,0 139.810842,35.709860,0 139.810779,35.709835,0 139.810694,35.709831,0 139.810617,35.709839,0 139.810533,35.709907,0 139.810256,35.709879,0 139.810272,35.709770,0 139.810284,35.709685,0 139.810248,35.709685,0 139.810259,35.709615,0 139.810268,35.709558,0 139.809967,35.709527,0 139.809588,35.709489,0 139.809297,35.709486,0 139.809223,35.709502,0 139.809028,35.709543,0 139.808836,35.709591,0 139.808831,35.709592,0 139.808804,35.709598,0 139.808726,35.709611,0 139.808682,35.709600,0 139.808660,35.709595,0 139.808621,35.709568,0 139.808619,35.709551,0 139.808612,35.709503,0 139.808616,35.709360,0 139.808618,35.709256,0 139.808619,35.709216,0 139.808618,35.709203,0 139.808617,35.709183,0 139.808615,35.709150,0 139.808628,35.708977,0 139.808599,35.708973,0 139.808514,35.708972,0 139.808412,35.708970,0 139.808375,35.708972,0 139.808372,35.708963,0 139.808352,35.708940,0 139.808322,35.708936,0 139.808253,35.708927,0 139.808107,35.708915,0 139.808050,35.708915,0 139.807997,35.708915,0 139.807959,35.708916,0 139.807593,35.708900,0 139.807586,35.708899,0 139.807374,35.708882,0 139.807350,35.708882,0 139.807322,35.708876,0 139.807286,35.708873,0 139.806925,35.708850,0 139.806892,35.708851,0 139.806846,35.708853,0 139.806813,35.708852,0 139.806771,35.708852,0 139.806741,35.708852,0 139.806700,35.708846,0 139.806656,35.708839,0 139.805658,35.708787,0 139.805570,35.708783,0 139.805477,35.708776,0 139.804824,35.708752,0 139.804586,35.708739,0 139.804525,35.708716,0 139.804441,35.708768,0 139.804401,35.708763,0 139.804316,35.708766,0 139.804211,35.708763,0 139.804167,35.708769,0 139.804099,35.708703,0 139.803875,35.708693,0 139.803264,35.708663,0 139.803220,35.708661,0 139.803182,35.708659,0 139.803119,35.708656,0 139.803090,35.708654,0 139.802357,35.708619,0 139.802309,35.708650,0 139.802242,35.708653,0 139.802167,35.708657,0 139.802126,35.708643,0 139.802059,35.708673,0 139.801971,35.708635,0 139.801859,35.708586,0 139.801840,35.708569,0 139.801065,35.708408,0 139.800616,35.708314,0 139.800600,35.708311,0 139.800511,35.708292,0 139.800434,35.708276,0 139.800400,35.708269,0 139.800115,35.708210,0 139.799831,35.708151,0 139.799172,35.708013,0 139.798693,35.707913,0 139.798647,35.707904,0 139.798624,35.707915,0 139.798559,35.707975,0 139.798469,35.707997,0 139.798403,35.708014,0 139.798370,35.708027,0 139.798339,35.707997,0 139.798294,35.707982,0 139.798222,35.707984,0 139.798161,35.708012,0 139.796762,35.708701,0 139.796707,35.708730,0 139.796693,35.708737,0 139.796661,35.708755,0 139.796522,35.708836,0 139.796482,35.708870,0 139.796473,35.708884,0 139.796455,35.708928,0 139.796569,35.709048,0 139.796869,35.709343,0 139.796883,35.709333,0</coordinates></LineString></Placemark>
<Placemark><name>d13·7 🚇 Tobu Skytree Line: Asakusa → Tokyo Skytree</name><styleUrl>#lffc36c0f5</styleUrl><description><![CDATA[Tobu Skytree Line — sentido hacia Tōbu-Dōbutsu-Kōen (1 tramos)]]></description><LineString><tessellate>1</tessellate><coordinates>139.796883,35.709333,0 139.808490,35.709744,0</coordinates></LineString></Placemark>
<Placemark><name>d13·8 🚶 Tokyo Skytree → Oshiage</name><styleUrl>#lb8636f7a3</styleUrl><description><![CDATA[caminando]]></description><LineString><tessellate>1</tessellate><coordinates>139.808490,35.709744,0 139.808490,35.709744,0 139.808528,35.709825,0 139.808522,35.709927,0 139.808607,35.709928,0 139.808598,35.710012,0 139.808594,35.710165,0 139.808639,35.710176,0 139.808745,35.710214,0 139.808939,35.710246,0 139.809043,35.710276,0 139.809310,35.710344,0 139.809507,35.710390,0 139.809631,35.710432,0 139.809762,35.710459,0 139.809910,35.710460,0 139.810188,35.710486,0 139.811185,35.710582,0 139.811197,35.710493,0 139.811202,35.710482,0 139.811229,35.710482,0 139.812120,35.710560,0 139.812455,35.710580,0 139.812691,35.710485,0 139.812891,35.710585,0 139.813044,35.710613,0 139.813114,35.710582,0 139.813127,35.710691,0 139.813160,35.710702,0 139.813170,35.710628,0 139.813176,35.710612,0 139.813191,35.710597,0 139.813208,35.710592,0</coordinates></LineString></Placemark>
<Placemark><name>d13·9 🚇 Toei Asakusa Line: Oshiage → Asakusa</name><styleUrl>#lff656eec5</styleUrl><description><![CDATA[Toei Asakusa Line — sentido Nishi-Magome / Haneda (2 tramos)]]></description><LineString><tessellate>1</tessellate><coordinates>139.813207,35.710591,0 139.804349,35.708561,0 139.796883,35.709333,0</coordinates></LineString></Placemark>
<Placemark><name>d13·10 🚇 Metro Ginza Line: Asakusa → Ueno</name><styleUrl>#lff0097f35</styleUrl><description><![CDATA[Metro Ginza Line — sentido Shibuya (3 tramos)]]></description><LineString><tessellate>1</tessellate><coordinates>139.796883,35.709333,0 139.790755,35.709836,0 139.782685,35.711387,0 139.777116,35.714041,0</coordinates></LineString></Placemark>
<Placemark><name>d13·11 🚶 Ueno → Parque Ueno</name><styleUrl>#lb8636f7a3</styleUrl><description><![CDATA[caminando]]></description><LineString><tessellate>1</tessellate><coordinates>139.777124,35.714011,0 139.777540,35.713813,0 139.777590,35.713881,0 139.777797,35.713782,0 139.777282,35.713006,0 139.777184,35.713050,0 139.777238,35.713130,0 139.777153,35.713168,0 139.777028,35.713223,0 139.776792,35.713327,0 139.776202,35.713587,0 139.776361,35.713826,0 139.776347,35.713878,0 139.776107,35.713991,0 139.776027,35.714027,0 139.775903,35.713901,0 139.775839,35.713802,0 139.775798,35.713719,0 139.775672,35.713450,0 139.775619,35.713327,0 139.775576,35.713243,0 139.775513,35.713117,0 139.775463,35.713041,0 139.775258,35.712752,0 139.775152,35.712637,0 139.775126,35.712609,0 139.775097,35.712561,0 139.774995,35.712604,0 139.774964,35.712552,0 139.774951,35.712532,0 139.774916,35.712467,0 139.774935,35.712461,0 139.774953,35.712493,0 139.774970,35.712519,0 139.774998,35.712516,0 139.775141,35.712737,0 139.775154,35.712757,0 139.775315,35.712955,0 139.775459,35.713154,0 139.775636,35.713494,0 139.775720,35.713716,0 139.775729,35.713783,0 139.775770,35.713872,0 139.775773,35.713878,0 139.775827,35.713972,0 139.775856,35.714024,0 139.775983,35.714209,0 139.775949,35.714236,0 139.775963,35.714383,0 139.776000,35.714554,0 139.775694,35.714699,0 139.775638,35.714725,0 139.775511,35.714783,0 139.775474,35.714800,0 139.775106,35.714969,0 139.775062,35.714989,0 139.775032,35.715039,0 139.775090,35.715147,0 139.775131,35.715201,0 139.775126,35.715243,0 139.775120,35.715280,0 139.775090,35.715375,0 139.775098,35.715481,0 139.775123,35.715608,0 139.775119,35.715617,0 139.775084,35.715647,0 139.775052,35.715678,0 139.775035,35.715728,0 139.775029,35.715812,0 139.775029,35.715858,0 139.775022,35.715899,0 139.774999,35.715951,0 139.774968,35.715994,0 139.774929,35.716030,0 139.774874,35.716055,0 139.774937,35.716166,0 139.774943,35.716176,0 139.775057,35.716345,0 139.775073,35.716368,0 139.775122,35.716442,0 139.775382,35.716823,0 139.775429,35.716849,0 139.775392,35.716974,0 139.775504,35.717135,0 139.775563,35.717184,0 139.775547,35.717208,0 139.775632,35.717335,0 139.775483,35.717417,0 139.775499,35.717439,0 139.775506,35.717449,0 139.775534,35.717493,0 139.775569,35.717543,0 139.775614,35.717609,0 139.775564,35.717631,0 139.775609,35.717695,0 139.775665,35.717771,0 139.775726,35.717853,0 139.775595,35.717917,0 139.775632,35.717970,0 139.775593,35.718014,0 139.775550,35.718077,0 139.775528,35.718120,0 139.775519,35.718166,0 139.775526,35.718236,0 139.775546,35.718310,0 139.775595,35.718385,0 139.775614,35.718416,0 139.775642,35.718441,0 139.775797,35.718537,0 139.775772,35.718575,0 139.775685,35.718707,0 139.775648,35.718759,0 139.775654,35.718921,0 139.775755,35.718936,0 139.775787,35.718996,0 139.775852,35.719095,0</coordinates></LineString></Placemark>
<Placemark><name>d13·12 🚶 Parque Ueno → Ameyoko</name><styleUrl>#lb8636f7a3</styleUrl><description><![CDATA[caminando]]></description><LineString><tessellate>1</tessellate><coordinates>139.775852,35.719095,0 139.775787,35.718996,0 139.775755,35.718936,0 139.775654,35.718921,0 139.775648,35.718759,0 139.775685,35.718707,0 139.775772,35.718575,0 139.775797,35.718537,0 139.775642,35.718441,0 139.775614,35.718416,0 139.775595,35.718385,0 139.775546,35.718310,0 139.775526,35.718236,0 139.775519,35.718166,0 139.775528,35.718120,0 139.775550,35.718077,0 139.775593,35.718014,0 139.775632,35.717970,0 139.775595,35.717917,0 139.775726,35.717853,0 139.775665,35.717771,0 139.775609,35.717695,0 139.775564,35.717631,0 139.775614,35.717609,0 139.775569,35.717543,0 139.775534,35.717493,0 139.775506,35.717449,0 139.775499,35.717439,0 139.775483,35.717417,0 139.775632,35.717335,0 139.775547,35.717208,0 139.775563,35.717184,0 139.775504,35.717135,0 139.775392,35.716974,0 139.775429,35.716849,0 139.775382,35.716823,0 139.775122,35.716442,0 139.775073,35.716368,0 139.775057,35.716345,0 139.774943,35.716176,0 139.774937,35.716166,0 139.774874,35.716055,0 139.774929,35.716030,0 139.774968,35.715994,0 139.774999,35.715951,0 139.775022,35.715899,0 139.775029,35.715858,0 139.775029,35.715812,0 139.775035,35.715728,0 139.775052,35.715678,0 139.775084,35.715647,0 139.775119,35.715617,0 139.775123,35.715608,0 139.775098,35.715481,0 139.775090,35.715375,0 139.775120,35.715280,0 139.775126,35.715243,0 139.775131,35.715201,0 139.775090,35.715147,0 139.775032,35.715039,0 139.775062,35.714989,0 139.775045,35.714966,0 139.774947,35.714836,0 139.774861,35.714720,0 139.774418,35.714070,0 139.774378,35.714003,0 139.774297,35.713868,0 139.774299,35.713829,0 139.774316,35.713820,0 139.774215,35.713674,0 139.774233,35.713611,0 139.774261,35.713591,0 139.774311,35.713581,0 139.774300,35.713550,0 139.774404,35.713485,0 139.774408,35.713388,0 139.774403,35.713368,0 139.774412,35.713345,0 139.774423,35.713328,0 139.774437,35.713321,0 139.774428,35.713313,0 139.774431,35.712956,0 139.774431,35.712935,0 139.774430,35.712904,0 139.774456,35.712868,0 139.774442,35.712850,0 139.774449,35.712826,0 139.774357,35.712627,0 139.774332,35.712615,0 139.774376,35.712564,0 139.774420,35.712557,0 139.774497,35.712523,0 139.774728,35.712440,0 139.774852,35.712401,0 139.774883,35.712391,0 139.774872,35.712369,0 139.774851,35.712325,0 139.774624,35.711861,0 139.774618,35.711848,0 139.774583,35.711769,0 139.774506,35.711722,0 139.774524,35.711695,0 139.774530,35.711647,0 139.774557,35.711561,0 139.774572,35.711501,0 139.774588,35.711465,0 139.774629,35.711483,0 139.774680,35.711506,0 139.774786,35.711495,0</coordinates></LineString></Placemark>
<Placemark><name>d13·13 🚶/🚇 Ameyoko → hotel</name><styleUrl>#l80636f7a2</styleUrl><description><![CDATA[regreso (esquemático)]]></description><LineString><tessellate>1</tessellate><coordinates>139.774786,35.711493,0 139.693100,35.694400,0</coordinates></LineString></Placemark>
</Folder>
<Folder><name>mié 14 · Hakone</name>
<Placemark><name>d14·1 🚶 Hotel → Shinjuku</name><styleUrl>#lb8636f7a3</styleUrl><description><![CDATA[caminando]]></description><LineString><tessellate>1</tessellate><coordinates>139.693103,35.694399,0 139.693088,35.694372,0 139.693148,35.694243,0 139.693106,35.694173,0 139.693304,35.694117,0 139.693933,35.693938,0 139.693981,35.693923,0 139.694024,35.693910,0 139.694312,35.693827,0 139.694374,35.693809,0 139.694530,35.693766,0 139.694785,35.693696,0 139.694833,35.693653,0 139.694923,35.693625,0 139.695025,35.693590,0 139.695080,35.693575,0 139.695119,35.693563,0 139.695203,35.693584,0 139.695291,35.693558,0 139.695829,35.693402,0 139.696024,35.693345,0 139.696645,35.693165,0 139.696742,35.693136,0 139.696805,35.693112,0 139.696810,35.693109,0 139.696850,35.693074,0 139.696854,35.693071,0 139.696857,35.693013,0 139.696858,35.693007,0 139.696868,35.693004,0 139.697119,35.692981,0 139.697162,35.692900,0 139.697167,35.692896,0 139.697183,35.692881,0 139.697147,35.692869,0 139.697150,35.692864,0 139.697158,35.692850,0 139.697239,35.692870,0 139.697434,35.692718,0 139.697851,35.692378,0 139.697992,35.692258,0 139.698007,35.692215,0 139.698013,35.692182,0 139.698016,35.692171,0 139.698021,35.692144,0 139.698037,35.692120,0 139.698042,35.692053,0 139.698045,35.692011,0 139.698046,35.691997,0 139.698049,35.691968,0 139.698051,35.691944,0 139.698053,35.691924,0 139.698072,35.691662,0 139.698074,35.691642,0 139.698083,35.691518,0 139.698091,35.691413,0 139.698029,35.691344,0 139.698031,35.691300,0 139.698033,35.691266,0 139.698041,35.691125,0 139.698046,35.691035,0 139.698085,35.691024,0 139.698113,35.691005,0 139.698126,35.690983,0 139.698131,35.690962,0 139.698174,35.690379,0 139.698182,35.690321,0 139.698197,35.690279,0 139.698249,35.690233,0 139.698265,35.690220,0 139.698478,35.690160,0 139.698482,35.690095,0 139.698530,35.690064,0 139.698539,35.690002,0 139.698558,35.689870,0 139.698578,35.689727,0 139.698600,35.689573,0 139.698621,35.689430,0 139.698631,35.689353,0 139.698668,35.689128,0 139.698704,35.688896,0 139.698743,35.688873,0 139.698749,35.688820,0 139.698762,35.688726,0</coordinates></LineString></Placemark>
<Placemark><name>d14·2 🚇 JR Chūō Line (rápida): Shinjuku → Tokyo</name><styleUrl>#lff225af15</styleUrl><description><![CDATA[JR Chūō Line (rápida) — sentido Tokyo (4 tramos)]]></description><LineString><tessellate>1</tessellate><coordinates>139.698762,35.688726,0 139.729482,35.686205,0 139.764244,35.700397,0 139.770698,35.694473,0 139.764615,35.677700,0</coordinates></LineString></Placemark>
<Placemark><name>d14·3 · traslado: Tokyo → Monte Fuji</name><styleUrl>#l80636f7a2</styleUrl><description><![CDATA[traslado del tour/plan (línea recta)]]></description><LineString><tessellate>1</tessellate><coordinates>139.764615,35.677700,0 138.730768,35.362838,0</coordinates></LineString></Placemark>
<Placemark><name>d14·4 · traslado: Monte Fuji → Teleférico de Hakone</name><styleUrl>#l80636f7a2</styleUrl><description><![CDATA[traslado del tour/plan (línea recta)]]></description><LineString><tessellate>1</tessellate><coordinates>138.730768,35.362838,0 139.005961,35.244522,0</coordinates></LineString></Placemark>
<Placemark><name>d14·5 🚶 Teleférico de Hakone → Ōwakudani</name><styleUrl>#lb8636f7a3</styleUrl><description><![CDATA[caminando]]></description><LineString><tessellate>1</tessellate><coordinates>139.005815,35.244572,0 139.005815,35.244572,0 139.005856,35.244685,0 139.005893,35.244775,0 139.005719,35.244826,0 139.005416,35.244768,0 139.005055,35.245043,0 139.004733,35.245229,0 139.004147,35.245351,0 139.003608,35.245704,0 139.003617,35.245826,0 139.003725,35.246498,0 139.003769,35.246699,0 139.003815,35.246969,0 139.003930,35.246917,0 139.004076,35.246849,0 139.004151,35.246814,0 139.004524,35.246641,0 139.004634,35.246610,0 139.004829,35.247758,0 139.004856,35.247931,0 139.004924,35.247947,0 139.005555,35.247924,0 139.005562,35.247930,0 139.006008,35.247913,0 139.006481,35.247885,0 139.006817,35.247868,0 139.006920,35.247857,0 139.007243,35.247834,0 139.007456,35.247817,0 139.007867,35.247761,0 139.008189,35.247705,0 139.008272,35.247699,0 139.008526,35.247654,0 139.008828,35.247575,0 139.008926,35.247560,0 139.009524,35.247416,0 139.010277,35.247202,0 139.010449,35.247383,0 139.010579,35.247627,0 139.010686,35.247884,0 139.010831,35.248205,0 139.010917,35.248402,0 139.010947,35.248572,0 139.010948,35.248775,0 139.010884,35.249006,0 139.010650,35.249640,0 139.010600,35.249849,0 139.010605,35.249952,0 139.010658,35.250054,0 139.010713,35.250101,0 139.010784,35.250130,0 139.010909,35.250119,0 139.011002,35.250089,0 139.011538,35.249651,0 139.012667,35.250589,0 139.012841,35.250731,0 139.012953,35.250801,0 139.013040,35.250841,0 139.013133,35.250867,0 139.013296,35.250879,0 139.013416,35.250865,0 139.013527,35.250832,0 139.013650,35.250783,0 139.013756,35.250704,0 139.013891,35.250566,0 139.014018,35.250432,0 139.014186,35.250271,0 139.014387,35.250136,0 139.014579,35.250032,0 139.014775,35.249957,0 139.014955,35.249858,0 139.015133,35.249770,0 139.015252,35.249753,0 139.015381,35.249764,0 139.015555,35.249811,0 139.015753,35.249928,0 139.016011,35.250076,0 139.016227,35.250188,0 139.016447,35.250225,0 139.016633,35.250213,0 139.016772,35.250170,0 139.017005,35.250056,0 139.017250,35.249917,0 139.018266,35.249285,0 139.018420,35.249210,0 139.018548,35.249190,0 139.018780,35.249205,0 139.019624,35.249283,0 139.019775,35.249269,0 139.019903,35.249217,0 139.020033,35.249149,0 139.020148,35.249077,0 139.020324,35.249040,0 139.020397,35.249047,0 139.020488,35.249074,0 139.020543,35.249107,0 139.020586,35.249146,0 139.020615,35.249201,0 139.020624,35.249253,0 139.020636,35.249297,0 139.020669,35.249516,0 139.020676,35.249578,0 139.020700,35.249654,0 139.020738,35.249834,0 139.020816,35.249980,0 139.020899,35.250076,0 139.021087,35.250287,0 139.021181,35.250454,0 139.021279,35.250682,0 139.021389,35.250967,0 139.021468,35.251094,0 139.021565,35.251192,0 139.022418,35.251697,0 139.022493,35.251742,0 139.022604,35.251783,0 139.022728,35.251791,0 139.022845,35.251779,0 139.022952,35.251762,0 139.023059,35.251743,0 139.023218,35.251674,0 139.023414,35.251548,0 139.023581,35.251440,0 139.024116,35.251088,0 139.024323,35.250938,0 139.024481,35.250778,0 139.024571,35.250629,0 139.024621,35.250502,0 139.024697,35.250360,0 139.024774,35.250296,0 139.024900,35.250219,0 139.025103,35.250095,0 139.025200,35.250039,0 139.025267,35.250011,0 139.025408,35.249988,0 139.025588,35.249993,0 139.025757,35.250001,0 139.025847,35.249982,0 139.025857,35.249979,0 139.025905,35.249944,0 139.025958,35.249883,0 139.025973,35.249769,0 139.025966,35.249653,0 139.025945,35.249562,0 139.025897,35.249454,0 139.025827,35.249333,0 139.025790,35.249230,0 139.025815,35.249156,0 139.025870,35.249101,0 139.026021,35.248962,0</coordinates></LineString></Placemark>
<Placemark><name>d14·6 · traslado: Ōwakudani → Lago Ashi</name><styleUrl>#l80636f7a2</styleUrl><description><![CDATA[traslado del tour/plan (línea recta)]]></description><LineString><tessellate>1</tessellate><coordinates>139.024205,35.247406,0 139.001997,35.214483,0</coordinates></LineString></Placemark>
<Placemark><name>d14·7 🚶 Lago Ashi → Santuario de Hakone (Motomiya)</name><styleUrl>#lb8636f7a3</styleUrl><description><![CDATA[caminando]]></description><LineString><tessellate>1</tessellate><coordinates>139.004356,35.216702,0 139.004466,35.216624,0 139.004679,35.216485,0 139.004813,35.216427,0 139.004975,35.216354,0 139.005111,35.216287,0 139.005246,35.216208,0 139.005349,35.216155,0 139.005485,35.216105,0 139.005693,35.216032,0 139.006015,35.215923,0 139.006169,35.215876,0 139.006237,35.215862,0 139.006343,35.215848,0 139.006512,35.215782,0 139.006579,35.215732,0 139.006636,35.215672,0 139.006677,35.215622,0 139.006712,35.215565,0 139.006747,35.215492,0 139.006784,35.215373,0 139.006805,35.215297,0 139.006833,35.215183,0 139.006864,35.215093,0 139.006931,35.215001,0 139.006987,35.214950,0 139.007046,35.214891,0 139.007210,35.214771,0 139.007362,35.214670,0 139.007499,35.214584,0 139.007625,35.214521,0 139.007794,35.214451,0 139.007987,35.214368,0 139.008241,35.214272,0 139.008355,35.214220,0 139.008823,35.214010,0 139.008878,35.213980,0 139.009013,35.213915,0 139.010055,35.213456,0 139.010206,35.213365,0 139.010227,35.213353,0 139.010247,35.213340,0 139.010273,35.213324,0 139.010298,35.213307,0 139.010322,35.213289,0 139.010346,35.213271,0 139.010369,35.213252,0 139.010391,35.213233,0 139.010467,35.213166,0 139.010892,35.212798,0 139.011288,35.212442,0 139.011350,35.212331,0 139.011376,35.212249,0 139.011450,35.212013,0 139.011460,35.211944,0 139.011500,35.211692,0 139.011532,35.211545,0 139.011607,35.211363,0 139.011728,35.211102,0 139.011793,35.210978,0 139.011862,35.210843,0 139.012075,35.210614,0 139.012276,35.210355,0 139.012337,35.210275,0 139.012511,35.210088,0 139.012591,35.210025,0 139.012677,35.209971,0 139.013105,35.209789,0 139.013418,35.209646,0 139.013549,35.209569,0 139.013651,35.209504,0 139.013701,35.209454,0 139.013749,35.209390,0 139.013779,35.209326,0 139.013839,35.209145,0 139.013858,35.209102,0 139.013893,35.209060,0 139.013932,35.209031,0 139.013981,35.209009,0 139.014173,35.208964,0 139.014215,35.208949,0 139.014258,35.208927,0 139.014293,35.208888,0 139.014302,35.208849,0 139.014303,35.208809,0 139.014239,35.208647,0 139.014227,35.208596,0 139.014238,35.208549,0 139.014257,35.208506,0 139.014296,35.208473,0 139.014372,35.208416,0 139.014460,35.208369,0 139.014512,35.208351,0 139.014739,35.208304,0 139.014779,35.208292,0 139.014818,35.208276,0 139.014867,35.208246,0 139.014923,35.208202,0 139.015070,35.208062,0 139.015245,35.207883,0 139.015276,35.207856,0 139.015325,35.207829,0 139.015389,35.207804,0 139.015443,35.207793,0 139.015500,35.207785,0 139.015556,35.207788,0 139.015640,35.207801,0 139.015755,35.207827,0 139.015973,35.207865,0 139.016050,35.207874,0 139.016129,35.207875,0 139.016213,35.207870,0 139.016430,35.207835,0 139.016706,35.207778,0 139.016747,35.207761,0 139.016776,35.207745,0 139.016795,35.207726,0 139.016827,35.207681,0 139.016840,35.207651,0 139.016846,35.207620,0 139.016878,35.207495,0 139.016917,35.207294,0 139.016989,35.206997,0 139.017015,35.206924,0 139.017047,35.206861,0 139.017078,35.206805,0 139.017130,35.206739,0 139.017459,35.206390,0 139.017491,35.206348,0 139.017612,35.206115,0 139.017645,35.206061,0 139.017674,35.206023,0 139.017711,35.205987,0 139.017854,35.205874,0 139.017856,35.205760,0 139.017910,35.205664,0 139.018058,35.205535,0 139.018223,35.205429,0 139.018314,35.205359,0 139.018428,35.205259,0 139.018615,35.205119,0 139.018869,35.205048,0 139.018971,35.204979,0 139.019045,35.204932,0 139.019114,35.204911,0 139.019152,35.204863,0 139.019247,35.204776,0 139.019489,35.204659,0 139.019792,35.204580,0 139.020205,35.204516,0 139.020387,35.204428,0 139.020930,35.204166,0 139.021368,35.204094,0 139.021592,35.204101,0 139.021630,35.204089,0 139.021959,35.203989,0 139.022237,35.203860,0 139.022343,35.203855,0 139.022427,35.203857,0 139.022438,35.203745,0 139.022877,35.203406,0 139.023059,35.203329,0 139.023245,35.203271,0 139.023382,35.203246,0 139.023518,35.203234,0 139.023841,35.203227,0 139.023953,35.203205,0 139.024042,35.203189,0 139.024170,35.203147,0 139.024247,35.203131,0 139.024603,35.203131,0 139.024751,35.203098,0 139.024923,35.203094,0 139.025078,35.203086,0 139.025403,35.202991,0 139.025518,35.202967,0 139.025702,35.202937,0 139.025653,35.203182,0 139.025621,35.203339,0 139.025587,35.203506,0 139.025573,35.203578,0 139.025494,35.203966,0 139.025582,35.203978,0</coordinates></LineString></Placemark>
<Placemark><name>d14·8 · traslado: Santuario de Hakone (Motomiya) → Tokyo</name><styleUrl>#l80636f7a2</styleUrl><description><![CDATA[conexión (esquemática)]]></description><LineString><tessellate>1</tessellate><coordinates>139.025583,35.203973,0 139.764615,35.677700,0</coordinates></LineString></Placemark>
<Placemark><name>d14·9 🚇 JR Chūō Line (rápida): Tokyo → Shinjuku</name><styleUrl>#lff225af15</styleUrl><description><![CDATA[JR Chūō Line (rápida) — sentido Nakano / Takao (4 tramos)]]></description><LineString><tessellate>1</tessellate><coordinates>139.764615,35.677700,0 139.770698,35.694473,0 139.764244,35.700397,0 139.729482,35.686205,0 139.698762,35.688726,0</coordinates></LineString></Placemark>
<Placemark><name>d14·10 🚶/🚇 Shinjuku → hotel</name><styleUrl>#l80636f7a2</styleUrl><description><![CDATA[regreso (esquemático)]]></description><LineString><tessellate>1</tessellate><coordinates>139.698762,35.688726,0 139.693100,35.694400,0</coordinates></LineString></Placemark>
</Folder>
<Folder><name>jue 15 · Shibuya</name>
<Placemark><name>d15·1 🚶 Hotel → Shinjuku</name><styleUrl>#lb8636f7a3</styleUrl><description><![CDATA[caminando]]></description><LineString><tessellate>1</tessellate><coordinates>139.693103,35.694399,0 139.693088,35.694372,0 139.693148,35.694243,0 139.693106,35.694173,0 139.693304,35.694117,0 139.693933,35.693938,0 139.693981,35.693923,0 139.694024,35.693910,0 139.694312,35.693827,0 139.694374,35.693809,0 139.694530,35.693766,0 139.694785,35.693696,0 139.694833,35.693653,0 139.694923,35.693625,0 139.695025,35.693590,0 139.695080,35.693575,0 139.695119,35.693563,0 139.695203,35.693584,0 139.695291,35.693558,0 139.695829,35.693402,0 139.696024,35.693345,0 139.696645,35.693165,0 139.696742,35.693136,0 139.696805,35.693112,0 139.696810,35.693109,0 139.696850,35.693074,0 139.696854,35.693071,0 139.696857,35.693013,0 139.696858,35.693007,0 139.696868,35.693004,0 139.697119,35.692981,0 139.697162,35.692900,0 139.697167,35.692896,0 139.697183,35.692881,0 139.697147,35.692869,0 139.697150,35.692864,0 139.697158,35.692850,0 139.697239,35.692870,0 139.697434,35.692718,0 139.697851,35.692378,0 139.697992,35.692258,0 139.698007,35.692215,0 139.698013,35.692182,0 139.698016,35.692171,0 139.698021,35.692144,0 139.698037,35.692120,0 139.698042,35.692053,0 139.698045,35.692011,0 139.698046,35.691997,0 139.698049,35.691968,0 139.698051,35.691944,0 139.698053,35.691924,0 139.698072,35.691662,0 139.698074,35.691642,0 139.698083,35.691518,0 139.698091,35.691413,0 139.698029,35.691344,0 139.698031,35.691300,0 139.698033,35.691266,0 139.698041,35.691125,0 139.698046,35.691035,0 139.698085,35.691024,0 139.698113,35.691005,0 139.698126,35.690983,0 139.698131,35.690962,0 139.698174,35.690379,0 139.698182,35.690321,0 139.698197,35.690279,0 139.698249,35.690233,0 139.698265,35.690220,0 139.698478,35.690160,0 139.698482,35.690095,0 139.698530,35.690064,0 139.698539,35.690002,0 139.698558,35.689870,0 139.698578,35.689727,0 139.698600,35.689573,0 139.698621,35.689430,0 139.698631,35.689353,0 139.698668,35.689128,0 139.698704,35.688896,0 139.698743,35.688873,0 139.698749,35.688820,0 139.698762,35.688726,0</coordinates></LineString></Placemark>
<Placemark><name>d15·2 🚇 JR Yamanote Line: Shinjuku → Harajuku</name><styleUrl>#lff32cd9a5</styleUrl><description><![CDATA[JR Yamanote Line — sentido uchi-mawari, vía Shibuya (2 tramos)]]></description><LineString><tessellate>1</tessellate><coordinates>139.698762,35.688726,0 139.702070,35.683015,0 139.702414,35.670502,0</coordinates></LineString></Placemark>
<Placemark><name>d15·3 🚶 Harajuku → Santuario Meiji</name><styleUrl>#lb8636f7a3</styleUrl><description><![CDATA[caminando]]></description><LineString><tessellate>1</tessellate><coordinates>139.702413,35.670502,0 139.702368,35.670200,0 139.702433,35.670168,0 139.702480,35.670146,0 139.702540,35.670116,0 139.702717,35.670100,0 139.702777,35.670095,0 139.702789,35.670176,0 139.702803,35.670298,0 139.702803,35.670348,0 139.702803,35.670384,0 139.702802,35.670453,0 139.702763,35.670723,0 139.702759,35.670788,0 139.702765,35.670829,0 139.702780,35.670952,0 139.702836,35.671210,0 139.702907,35.671483,0 139.702938,35.671533,0 139.702965,35.671642,0 139.702979,35.671701,0 139.702993,35.671757,0 139.702990,35.671796,0 139.703029,35.671930,0 139.703071,35.672043,0 139.703301,35.672478,0 139.703441,35.672874,0 139.703475,35.672885,0 139.703521,35.672897,0 139.703591,35.672916,0 139.703613,35.672922,0 139.703617,35.672919,0 139.703630,35.672914,0 139.703650,35.672915,0 139.704453,35.673170,0 139.704631,35.673255,0 139.705506,35.673893,0 139.705598,35.673964,0 139.706217,35.674385,0 139.706827,35.674634,0 139.706840,35.674661,0 139.706860,35.674700,0 139.706942,35.674721,0 139.707036,35.674746,0 139.707111,35.674766,0 139.707159,35.674748,0 139.707182,35.674752,0 139.708521,35.674992,0 139.708656,35.675017,0 139.709031,35.675064,0 139.709079,35.675072,0 139.709615,35.675165,0 139.709735,35.675188,0 139.710424,35.675315,0 139.710470,35.675329,0 139.710509,35.675373,0 139.710546,35.675380,0 139.710583,35.675386,0 139.710621,35.675357,0 139.710656,35.675354,0 139.710738,35.675365,0 139.711220,35.675452,0 139.711919,35.675574,0 139.712506,35.675692,0 139.712576,35.675747,0 139.712633,35.675756,0 139.712718,35.675769,0 139.712790,35.675779,0 139.712801,35.675770,0 139.712838,35.675752,0 139.712868,35.675752,0 139.712897,35.675752,0 139.713003,35.675765,0 139.713144,35.675781,0 139.713476,35.675783,0 139.713611,35.675770,0 139.713721,35.675759,0 139.714485,35.675674,0 139.714624,35.675654,0 139.715086,35.675618,0 139.715129,35.675615,0 139.715150,35.675633,0 139.715155,35.675658,0 139.715234,35.675654,0 139.715300,35.675648,0 139.715343,35.675919,0 139.715439,35.676420,0 139.715468,35.676480,0 139.715591,35.676555,0 139.715770,35.676642,0 139.715845,35.676657,0 139.716117,35.676650,0 139.716307,35.676620,0 139.716492,35.676581,0 139.716635,35.676541,0 139.716844,35.676466,0 139.717002,35.676380,0 139.717126,35.676302,0 139.717219,35.676233,0 139.717318,35.676136,0 139.717378,35.676041,0 139.717420,35.675974,0 139.717480,35.675835,0 139.717581,35.675663,0 139.717685,35.675512,0 139.717834,35.675375,0 139.717975,35.675250,0 139.717975,35.675250,0</coordinates></LineString></Placemark>
<Placemark><name>d15·4 🚶 Santuario Meiji → Takeshita Street + Omotesandō</name><styleUrl>#lb8636f7a3</styleUrl><description><![CDATA[caminando]]></description><LineString><tessellate>1</tessellate><coordinates>139.717975,35.675250,0 139.717975,35.675250,0 139.717834,35.675375,0 139.717685,35.675512,0 139.717581,35.675663,0 139.717480,35.675835,0 139.717420,35.675974,0 139.717378,35.676041,0 139.717318,35.676136,0 139.717219,35.676233,0 139.717126,35.676302,0 139.717002,35.676380,0 139.716844,35.676466,0 139.716635,35.676541,0 139.716492,35.676581,0 139.716307,35.676620,0 139.716117,35.676650,0 139.715845,35.676657,0 139.715770,35.676642,0 139.715591,35.676555,0 139.715468,35.676480,0 139.715439,35.676420,0 139.715343,35.675919,0 139.715300,35.675648,0 139.715234,35.675654,0 139.715155,35.675658,0 139.715150,35.675633,0 139.715129,35.675615,0 139.715086,35.675618,0 139.714624,35.675654,0 139.714485,35.675674,0 139.713721,35.675759,0 139.713611,35.675770,0 139.713476,35.675783,0 139.713144,35.675781,0 139.713003,35.675765,0 139.712897,35.675752,0 139.712868,35.675752,0 139.712838,35.675752,0 139.712801,35.675770,0 139.712790,35.675779,0 139.712718,35.675769,0 139.712633,35.675756,0 139.712576,35.675747,0 139.712506,35.675692,0 139.711919,35.675574,0 139.711220,35.675452,0 139.710738,35.675365,0 139.710764,35.675282,0 139.710774,35.675232,0 139.710729,35.675216,0 139.710714,35.675181,0 139.710660,35.675161,0 139.710619,35.675141,0 139.710581,35.675174,0 139.710548,35.675172,0 139.710473,35.675159,0 139.709804,35.675045,0 139.709212,35.674947,0 139.709152,35.674937,0 139.708869,35.674889,0 139.708481,35.674820,0 139.707379,35.674622,0 139.707313,35.674565,0 139.707268,35.674542,0 139.707191,35.674521,0 139.707107,35.674499,0 139.707008,35.674472,0 139.706958,35.674488,0 139.706780,35.674445,0 139.706288,35.674236,0 139.705810,35.673931,0 139.705750,35.673878,0 139.705632,35.673798,0 139.704822,35.673194,0 139.704725,35.673130,0 139.704539,35.673031,0 139.704414,35.672989,0 139.703981,35.672845,0 139.703690,35.672755,0 139.703654,35.672744,0 139.703616,35.672729,0 139.703589,35.672714,0 139.703567,35.672693,0 139.703552,35.672666,0 139.703465,35.672431,0 139.703364,35.672223,0 139.703243,35.672013,0 139.703163,35.671840,0 139.703122,35.671679,0 139.703116,35.671658,0 139.703127,35.671621,0 139.703117,35.671584,0 139.703018,35.671605,0</coordinates></LineString></Placemark>
<Placemark><name>d15·5 🚇 JR Yamanote Line: Harajuku → Shibuya</name><styleUrl>#lff32cd9a5</styleUrl><description><![CDATA[JR Yamanote Line — sentido uchi-mawari (1 tramos)]]></description><LineString><tessellate>1</tessellate><coordinates>139.702414,35.670502,0 139.702497,35.659011,0</coordinates></LineString></Placemark>
<Placemark><name>d15·6 🚶 Shibuya → Cruce de Shibuya</name><styleUrl>#lb8636f7a3</styleUrl><description><![CDATA[caminando]]></description><LineString><tessellate>1</tessellate><coordinates>139.702508,35.659013,0 139.702519,35.658980,0 139.702575,35.658855,0 139.702529,35.658837,0 139.702576,35.658748,0 139.702636,35.658635,0 139.702759,35.658680,0 139.702828,35.658534,0 139.702864,35.658520,0 139.702852,35.658547,0 139.702842,35.658571,0 139.702834,35.658588,0 139.702536,35.658380,0 139.702516,35.658423,0 139.702503,35.658451,0 139.702368,35.658727,0 139.702301,35.658706,0 139.702217,35.658679,0 139.702207,35.658701,0 139.702060,35.658656,0 139.702034,35.658713,0 139.701810,35.659265,0 139.701559,35.659315,0 139.701486,35.659307,0 139.701237,35.659286,0 139.701190,35.659281,0 139.701196,35.659242,0 139.701121,35.659234,0 139.701023,35.659224,0 139.700976,35.659211,0 139.700736,35.659281,0 139.700664,35.659367,0 139.700656,35.659377,0 139.700572,35.659482,0</coordinates></LineString></Placemark>
<Placemark><name>d15·7 🚶 Cruce de Shibuya → Shibuya Sky</name><styleUrl>#lb8636f7a3</styleUrl><description><![CDATA[caminando]]></description><LineString><tessellate>1</tessellate><coordinates>139.700572,35.659482,0 139.700656,35.659377,0 139.700664,35.659367,0 139.700736,35.659281,0 139.700976,35.659211,0 139.701023,35.659224,0 139.701121,35.659234,0 139.701196,35.659242,0 139.701190,35.659281,0 139.701237,35.659286,0 139.701486,35.659307,0 139.701559,35.659315,0 139.701810,35.659265,0 139.702034,35.658713,0 139.702060,35.658656,0 139.702207,35.658701,0 139.702217,35.658679,0 139.702301,35.658706,0 139.702315,35.658680,0 139.702322,35.658666,0 139.702360,35.658593,0</coordinates></LineString></Placemark>
<Placemark><name>d15·8 🚶/🚇 Shibuya Sky → hotel</name><styleUrl>#l80636f7a2</styleUrl><description><![CDATA[regreso (esquemático)]]></description><LineString><tessellate>1</tessellate><coordinates>139.702350,35.658590,0 139.693100,35.694400,0</coordinates></LineString></Placemark>
</Folder>
<Folder><name>vie 16 · subgrupos</name>
<Placemark><name>d16·1 🚶 Hotel → Shinjuku</name><styleUrl>#lb8636f7a3</styleUrl><description><![CDATA[caminando]]></description><LineString><tessellate>1</tessellate><coordinates>139.693103,35.694399,0 139.693088,35.694372,0 139.693148,35.694243,0 139.693106,35.694173,0 139.693304,35.694117,0 139.693933,35.693938,0 139.693981,35.693923,0 139.694024,35.693910,0 139.694312,35.693827,0 139.694374,35.693809,0 139.694530,35.693766,0 139.694785,35.693696,0 139.694833,35.693653,0 139.694923,35.693625,0 139.695025,35.693590,0 139.695080,35.693575,0 139.695119,35.693563,0 139.695203,35.693584,0 139.695291,35.693558,0 139.695829,35.693402,0 139.696024,35.693345,0 139.696645,35.693165,0 139.696742,35.693136,0 139.696805,35.693112,0 139.696810,35.693109,0 139.696850,35.693074,0 139.696854,35.693071,0 139.696857,35.693013,0 139.696858,35.693007,0 139.696868,35.693004,0 139.697119,35.692981,0 139.697162,35.692900,0 139.697167,35.692896,0 139.697183,35.692881,0 139.697147,35.692869,0 139.697150,35.692864,0 139.697158,35.692850,0 139.697239,35.692870,0 139.697434,35.692718,0 139.697851,35.692378,0 139.697992,35.692258,0 139.698007,35.692215,0 139.698013,35.692182,0 139.698016,35.692171,0 139.698021,35.692144,0 139.698037,35.692120,0 139.698042,35.692053,0 139.698045,35.692011,0 139.698046,35.691997,0 139.698049,35.691968,0 139.698051,35.691944,0 139.698053,35.691924,0 139.698072,35.691662,0 139.698074,35.691642,0 139.698083,35.691518,0 139.698091,35.691413,0 139.698029,35.691344,0 139.698031,35.691300,0 139.698033,35.691266,0 139.698041,35.691125,0 139.698046,35.691035,0 139.698085,35.691024,0 139.698113,35.691005,0 139.698126,35.690983,0 139.698131,35.690962,0 139.698174,35.690379,0 139.698182,35.690321,0 139.698197,35.690279,0 139.698249,35.690233,0 139.698265,35.690220,0 139.698478,35.690160,0 139.698482,35.690095,0 139.698530,35.690064,0 139.698539,35.690002,0 139.698558,35.689870,0 139.698578,35.689727,0 139.698600,35.689573,0 139.698621,35.689430,0 139.698631,35.689353,0 139.698668,35.689128,0 139.698704,35.688896,0 139.698743,35.688873,0 139.698749,35.688820,0 139.698762,35.688726,0</coordinates></LineString></Placemark>
<Placemark><name>d16·2 🚇 JR Shōnan-Shinjuku Line: Shinjuku → Kamakura</name><styleUrl>#lff301be25</styleUrl><description><![CDATA[JR Shōnan-Shinjuku Line — sentido Zushi (12 tramos)]]></description><LineString><tessellate>1</tessellate><coordinates>139.698762,35.688726,0 139.702497,35.659011,0 139.707823,35.646245,0 139.729254,35.619464,0 139.721995,35.601780,0 139.703567,35.619905,0 139.742672,35.628527,0 139.599702,35.446689,0 139.841711,35.695362,0 139.694456,35.716965,0 139.848863,35.689501,0 139.613075,35.743422,0 139.879813,35.747402,0</coordinates></LineString></Placemark>
<Placemark><name>d16·3 🚇 Enoden: Kamakura → Hase</name><styleUrl>#lff0388005</styleUrl><description><![CDATA[Enoden — sentido Fujisawa (3 tramos)]]></description><LineString><tessellate>1</tessellate><coordinates>139.879813,35.747402,0 139.658682,35.690598,0 139.788577,35.640881,0 139.831958,35.667576,0</coordinates></LineString></Placemark>
<Placemark><name>d16·4 🚇 Yurikamome: Shimbashi → Shin-Toyosu</name><styleUrl>#lff9c46295</styleUrl><description><![CDATA[Yurikamome — sentido Toyosu (14 tramos)]]></description><LineString><tessellate>1</tessellate><coordinates>139.759614,35.667144,0 139.760272,35.663238,0 139.761907,35.653974,0 139.759100,35.649189,0 139.757772,35.641738,0 139.778178,35.629740,0 139.772453,35.626388,0 139.773081,35.621401,0 139.778704,35.618158,0 139.781300,35.624754,0 139.791370,35.630197,0 139.796789,35.641511,0 139.788792,35.640103,0 139.785799,35.645771,0 139.789614,35.648518,0</coordinates></LineString></Placemark>
<Placemark><name>d16·5 🚶 Akihabara → Akihabara</name><styleUrl>#lb8636f7a3</styleUrl><description><![CDATA[caminando]]></description><LineString><tessellate>1</tessellate><coordinates>139.774420,35.701895,0 139.774427,35.701754,0 139.774513,35.701748,0 139.774519,35.701712,0 139.774554,35.701676,0 139.774570,35.701614,0 139.774587,35.701546,0 139.774551,35.701498,0 139.774580,35.701192,0 139.774615,35.700813,0 139.774614,35.700759,0 139.774611,35.700746,0 139.774585,35.700534,0 139.774580,35.700491,0 139.774572,35.700438,0 139.774550,35.700247,0 139.774519,35.700008,0 139.774482,35.699712,0 139.774454,35.699527,0 139.774503,35.699482,0 139.775267,35.699437,0 139.775265,35.699374,0 139.775264,35.699327,0 139.775307,35.699303,0 139.775307,35.699279,0 139.775299,35.698538,0 139.775323,35.698538,0 139.775322,35.698457,0 139.775320,35.698338,0 139.775507,35.698336,0 139.775507,35.698359,0 139.775506,35.698451,0 139.775438,35.698451,0 139.775438,35.698354,0 139.775448,35.698354,0 139.775452,35.697919,0</coordinates></LineString></Placemark>
<Placemark><name>d16·6 🚇 JR Chūō Line (rápida): Akihabara → Shinjuku</name><styleUrl>#lff225af15</styleUrl><description><![CDATA[JR Chūō Line (rápida) — sentido Nakano / Mitaka, el local amarillo (9 tramos)]]></description><LineString><tessellate>1</tessellate><coordinates>139.775451,35.697919,0 139.764244,35.700397,0 139.752207,35.702133,0 139.747482,35.701033,0 139.736818,35.691392,0 139.729482,35.686205,0 139.720495,35.680024,0 139.711118,35.681083,0 139.702070,35.683015,0 139.698762,35.688726,0</coordinates></LineString></Placemark>
</Folder>
<Folder><name>sáb 17 · Tsukiji</name>
<Placemark><name>d17·1 🚶 Hotel → Shinjuku</name><styleUrl>#lb8636f7a3</styleUrl><description><![CDATA[caminando]]></description><LineString><tessellate>1</tessellate><coordinates>139.693103,35.694399,0 139.693088,35.694372,0 139.693148,35.694243,0 139.693106,35.694173,0 139.693304,35.694117,0 139.693933,35.693938,0 139.693981,35.693923,0 139.694024,35.693910,0 139.694312,35.693827,0 139.694374,35.693809,0 139.694530,35.693766,0 139.694785,35.693696,0 139.694833,35.693653,0 139.694923,35.693625,0 139.695025,35.693590,0 139.695080,35.693575,0 139.695119,35.693563,0 139.695203,35.693584,0 139.695291,35.693558,0 139.695829,35.693402,0 139.696024,35.693345,0 139.696645,35.693165,0 139.696742,35.693136,0 139.696805,35.693112,0 139.696810,35.693109,0 139.696850,35.693074,0 139.696854,35.693071,0 139.696857,35.693013,0 139.696858,35.693007,0 139.696868,35.693004,0 139.697119,35.692981,0 139.697162,35.692900,0 139.697167,35.692896,0 139.697183,35.692881,0 139.697147,35.692869,0 139.697150,35.692864,0 139.697158,35.692850,0 139.697239,35.692870,0 139.697434,35.692718,0 139.697851,35.692378,0 139.697992,35.692258,0 139.698007,35.692215,0 139.698013,35.692182,0 139.698016,35.692171,0 139.698021,35.692144,0 139.698037,35.692120,0 139.698042,35.692053,0 139.698045,35.692011,0 139.698046,35.691997,0 139.698049,35.691968,0 139.698051,35.691944,0 139.698053,35.691924,0 139.698072,35.691662,0 139.698074,35.691642,0 139.698083,35.691518,0 139.698091,35.691413,0 139.698029,35.691344,0 139.698031,35.691300,0 139.698033,35.691266,0 139.698041,35.691125,0 139.698046,35.691035,0 139.698085,35.691024,0 139.698113,35.691005,0 139.698126,35.690983,0 139.698131,35.690962,0 139.698174,35.690379,0 139.698182,35.690321,0 139.698197,35.690279,0 139.698249,35.690233,0 139.698265,35.690220,0 139.698478,35.690160,0 139.698482,35.690095,0 139.698530,35.690064,0 139.698539,35.690002,0 139.698558,35.689870,0 139.698578,35.689727,0 139.698600,35.689573,0 139.698621,35.689430,0 139.698631,35.689353,0 139.698668,35.689128,0 139.698704,35.688896,0 139.698743,35.688873,0 139.698749,35.688820,0 139.698762,35.688726,0</coordinates></LineString></Placemark>
<Placemark><name>d17·2 🚇 Metro Marunouchi Line: Shinjuku → Ginza</name><styleUrl>#lff1200e65</styleUrl><description><![CDATA[Metro Marunouchi Line — sentido Ikebukuro (8 tramos)]]></description><LineString><tessellate>1</tessellate><coordinates>139.698762,35.688726,0 139.705768,35.692525,0 139.710508,35.688790,0 139.720172,35.687747,0 139.729482,35.686205,0 139.736872,35.677076,0 139.743426,35.673689,0 139.751057,35.673854,0 139.764050,35.671850,0</coordinates></LineString></Placemark>
<Placemark><name>d17·3 🚇 Metro Hibiya Line: Ginza → Tsukiji</name><styleUrl>#lffb7ae9c5</styleUrl><description><![CDATA[Metro Hibiya Line — sentido Kita-Senju (2 tramos)]]></description><LineString><tessellate>1</tessellate><coordinates>139.764050,35.671850,0 139.768029,35.670913,0 139.772592,35.668085,0</coordinates></LineString></Placemark>
<Placemark><name>d17·4 🚶 Tsukiji → Tsukiji Outer Market</name><styleUrl>#lb8636f7a3</styleUrl><description><![CDATA[caminando]]></description><LineString><tessellate>1</tessellate><coordinates>139.772554,35.668109,0 139.772078,35.667613,0 139.771965,35.667703,0 139.771946,35.667718,0 139.771762,35.667585,0 139.771711,35.667551,0 139.771699,35.667541,0 139.771671,35.667504,0 139.771576,35.667430,0 139.771771,35.667265,0 139.771674,35.667188,0 139.771688,35.667175,0 139.771570,35.667089,0 139.771064,35.666698,0 139.770975,35.666628,0 139.770922,35.666579,0 139.770908,35.666545,0 139.770908,35.666519,0 139.770918,35.666487,0 139.770860,35.666472,0 139.770828,35.666450,0 139.770727,35.666379,0 139.770656,35.666329,0 139.770625,35.666283,0 139.770597,35.666285,0 139.770570,35.666284,0 139.770541,35.666274,0 139.770511,35.666261,0 139.770482,35.666241,0 139.770339,35.666129,0 139.770318,35.666112,0 139.770525,35.665913,0 139.770850,35.665612,0 139.770515,35.665352,0</coordinates></LineString></Placemark>
<Placemark><name>d17·5 🚶 Tsukiji Outer Market → Ginza</name><styleUrl>#lb8636f7a3</styleUrl><description><![CDATA[caminando]]></description><LineString><tessellate>1</tessellate><coordinates>139.770515,35.665352,0 139.770850,35.665612,0 139.770525,35.665913,0 139.770318,35.666112,0 139.770339,35.666129,0 139.770482,35.666241,0 139.770511,35.666261,0 139.770541,35.666274,0 139.770570,35.666284,0 139.770541,35.666325,0 139.770508,35.666358,0 139.770425,35.666440,0 139.770388,35.666478,0 139.770355,35.666490,0 139.770382,35.666533,0 139.770382,35.666559,0 139.770374,35.666591,0 139.770343,35.666625,0 139.769666,35.667188,0 139.769642,35.667206,0 139.769607,35.667233,0 139.769573,35.667260,0 139.769545,35.667282,0 139.769523,35.667310,0 139.769464,35.667360,0 139.769163,35.667615,0 139.769134,35.667626,0 139.769112,35.667642,0 139.769084,35.667663,0 139.769071,35.667685,0 139.768692,35.667999,0 139.768670,35.668007,0 139.768618,35.668024,0 139.768593,35.668056,0 139.768566,35.668094,0 139.768540,35.668127,0 139.768253,35.668370,0 139.768243,35.668377,0 139.768207,35.668400,0 139.768152,35.668434,0 139.768117,35.668445,0 139.768116,35.668469,0 139.768104,35.668505,0 139.767734,35.668812,0 139.767714,35.668837,0 139.767693,35.668856,0 139.767664,35.668882,0 139.767640,35.668914,0 139.767432,35.669097,0 139.767412,35.669115,0 139.767382,35.669142,0 139.767189,35.669314,0 139.767155,35.669323,0 139.767129,35.669329,0 139.767071,35.669330,0 139.767037,35.669323,0 139.767015,35.669341,0 139.766993,35.669360,0 139.766817,35.669505,0 139.766761,35.669547,0 139.766739,35.669564,0 139.766753,35.669595,0 139.766753,35.669636,0 139.766749,35.669648,0 139.766739,35.669684,0 139.766556,35.669838,0 139.766550,35.669842,0 139.766512,35.669874,0 139.766484,35.669898,0 139.766448,35.669929,0 139.766361,35.670005,0 139.766055,35.670271,0 139.766023,35.670299,0 139.765973,35.670335,0 139.765930,35.670365,0 139.765908,35.670388,0 139.765902,35.670403,0 139.765513,35.670695,0 139.765503,35.670703,0 139.765480,35.670720,0 139.765454,35.670740,0 139.765435,35.670755,0 139.765212,35.670921,0 139.765222,35.670928,0 139.765210,35.670938,0 139.765175,35.670967,0 139.765285,35.671071,0 139.765113,35.671191,0 139.765037,35.671185,0 139.765017,35.671199,0 139.765015,35.671200,0 139.764941,35.671257,0 139.764786,35.671376,0 139.764825,35.671414,0 139.764843,35.671431,0 139.764865,35.671451,0 139.764904,35.671488,0 139.764866,35.671519,0 139.764866,35.671549,0 139.764775,35.671616,0 139.764761,35.671626,0 139.764907,35.671765,0</coordinates></LineString></Placemark>
<Placemark><name>d17·6 🚶 Ginza → Tsukiji</name><styleUrl>#lb8636f7a3</styleUrl><description><![CDATA[caminando]]></description><LineString><tessellate>1</tessellate><coordinates>139.764907,35.671765,0 139.765460,35.672292,0 139.765470,35.672285,0 139.765748,35.672092,0 139.765756,35.672050,0 139.765780,35.672032,0 139.765818,35.672003,0 139.765869,35.671966,0 139.765899,35.671943,0 139.765929,35.671921,0 139.765960,35.671947,0 139.766391,35.671646,0 139.766427,35.671616,0 139.766465,35.671590,0 139.766467,35.671552,0 139.766873,35.671291,0 139.766881,35.671274,0 139.766896,35.671265,0 139.766917,35.671251,0 139.766951,35.671229,0 139.766965,35.671221,0 139.766985,35.671218,0 139.767141,35.671116,0 139.767174,35.671094,0 139.767211,35.671071,0 139.767446,35.670922,0 139.767459,35.670908,0 139.767457,35.670892,0 139.767481,35.670875,0 139.767501,35.670862,0 139.767527,35.670844,0 139.767553,35.670824,0 139.767565,35.670825,0 139.767592,35.670815,0 139.767751,35.670713,0 139.767764,35.670694,0 139.767767,35.670689,0 139.767766,35.670663,0 139.767706,35.670597,0 139.767725,35.670586,0 139.767775,35.670556,0 139.767980,35.670436,0 139.768025,35.670406,0 139.768043,35.670395,0 139.768061,35.670416,0 139.768088,35.670426,0 139.768124,35.670426,0 139.768144,35.670419,0 139.768812,35.669928,0 139.768857,35.669894,0 139.768867,35.669862,0 139.768891,35.669850,0 139.768921,35.669829,0 139.768945,35.669812,0 139.768961,35.669800,0 139.768989,35.669797,0 139.769172,35.669665,0 139.769198,35.669646,0 139.769232,35.669623,0 139.769396,35.669507,0 139.769407,35.669482,0 139.769414,35.669467,0 139.769443,35.669460,0 139.769466,35.669442,0 139.769487,35.669427,0 139.769526,35.669399,0 139.769806,35.669199,0 139.769828,35.669183,0 139.769853,35.669161,0 139.769882,35.669138,0 139.769911,35.669107,0 139.769945,35.669107,0 139.770832,35.668476,0 139.770848,35.668454,0 139.770839,35.668426,0 139.770899,35.668378,0 139.770962,35.668328,0 139.770976,35.668339,0 139.771005,35.668344,0 139.771036,35.668339,0 139.771866,35.667758,0 139.771881,35.667736,0 139.771881,35.667692,0 139.771863,35.667676,0 139.771711,35.667578,0 139.771711,35.667551,0 139.771762,35.667585,0 139.771946,35.667718,0 139.771965,35.667703,0 139.772078,35.667613,0 139.772554,35.668109,0</coordinates></LineString></Placemark>
<Placemark><name>d17·7 🚇 Metro Hibiya Line: Tsukiji → Kamiyachō</name><styleUrl>#lffb7ae9c5</styleUrl><description><![CDATA[Metro Hibiya Line — sentido Naka-Meguro (6 tramos)]]></description><LineString><tessellate>1</tessellate><coordinates>139.772592,35.668085,0 139.768029,35.670913,0 139.764050,35.671850,0 139.761069,35.674108,0 139.751057,35.673854,0 139.747765,35.667469,0 139.745048,35.662964,0</coordinates></LineString></Placemark>
<Placemark><name>d17·8 🚶 Kamiyachō → Torre de Tokio</name><styleUrl>#lb8636f7a3</styleUrl><description><![CDATA[caminando]]></description><LineString><tessellate>1</tessellate><coordinates>139.745008,35.662989,0 139.744901,35.662877,0 139.744845,35.662912,0 139.744829,35.662895,0 139.744572,35.662622,0 139.744381,35.662418,0 139.744342,35.662386,0 139.744311,35.662362,0 139.744116,35.662145,0 139.744187,35.662106,0 139.744284,35.662052,0 139.744352,35.662014,0 139.744346,35.661984,0 139.744275,35.661894,0 139.744209,35.661810,0 139.744085,35.661662,0 139.743999,35.661577,0 139.743766,35.661269,0 139.743701,35.661178,0 139.743686,35.661153,0 139.743504,35.660900,0 139.743478,35.660854,0 139.743463,35.660827,0 139.743354,35.660648,0 139.743294,35.660522,0 139.743192,35.660264,0 139.743161,35.660165,0 139.743153,35.660132,0 139.743141,35.660085,0 139.743136,35.660058,0 139.743136,35.660038,0 139.743141,35.660019,0 139.743170,35.659991,0 139.743187,35.659983,0 139.743200,35.659977,0 139.743252,35.659959,0 139.743904,35.659857,0 139.744101,35.659820,0 139.744276,35.659807,0 139.744315,35.659786,0 139.744346,35.659766,0 139.744380,35.659697,0 139.744352,35.659653,0 139.744318,35.659601,0 139.744587,35.659486,0 139.744975,35.659314,0 139.744934,35.659199,0 139.744716,35.658772,0 139.744720,35.658743,0 139.744851,35.658620,0 139.744884,35.658582,0 139.744990,35.658441,0 139.745071,35.658349,0 139.745224,35.658248,0 139.745265,35.658217,0</coordinates></LineString></Placemark>
<Placemark><name>d17·9 🚶 Torre de Tokio → Zōjō-ji</name><styleUrl>#lb8636f7a3</styleUrl><description><![CDATA[caminando]]></description><LineString><tessellate>1</tessellate><coordinates>139.745265,35.658217,0 139.745468,35.658060,0 139.745687,35.657939,0 139.745669,35.658001,0 139.745676,35.658041,0 139.745884,35.658250,0 139.745987,35.658338,0 139.746095,35.658467,0 139.746126,35.658546,0 139.746248,35.658654,0 139.746312,35.658623,0 139.746392,35.658587,0 139.746868,35.658417,0 139.746889,35.658362,0 139.746917,35.658344,0 139.746963,35.658340,0 139.747071,35.658327,0 139.747139,35.658316,0 139.747122,35.658211,0 139.747132,35.658193,0 139.747136,35.658186,0 139.747142,35.658175,0 139.747140,35.658155,0 139.747139,35.658139,0 139.747136,35.658110,0 139.747290,35.658120,0 139.747674,35.658143,0 139.748596,35.658017,0 139.748814,35.657987,0 139.748812,35.657978,0 139.748811,35.657975,0 139.748782,35.657979,0 139.748771,35.657958,0 139.748745,35.657889,0 139.748671,35.657890,0 139.748604,35.657892,0 139.748544,35.657945,0 139.748537,35.657940,0 139.748521,35.657931,0 139.748497,35.657735,0 139.748853,35.657699,0 139.748831,35.657551,0 139.748618,35.657571,0 139.748605,35.657472,0 139.748729,35.657460,0 139.748705,35.657297,0 139.748583,35.657308,0 139.748575,35.657255,0</coordinates></LineString></Placemark>
<Placemark><name>d17·10 🚶 Zōjō-ji → Kamiyachō</name><styleUrl>#lb8636f7a3</styleUrl><description><![CDATA[caminando]]></description><LineString><tessellate>1</tessellate><coordinates>139.748575,35.657255,0 139.748583,35.657308,0 139.748705,35.657297,0 139.748729,35.657460,0 139.748605,35.657472,0 139.748618,35.657571,0 139.748831,35.657551,0 139.748853,35.657699,0 139.748497,35.657735,0 139.748521,35.657931,0 139.748537,35.657940,0 139.748544,35.657945,0 139.748604,35.657892,0 139.748671,35.657890,0 139.748745,35.657889,0 139.748771,35.657958,0 139.748782,35.657979,0 139.748811,35.657975,0 139.748812,35.657978,0 139.748814,35.657987,0 139.748596,35.658017,0 139.747674,35.658143,0 139.747290,35.658120,0 139.747136,35.658110,0 139.747139,35.658139,0 139.747140,35.658155,0 139.747142,35.658175,0 139.747136,35.658186,0 139.747132,35.658193,0 139.747122,35.658211,0 139.747139,35.658316,0 139.747071,35.658327,0 139.746963,35.658340,0 139.746917,35.658344,0 139.746889,35.658362,0 139.746868,35.658417,0 139.746879,35.658483,0 139.746891,35.658539,0 139.746706,35.658601,0 139.746411,35.658716,0 139.745906,35.658957,0 139.745796,35.659016,0 139.745341,35.659261,0 139.744380,35.659697,0 139.744346,35.659766,0 139.744315,35.659786,0 139.744276,35.659807,0 139.744101,35.659820,0 139.743904,35.659857,0 139.743252,35.659959,0 139.743200,35.659977,0 139.743187,35.659983,0 139.743170,35.659991,0 139.743141,35.660019,0 139.743136,35.660038,0 139.743136,35.660058,0 139.743141,35.660085,0 139.743153,35.660132,0 139.743161,35.660165,0 139.743192,35.660264,0 139.743294,35.660522,0 139.743354,35.660648,0 139.743463,35.660827,0 139.743478,35.660854,0 139.743504,35.660900,0 139.743686,35.661153,0 139.743701,35.661178,0 139.743766,35.661269,0 139.743999,35.661577,0 139.744085,35.661662,0 139.744209,35.661810,0 139.744275,35.661894,0 139.744346,35.661984,0 139.744352,35.662014,0 139.744284,35.662052,0 139.744187,35.662106,0 139.744116,35.662145,0 139.744311,35.662362,0 139.744342,35.662386,0 139.744381,35.662418,0 139.744572,35.662622,0 139.744829,35.662895,0 139.744845,35.662912,0 139.744901,35.662877,0 139.745008,35.662989,0</coordinates></LineString></Placemark>
<Placemark><name>d17·11 🚇 Metro Hibiya Line: Kamiyachō → Ginza</name><styleUrl>#lffb7ae9c5</styleUrl><description><![CDATA[Metro Hibiya Line — sentido Kita-Senju (4 tramos)]]></description><LineString><tessellate>1</tessellate><coordinates>139.745048,35.662964,0 139.747765,35.667469,0 139.751057,35.673854,0 139.761069,35.674108,0 139.764050,35.671850,0</coordinates></LineString></Placemark>
<Placemark><name>d17·12 🚶/🚇 Ginza → hotel</name><styleUrl>#l80636f7a2</styleUrl><description><![CDATA[regreso (esquemático)]]></description><LineString><tessellate>1</tessellate><coordinates>139.765000,35.671700,0 139.693100,35.694400,0</coordinates></LineString></Placemark>
</Folder>
<Folder><name>dom 18 · regreso</name>
<Placemark><name>d18·1 🚶 Hotel → Busta Shinjuku</name><styleUrl>#lb8636f7a3</styleUrl><description><![CDATA[caminando]]></description><LineString><tessellate>1</tessellate><coordinates>139.693103,35.694399,0 139.693088,35.694372,0 139.693148,35.694243,0 139.693106,35.694173,0 139.693304,35.694117,0 139.693933,35.693938,0 139.693981,35.693923,0 139.694024,35.693910,0 139.694312,35.693827,0 139.694374,35.693809,0 139.694530,35.693766,0 139.694785,35.693696,0 139.694833,35.693653,0 139.694923,35.693625,0 139.695025,35.693590,0 139.695080,35.693575,0 139.695119,35.693563,0 139.695203,35.693584,0 139.695291,35.693558,0 139.695829,35.693402,0 139.696024,35.693345,0 139.696645,35.693165,0 139.696742,35.693136,0 139.696805,35.693112,0 139.696810,35.693109,0 139.696850,35.693074,0 139.696854,35.693071,0 139.696857,35.693013,0 139.696858,35.693007,0 139.696868,35.693004,0 139.697119,35.692981,0 139.697162,35.692900,0 139.697167,35.692896,0 139.697183,35.692881,0 139.697147,35.692869,0 139.697150,35.692864,0 139.697158,35.692850,0 139.697239,35.692870,0 139.697434,35.692718,0 139.697851,35.692378,0 139.697992,35.692258,0 139.698007,35.692215,0 139.698013,35.692182,0 139.698016,35.692171,0 139.698021,35.692144,0 139.698037,35.692120,0 139.698042,35.692053,0 139.698045,35.692011,0 139.698046,35.691997,0 139.698049,35.691968,0 139.698051,35.691944,0 139.698053,35.691924,0 139.698072,35.691662,0 139.698074,35.691642,0 139.698083,35.691518,0 139.698753,35.691560,0 139.698788,35.691555,0 139.698813,35.691547,0 139.698837,35.691538,0 139.698862,35.691522,0 139.698881,35.691505,0 139.698920,35.691506,0 139.698962,35.691509,0 139.699091,35.691517,0 139.699189,35.691522,0 139.699184,35.691064,0 139.699258,35.691052,0 139.699551,35.691010,0 139.699569,35.690861,0 139.699594,35.690681,0 139.699621,35.690591,0 139.699642,35.690449,0 139.699679,35.690198,0 139.699692,35.690115,0 139.699739,35.689780,0 139.699760,35.689662,0 139.699774,35.689665,0 139.699778,35.689652,0 139.699789,35.689608,0 139.699800,35.689565,0 139.699736,35.689554,0 139.699813,35.689275,0 139.700023,35.689313,0 139.700293,35.689360,0 139.700316,35.689269,0 139.700331,35.689215,0 139.700347,35.689154,0 139.700395,35.688955,0 139.700177,35.688914,0 139.700073,35.688883,0 139.700085,35.688860,0 139.700126,35.688773,0 139.700156,35.688749,0 139.700190,35.688751,0 139.700237,35.688760,0 139.700238,35.688754,0 139.700246,35.688721,0 139.700274,35.688604,0 139.700356,35.688268,0 139.700378,35.688172,0 139.700386,35.688162,0 139.700400,35.688145,0 139.700417,35.688127,0 139.700427,35.688117,0 139.700438,35.688106,0 139.700452,35.688093,0 139.700469,35.688082,0 139.700512,35.688088,0 139.700491,35.688111,0 139.700433,35.688173,0 139.700431,35.688181,0 139.700429,35.688189,0 139.700415,35.688248,0 139.700384,35.688376,0</coordinates></LineString></Placemark>
<Placemark><name>d18·2 🚌 Airport Limousine Bus: Busta Shinjuku → Haneda T3</name><styleUrl>#lff207bf45</styleUrl><description><![CDATA[Airport Limousine Bus — sentido Haneda Airport T3 (1 tramos)]]></description><LineString><tessellate>1</tessellate><coordinates>139.700362,35.688373,0 139.768652,35.543887,0</coordinates></LineString></Placemark>
</Folder>
</Document></kml>