<?xml version="1.0" encoding="UTF-8"?>
<kml xmlns="http://www.opengis.net/kml/2.2"><Document>
<name>Japón 2026 — parte 1 (dom4–jue8)</name>
<Style id="n1"><IconStyle><color>ffffffff</color><scale>1.0</scale><Icon><href>https://maps.google.com/mapfiles/kml/paddle/1.png</href></Icon></IconStyle></Style>
<Style id="n2"><IconStyle><color>ffffffff</color><scale>1.0</scale><Icon><href>https://maps.google.com/mapfiles/kml/paddle/2.png</href></Icon></IconStyle></Style>
<Style id="n3"><IconStyle><color>ffffffff</color><scale>1.0</scale><Icon><href>https://maps.google.com/mapfiles/kml/paddle/3.png</href></Icon></IconStyle></Style>
<Style id="n4"><IconStyle><color>ffffffff</color><scale>1.0</scale><Icon><href>https://maps.google.com/mapfiles/kml/paddle/4.png</href></Icon></IconStyle></Style>
<Style id="k_site"><IconStyle><color>ff2a3ab2</color><scale>1.0</scale><Icon><href>https://maps.google.com/mapfiles/kml/shapes/star.png</href></Icon></IconStyle></Style>
<Style id="resto_Take"><IconStyle><color>ff4a7d3a</color><scale>1.0</scale><Icon><href>https://maps.google.com/mapfiles/kml/shapes/dining.png</href></Icon></IconStyle></Style>
<Style id="resto_Ai"><IconStyle><color>ffa06b2c</color><scale>1.0</scale><Icon><href>https://maps.google.com/mapfiles/kml/shapes/dining.png</href></Icon></IconStyle></Style>
<Style id="resto_Shu"><IconStyle><color>ff2a3ab2</color><scale>1.0</scale><Icon><href>https://maps.google.com/mapfiles/kml/shapes/dining.png</href></Icon></IconStyle></Style>
<Style id="L0d6bb76"><LineStyle><color>ffb76b0d</color><width>6</width></LineStyle></Style>
<Style id="L8000176"><LineStyle><color>ff170080</color><width>6</width></LineStyle></Style>
<Style id="L7a6f633"><LineStyle><color>ff636f7a</color><width>3</width></LineStyle></Style>
<Style id="L5228866"><LineStyle><color>ff862852</color><width>6</width></LineStyle></Style>
<Style id="Le44d936"><LineStyle><color>ff934de4</color><width>6</width></LineStyle></Style>
<Style id="Le5171f6"><LineStyle><color>ff1f17e5</color><width>6</width></LineStyle></Style>
<Style id="L1c50a06"><LineStyle><color>ffa0501c</color><width>6</width></LineStyle></Style>
<Style id="Lffd4006"><LineStyle><color>ff00d4ff</color><width>6</width></LineStyle></Style>
<Style id="L005caf5"><LineStyle><color>ffaf5c00</color><width>5</width></LineStyle></Style>
<Style id="L0099446"><LineStyle><color>ff449900</color><width>6</width></LineStyle></Style>
<Style id="L8147216"><LineStyle><color>ff214781</color><width>6</width></LineStyle></Style>
<Style id="L019a666"><LineStyle><color>ff669a01</color><width>6</width></LineStyle></Style>
<Style id="Le800006"><LineStyle><color>ff0000e8</color><width>6</width></LineStyle></Style>
<Style id="n5"><IconStyle><color>ffffffff</color><scale>1.0</scale><Icon><href>https://maps.google.com/mapfiles/kml/paddle/5.png</href></Icon></IconStyle></Style>
<Style id="n6"><IconStyle><color>ffffffff</color><scale>1.0</scale><Icon><href>https://maps.google.com/mapfiles/kml/paddle/6.png</href></Icon></IconStyle></Style>
<Style id="Ld700296"><LineStyle><color>ff2900d7</color><width>6</width></LineStyle></Style>
<Style id="resto_"><IconStyle><color>ff8a7f72</color><scale>1.0</scale><Icon><href>https://maps.google.com/mapfiles/kml/shapes/dining.png</href></Icon></IconStyle></Style>
<Style id="L2757a56"><LineStyle><color>ffa55727</color><width>6</width></LineStyle></Style>
<Folder><name>dom 4 · lugares</name><Placemark><name>1. 14:15 · Castillo de Osaka (d4)</name><styleUrl>#n1</styleUrl><description><![CDATA[]]></description><Point><coordinates>135.525855,34.687257,0</coordinates></Point></Placemark><Placemark><name>2. 17:05 · Hōzen-ji (d4)</name><styleUrl>#n2</styleUrl><description><![CDATA[]]></description><Point><coordinates>135.502468,34.667940,0</coordinates></Point></Placemark><Placemark><name>3. 17:05 · Namba Yasaka (d4)</name><styleUrl>#n3</styleUrl><description><![CDATA[]]></description><Point><coordinates>135.496704,34.661559,0</coordinates></Point></Placemark><Placemark><name>4. 19:30 · Dotonbori (d4)</name><styleUrl>#n4</styleUrl><description><![CDATA[]]></description><Point><coordinates>135.503098,34.668647,0</coordinates></Point></Placemark><Placemark><name>⭐ Castillo de Osaka</name><styleUrl>#k_site</styleUrl><description><![CDATA[El símbolo de la ciudad: torre de 8 pisos entre fosos y murallas ciclópeas, rodeada de un parque enorme. El museo interior cuenta la era de los unificadores; la vista desde arriba abarca todo Osaka. — EN EL PLAN: dom 4 ·<br/><a href="https://www.google.com/maps/search/?api=1&amp;query=34.687257,135.525855">Google Maps</a>]]></description><Point><coordinates>135.525855,34.687257,0</coordinates></Point></Placemark><Placemark><name>⭐ Dotonbori</name><styleUrl>#k_site</styleUrl><description><![CDATA[El canal de neón más famoso de Japón: el corredor de Glico, el cangrejo gigante que se mueve, puestos, barcos y ruido feliz. De noche es otro planeta. — EN EL PLAN: dom 4 · 19:30  Abrir en Google Maps<br/><a href="https://www.google.com/maps/search/?api=1&amp;query=34.668647,135.503098">Google Maps</a>]]></description><Point><coordinates>135.503098,34.668647,0</coordinates></Point></Placemark><Placemark><name>⭐ Hōzen-ji</name><styleUrl>#k_site</styleUrl><description><![CDATA[Templito escondido en un callejón empedrado: el buda Fudō Myōō está cubierto de musgo porque cada visitante le avienta agua al pedir su deseo. — EN EL PLAN: dom 4 · 17:05  Abrir en Google Maps<br/><a href="https://www.google.com/maps/search/?api=1&amp;query=34.667940,135.502468">Google Maps</a>]]></description><Point><coordinates>135.502468,34.667940,0</coordinates></Point></Placemark><Placemark><name>⭐ Namba Yasaka</name><styleUrl>#k_site</styleUrl><description><![CDATA[El santuario de la cabeza de león gigante: 12 m de fauces abiertas que se tragan la mala suerte. Foto obligada, visita de 20 minutos. — EN EL PLAN: dom 4 · 17:05  Abrir en Google Maps<br/><a href="https://www.google.com/maps/search/?api=1&amp;query=34.661559,135.496704">Google Maps</a>]]></description><Point><coordinates>135.496704,34.661559,0</coordinates></Point></Placemark><Placemark><name>🍜 Acchichi Honpo</name><styleUrl>#resto_Take</styleUrl><description><![CDATA[Takoyaki hecho al momento, de pie en Dotonbori · ¥600 · Nivel 🎋 Take — días: dom 4 · mar 6  Abrir en Google Maps<br/><a href="https://www.google.com/maps/search/?api=1&amp;query=34.669240,135.503199">Google Maps</a>]]></description><Point><coordinates>135.503199,34.669240,0</coordinates></Point></Placemark><Placemark><name>🍜 Kinryu Ramen</name><styleUrl>#resto_Take</styleUrl><description><![CDATA[Ramen del dragón dorado, abierto casi siempre · ¥900 · Nivel 🎋 Take — días: dom 4 · mar 6  Abrir en Google Maps<br/><a href="https://www.google.com/maps/search/?api=1&amp;query=34.668669,135.503052">Google Maps</a>]]></description><Point><coordinates>135.503052,34.668669,0</coordinates></Point></Placemark><Placemark><name>🍜 Ichiran Dotonbori</name><styleUrl>#resto_Take</styleUrl><description><![CDATA[Tonkotsu en cabina individual — el rito clásico · ¥980–1,320 · Nivel 🎋 Take — días: dom 4 · mar 6 · mié 7  Abrir en Google Maps<br/><a href="https://www.google.com/maps/search/?api=1&amp;query=34.668422,135.503224">Google Maps</a>]]></description><Point><coordinates>135.503224,34.668422,0</coordinates></Point></Placemark><Placemark><name>🍜 Mizuno</name><styleUrl>#resto_Ai</styleUrl><description><![CDATA[Okonomiyaki de tradición (1945), fila corta de noche · ¥1,600 · Nivel 🌊 Ai — días: dom 4 · mar 6  Abrir en Google Maps<br/><a href="https://www.google.com/maps/search/?api=1&amp;query=34.668355,135.503223">Google Maps</a>]]></description><Point><coordinates>135.503223,34.668355,0</coordinates></Point></Placemark><Placemark><name>🍜 Chibo</name><styleUrl>#resto_Ai</styleUrl><description><![CDATA[Okonomiyaki con plancha en la mesa · ¥2,000 · Nivel 🌊 Ai — días: dom 4 · mar 6  Abrir en Google Maps<br/><a href="https://www.google.com/maps/search/?api=1&amp;query=34.668855,135.503838">Google Maps</a>]]></description><Point><coordinates>135.503838,34.668855,0</coordinates></Point></Placemark><Placemark><name>🍜 Daruma Dotonbori</name><styleUrl>#resto_Ai</styleUrl><description><![CDATA[Kushikatsu (brochetas empanizadas) — regla: NO doble dip · ¥2,500 · Nivel 🌊 Ai — días: dom 4 · mar 6  Abrir en Google Maps<br/><a href="https://www.google.com/maps/search/?api=1&amp;query=34.668835,135.502638">Google Maps</a>]]></description><Point><coordinates>135.502638,34.668835,0</coordinates></Point></Placemark><Placemark><name>🍜 Hariju</name><styleUrl>#resto_Shu</styleUrl><description><![CDATA[Sukiyaki y shabu de res, casona de 1948 frente al canal · ¥7–10,000 · Nivel 🔴 Shu — días: dom 4 · mar 6  Abrir en Google Maps<br/><a href="https://www.google.com/maps/search/?api=1&amp;query=34.668541,135.500647">Google Maps</a>]]></description><Point><coordinates>135.500647,34.668541,0</coordinates></Point></Placemark><Placemark><name>🍜 Kani Douraku honten</name><styleUrl>#resto_Shu</styleUrl><description><![CDATA[Kaiseki de cangrejo — el del letrero gigante que se mueve · ¥6–12,000 · Nivel 🔴 Shu — días: dom 4 · mar 6 · mié 7  Abrir en Google Maps<br/><a href="https://www.google.com/maps/search/?api=1&amp;query=34.668799,135.501487">Google Maps</a>]]></description><Point><coordinates>135.501487,34.668799,0</coordinates></Point></Placemark><Placemark><name>🍜 Matsusakagyu M Dotonbori</name><styleUrl>#resto_Shu</styleUrl><description><![CDATA[Yakiniku de res Matsusaka (rival de Kobe) · ¥8–12,000 · Nivel 🔴 Shu — días: dom 4 · mar 6 · mié 7  Abrir en Google Maps<br/><a href="https://www.google.com/maps/search/?api=1&amp;query=34.671486,135.502594">Google Maps</a>]]></description><Point><coordinates>135.502594,34.671486,0</coordinates></Point></Placemark></Folder>
<Folder><name>dom 4 · rutas</name><Placemark><name>d4·1 🚇 10:30 Osaka Monorail: Osaka-kūkō → Yamada ⇒ Castillo de Osaka</name><styleUrl>#L0d6bb76</styleUrl><LineString><tessellate>1</tessellate><coordinates>135.442010,34.791396,0 135.449324,34.794606,0 135.458652,34.800368,0 135.475437,34.804269,0 135.495054,34.809825,0 135.515672,34.804454,0</coordinates></LineString></Placemark><Placemark><name>d4·2 🚇 10:50 Hankyu (Senri / Kyoto / Arashiyama): Yamada → Kitahama ⇒ Castillo de Osaka</name><styleUrl>#L8000176</styleUrl><LineString><tessellate>1</tessellate><coordinates>135.515672,34.804454,0 135.508837,34.792591,0 135.505422,34.778678,0 135.506181,34.770920,0 135.509044,34.764629,0 135.523826,34.763003,0 135.519944,34.746914,0 135.516809,34.739401,0 135.511568,34.728332,0 135.510820,34.710761,0 135.510892,34.703715,0 135.510864,34.697549,0 135.506652,34.691696,0</coordinates></LineString></Placemark><Placemark><name>d4·3 🚶 Kitahama → Temmabashi ⇒ Castillo de Osaka</name><styleUrl>#L7a6f633</styleUrl><LineString><tessellate>1</tessellate><coordinates>135.506639,34.691696,0 135.506636,34.691602,0 135.506730,34.691600,0 135.506768,34.691599,0 135.506799,34.691597,0 135.506851,34.691623,0 135.506863,34.691654,0 135.506996,34.691615,0 135.507878,34.691303,0 135.508275,34.691165,0 135.508691,34.691019,0 135.508720,34.691007,0 135.508756,34.690991,0 135.508780,34.690980,0 135.508804,34.690971,0 135.508814,34.690984,0 135.508860,34.691042,0 135.508909,34.691102,0 135.508920,34.691117,0 135.509819,34.690560,0 135.509946,34.690474,0 135.510164,34.690371,0 135.510344,34.690333,0 135.510353,34.690332,0 135.510363,34.690337,0 135.511445,34.690309,0 135.511511,34.690308,0 135.511604,34.690368,0 135.511712,34.690368,0 135.511828,34.690366,0 135.511836,34.690336,0 135.511862,34.690315,0 135.511901,34.690300,0 135.513163,34.690264,0 135.513242,34.690258,0 135.513442,34.690237,0 135.514599,34.690104,0 135.514657,34.690098,0 135.514677,34.690098,0 135.514693,34.690106,0 135.514713,34.690103,0 135.514736,34.690100,0 135.514760,34.690096,0 135.514774,34.690094,0 135.514802,34.690082,0 135.514910,34.690068,0 135.514899,34.689982,0 135.514892,34.689902,0 135.515388,34.689845,0 135.516214,34.689759,0 135.517049,34.689689,0 135.517072,34.689686,0 135.517083,34.689652,0 135.517108,34.689617,0 135.517185,34.689592,0 135.517268,34.689588,0 135.517513,34.689576,0 135.517591,34.689572,0 135.517581,34.689501,0 135.517569,34.689352,0 135.517499,34.689355,0 135.517472,34.688986,0</coordinates></LineString></Placemark><Placemark><name>d4·4 🚇 13:45 Metro Tanimachi: Temmabashi → Tanimachi 4-chōme ⇒ Castillo de Osaka</name><styleUrl>#L5228866</styleUrl><LineString><tessellate>1</tessellate><coordinates>135.517465,34.685826,0 135.517304,34.685549,0 135.517152,34.685830,0</coordinates></LineString></Placemark><Placemark><name>d4·5 🚶 Tanimachi 4-chōme → Castillo de Osaka</name><styleUrl>#L7a6f633</styleUrl><LineString><tessellate>1</tessellate><coordinates>135.517206,34.682108,0 135.517210,34.682247,0 135.517102,34.682250,0 135.517117,34.682726,0 135.517124,34.683189,0 135.517157,34.683206,0 135.517240,34.683205,0 135.517403,34.683202,0 135.517486,34.683200,0 135.517506,34.683198,0 135.517513,34.683219,0 135.517527,34.683231,0 135.517544,34.683240,0 135.517565,34.683245,0 135.517588,34.683249,0 135.517647,34.683248,0 135.517703,34.683251,0 135.518725,34.683214,0 135.520014,34.683162,0 135.520931,34.683125,0 135.521057,34.683119,0 135.521128,34.683109,0 135.521205,34.683109,0 135.521205,34.683125,0 135.521208,34.683195,0 135.521211,34.683273,0 135.521212,34.683295,0 135.521237,34.683307,0 135.521268,34.683323,0 135.521287,34.683340,0 135.521314,34.683377,0 135.521327,34.683408,0 135.521350,34.683407,0 135.521454,34.683398,0 135.521567,34.683388,0 135.521599,34.683387,0 135.521613,34.683396,0 135.521763,34.683419,0 135.521769,34.683417,0 135.521796,34.683437,0 135.521996,34.683435,0 135.522042,34.683482,0 135.522054,34.683692,0 135.522038,34.684015,0 135.521993,34.684669,0 135.522064,34.684673,0 135.522042,34.684897,0 135.522086,34.684901,0 135.522077,34.685010,0 135.523015,34.685078,0 135.523056,34.685081,0 135.523090,34.685082,0 135.523174,34.685109,0 135.523220,34.685154,0 135.523236,34.685189,0 135.523256,34.685229,0 135.523262,34.685302,0 135.523252,34.685429,0 135.523245,34.685497,0 135.523398,34.685506,0 135.523437,34.685505,0 135.523474,34.685498,0 135.523568,34.685464,0 135.523691,34.685401,0 135.523890,34.685302,0 135.523931,34.685281,0 135.524238,34.685118,0 135.524342,34.685063,0 135.524388,34.684991,0 135.524365,34.684839,0 135.524411,34.684837,0 135.524994,34.684817,0 135.525665,34.684800,0 135.525690,34.684799,0 135.525691,34.684813,0 135.525693,34.684926,0 135.525698,34.685194,0 135.525698,34.685231,0 135.525701,34.685370,0 135.525703,34.685379,0 135.525709,34.685388,0 135.525717,34.685393,0 135.525731,34.685395,0 135.526063,34.685390,0 135.526066,34.685667,0 135.526072,34.685879,0 135.526067,34.686067,0 135.526100,34.686067,0 135.526100,34.686091,0 135.526099,34.686372,0 135.526096,34.686641,0 135.525881,34.686647,0 135.525889,34.686817,0 135.525965,34.686859,0 135.525972,34.686933,0 135.525971,34.686944,0 135.525979,34.687028,0 135.525983,34.687117,0 135.525985,34.687144,0 135.525948,34.687146,0 135.525900,34.687149,0 135.525864,34.687152,0 135.525862,34.687123,0 135.525861,34.687098,0 135.525859,34.687078,0 135.525823,34.687080,0 135.525806,34.687081,0 135.525772,34.687083,0 135.525776,34.687136,0 135.525777,34.687150,0 135.525783,34.687191,0 135.525783,34.687191,0</coordinates></LineString></Placemark><Placemark><name>d4·6 🚶 Castillo de Osaka → Tanimachi 4-chōme ⇒ Hōzen-ji</name><styleUrl>#L7a6f633</styleUrl><LineString><tessellate>1</tessellate><coordinates>135.525783,34.687191,0 135.525777,34.687150,0 135.525776,34.687136,0 135.525772,34.687083,0 135.525806,34.687081,0 135.525823,34.687080,0 135.525859,34.687078,0 135.525861,34.687098,0 135.525862,34.687123,0 135.525864,34.687152,0 135.525900,34.687149,0 135.525948,34.687146,0 135.525985,34.687144,0 135.525983,34.687117,0 135.525979,34.687028,0 135.525971,34.686944,0 135.525972,34.686933,0 135.525965,34.686859,0 135.525889,34.686817,0 135.525881,34.686647,0 135.526096,34.686641,0 135.526099,34.686372,0 135.526100,34.686091,0 135.526100,34.686067,0 135.526067,34.686067,0 135.526072,34.685879,0 135.526066,34.685667,0 135.526063,34.685390,0 135.525731,34.685395,0 135.525717,34.685393,0 135.525709,34.685388,0 135.525703,34.685379,0 135.525701,34.685370,0 135.525698,34.685231,0 135.525698,34.685194,0 135.525693,34.684926,0 135.525691,34.684813,0 135.525690,34.684799,0 135.525665,34.684800,0 135.524994,34.684817,0 135.524411,34.684837,0 135.524365,34.684839,0 135.524388,34.684991,0 135.524342,34.685063,0 135.524238,34.685118,0 135.523931,34.685281,0 135.523890,34.685302,0 135.523691,34.685401,0 135.523568,34.685464,0 135.523474,34.685498,0 135.523437,34.685505,0 135.523398,34.685506,0 135.523245,34.685497,0 135.523252,34.685429,0 135.523262,34.685302,0 135.523256,34.685229,0 135.523236,34.685189,0 135.523220,34.685154,0 135.523174,34.685109,0 135.523090,34.685082,0 135.523056,34.685081,0 135.523015,34.685078,0 135.522077,34.685010,0 135.522086,34.684901,0 135.522042,34.684897,0 135.522064,34.684673,0 135.521993,34.684669,0 135.522038,34.684015,0 135.522054,34.683692,0 135.522042,34.683482,0 135.521996,34.683435,0 135.521796,34.683437,0 135.521769,34.683417,0 135.521763,34.683419,0 135.521613,34.683396,0 135.521599,34.683387,0 135.521567,34.683388,0 135.521454,34.683398,0 135.521350,34.683407,0 135.521327,34.683408,0 135.521314,34.683377,0 135.521287,34.683340,0 135.521268,34.683323,0 135.521237,34.683307,0 135.521212,34.683295,0 135.521211,34.683273,0 135.521208,34.683195,0 135.521205,34.683125,0 135.521205,34.683109,0 135.521128,34.683109,0 135.521057,34.683119,0 135.520931,34.683125,0 135.520014,34.683162,0 135.518725,34.683214,0 135.517703,34.683251,0 135.517647,34.683248,0 135.517588,34.683249,0 135.517565,34.683245,0 135.517544,34.683240,0 135.517527,34.683231,0 135.517513,34.683219,0 135.517506,34.683198,0 135.517486,34.683200,0 135.517403,34.683202,0 135.517240,34.683205,0 135.517157,34.683206,0 135.517124,34.683189,0 135.517117,34.682726,0 135.517102,34.682250,0 135.517210,34.682247,0 135.517206,34.682108,0</coordinates></LineString></Placemark><Placemark><name>d4·7 🚇 16:30 Metro Tanimachi: Tanimachi 4-chōme → Tanimachi 9-chōme ⇒ Hōzen-ji</name><styleUrl>#L5228866</styleUrl><LineString><tessellate>1</tessellate><coordinates>135.517253,34.682107,0 135.517089,34.676028,0 135.515947,34.666639,0</coordinates></LineString></Placemark><Placemark><name>d4·8 🚇 16:40 Metro Sennichimae: Tanimachi 9-chōme → Namba ⇒ Hōzen-ji</name><styleUrl>#Le44d936</styleUrl><LineString><tessellate>1</tessellate><coordinates>135.515947,34.666639,0 135.506120,34.666968,0 135.500342,34.667098,0</coordinates></LineString></Placemark><Placemark><name>d4·9 🚶 Namba → Hōzen-ji</name><styleUrl>#L7a6f633</styleUrl><LineString><tessellate>1</tessellate><coordinates>135.500342,34.667113,0 135.498550,34.667145,0 135.496826,34.667432,0 135.496687,34.667146,0 135.496651,34.667148,0 135.496622,34.667151,0 135.496620,34.667145,0 135.496593,34.667149,0 135.496422,34.667180,0 135.496404,34.667184,0 135.496406,34.667192,0 135.496387,34.667195,0 135.496405,34.667259,0 135.496512,34.667237,0 135.496539,34.667245,0 135.496592,34.667237,0 135.496624,34.667218,0 135.496687,34.667198,0 135.496705,34.667151,0 135.496759,34.667143,0 135.496791,34.667138,0 135.496815,34.667135,0 135.496841,34.667131,0 135.496835,34.667112,0 135.496893,34.667098,0 135.496951,34.667086,0 135.496980,34.667097,0 135.497016,34.667095,0 135.497046,34.667064,0 135.497226,34.667112,0 135.497404,34.667160,0 135.497492,34.667168,0 135.497531,34.667158,0 135.497606,34.667137,0 135.497793,34.667106,0 135.497824,34.667022,0 135.497885,34.667018,0 135.497929,34.667015,0 135.497989,34.667011,0 135.498018,34.667009,0 135.498117,34.666995,0 135.498189,34.666986,0 135.498202,34.666985,0 135.498509,34.666948,0 135.498827,34.666941,0 135.499318,34.666931,0 135.499420,34.666929,0 135.499847,34.666928,0 135.500017,34.666928,0 135.500139,34.666928,0 135.500141,34.666998,0 135.500142,34.667040,0 135.500145,34.667238,0 135.500144,34.667269,0 135.500144,34.667338,0 135.500141,34.667381,0 135.500236,34.667383,0 135.500334,34.667383,0 135.500434,34.667383,0 135.500511,34.667383,0 135.500541,34.667423,0 135.500543,34.667655,0 135.500545,34.667843,0 135.500563,34.667843,0 135.501169,34.667856,0 135.501325,34.667858,0 135.501436,34.667860,0 135.501875,34.667868,0 135.502274,34.667876,0 135.502350,34.667878,0 135.502369,34.667882,0 135.502385,34.667890,0 135.502397,34.667900,0 135.502404,34.667911,0 135.502408,34.667926,0 135.502407,34.667965,0 135.502468,34.667966,0</coordinates></LineString></Placemark><Placemark><name>d4·10 🚶 Hōzen-ji → Namba Yasaka</name><styleUrl>#L7a6f633</styleUrl><LineString><tessellate>1</tessellate><coordinates>135.502468,34.667966,0 135.502407,34.667965,0 135.502408,34.667926,0 135.502404,34.667911,0 135.502397,34.667900,0 135.502385,34.667890,0 135.502369,34.667882,0 135.502350,34.667878,0 135.502274,34.667876,0 135.501875,34.667868,0 135.501882,34.667639,0 135.501853,34.667638,0 135.501859,34.667439,0 135.501498,34.667435,0 135.501402,34.667433,0 135.501352,34.667432,0 135.501357,34.667324,0 135.501358,34.667290,0 135.501362,34.667218,0 135.501375,34.667017,0 135.501380,34.666935,0 135.501380,34.666907,0 135.501381,34.666896,0 135.501392,34.666647,0 135.501409,34.666372,0 135.501462,34.665926,0 135.501452,34.665879,0 135.501291,34.665862,0 135.501005,34.665835,0 135.500818,34.665816,0 135.500601,34.665793,0 135.500584,34.665792,0 135.500562,34.665791,0 135.500566,34.665768,0 135.500584,34.665670,0 135.500594,34.665614,0 135.500603,34.665561,0 135.500621,34.665462,0 135.500627,34.665425,0 135.500634,34.665383,0 135.500542,34.665271,0 135.500537,34.665215,0 135.500483,34.665164,0 135.500516,34.664995,0 135.500538,34.664876,0 135.500218,34.664836,0 135.500198,34.664811,0 135.500121,34.664729,0 135.500081,34.664693,0 135.500090,34.664616,0 135.500130,34.664546,0 135.500113,34.664539,0 135.500063,34.664516,0 135.500005,34.664488,0 135.499949,34.664464,0 135.499897,34.664496,0 135.499819,34.664424,0 135.499306,34.663880,0 135.499011,34.663572,0 135.498955,34.663512,0 135.498892,34.663503,0 135.498340,34.662950,0 135.498306,34.662900,0 135.498323,34.662861,0 135.498320,34.662833,0 135.498320,34.662775,0 135.498317,34.662720,0 135.498317,34.662702,0 135.498319,34.662666,0 135.498217,34.662575,0 135.498168,34.662573,0 135.498129,34.662573,0 135.498071,34.662576,0 135.497895,34.662584,0 135.497823,34.662587,0 135.497786,34.662589,0 135.497757,34.662111,0 135.497278,34.662142,0 135.497176,34.661806,0 135.497119,34.661387,0 135.496706,34.661401,0 135.496706,34.661441,0 135.496707,34.661487,0</coordinates></LineString></Placemark><Placemark><name>d4·11 🚶 Namba Yasaka → Dotonbori</name><styleUrl>#L7a6f633</styleUrl><LineString><tessellate>1</tessellate><coordinates>135.496707,34.661487,0 135.496707,34.661487,0 135.496706,34.661441,0 135.496706,34.661401,0 135.497119,34.661387,0 135.497176,34.661806,0 135.497278,34.662142,0 135.497757,34.662111,0 135.497786,34.662589,0 135.497823,34.662587,0 135.497895,34.662584,0 135.498071,34.662576,0 135.498129,34.662573,0 135.498168,34.662573,0 135.498217,34.662575,0 135.498319,34.662666,0 135.498317,34.662702,0 135.498317,34.662720,0 135.498320,34.662775,0 135.498320,34.662833,0 135.498323,34.662861,0 135.498306,34.662900,0 135.498340,34.662950,0 135.498892,34.663503,0 135.498955,34.663512,0 135.499011,34.663572,0 135.499306,34.663880,0 135.499819,34.664424,0 135.499897,34.664496,0 135.499949,34.664464,0 135.500005,34.664488,0 135.500063,34.664516,0 135.500113,34.664539,0 135.500130,34.664546,0 135.500090,34.664616,0 135.500081,34.664693,0 135.500121,34.664729,0 135.500198,34.664811,0 135.500218,34.664836,0 135.500538,34.664876,0 135.500516,34.664995,0 135.500483,34.665164,0 135.500537,34.665215,0 135.500542,34.665271,0 135.500634,34.665383,0 135.500627,34.665425,0 135.500621,34.665462,0 135.500603,34.665561,0 135.500594,34.665614,0 135.500584,34.665670,0 135.500566,34.665768,0 135.500562,34.665791,0 135.500584,34.665792,0 135.500601,34.665793,0 135.500818,34.665816,0 135.501005,34.665835,0 135.501291,34.665862,0 135.501452,34.665879,0 135.501462,34.665926,0 135.501409,34.666372,0 135.501392,34.666647,0 135.501381,34.666896,0 135.501380,34.666907,0 135.501380,34.666935,0 135.501375,34.667017,0 135.501362,34.667218,0 135.501358,34.667290,0 135.501357,34.667324,0 135.501352,34.667432,0 135.501402,34.667433,0 135.501498,34.667435,0 135.501859,34.667439,0 135.502306,34.667444,0 135.502288,34.667679,0 135.502937,34.667723,0 135.503047,34.667731,0 135.503141,34.667737,0 135.503162,34.667791,0 135.503154,34.667972,0 135.503143,34.668189,0 135.503139,34.668280,0 135.503120,34.668648,0</coordinates></LineString></Placemark><Placemark><name>d4·12 🚶 Dotonbori → Namba ⇒ hotel</name><styleUrl>#L7a6f633</styleUrl><LineString><tessellate>1</tessellate><coordinates>135.503120,34.668648,0 135.503139,34.668280,0 135.503143,34.668189,0 135.503154,34.667972,0 135.503162,34.667791,0 135.503141,34.667737,0 135.503047,34.667731,0 135.502937,34.667723,0 135.502288,34.667679,0 135.502306,34.667444,0 135.501859,34.667439,0 135.501498,34.667435,0 135.501402,34.667433,0 135.501352,34.667432,0 135.501305,34.667432,0 135.501219,34.667430,0 135.500541,34.667423,0 135.500511,34.667383,0 135.500434,34.667383,0 135.500334,34.667383,0 135.500236,34.667383,0 135.500141,34.667381,0 135.500144,34.667338,0 135.500144,34.667269,0 135.500145,34.667238,0 135.500142,34.667040,0 135.500141,34.666998,0 135.500139,34.666928,0 135.500017,34.666928,0 135.499847,34.666928,0 135.499420,34.666929,0 135.499318,34.666931,0 135.498827,34.666941,0 135.498509,34.666948,0 135.498202,34.666985,0 135.498189,34.666986,0 135.498117,34.666995,0 135.498018,34.667009,0 135.497989,34.667011,0 135.497929,34.667015,0 135.497885,34.667018,0 135.497824,34.667022,0 135.497793,34.667106,0 135.497606,34.667137,0 135.497531,34.667158,0 135.497492,34.667168,0 135.497404,34.667160,0 135.497226,34.667112,0 135.497046,34.667064,0 135.497016,34.667095,0 135.496980,34.667097,0 135.496951,34.667086,0 135.496893,34.667098,0 135.496835,34.667112,0 135.496841,34.667131,0 135.496815,34.667135,0 135.496791,34.667138,0 135.496759,34.667143,0 135.496705,34.667151,0 135.496687,34.667198,0 135.496624,34.667218,0 135.496592,34.667237,0 135.496539,34.667245,0 135.496512,34.667237,0 135.496405,34.667259,0 135.496387,34.667195,0 135.496406,34.667192,0 135.496409,34.667198,0 135.496427,34.667195,0 135.496597,34.667163,0 135.496625,34.667159,0 135.496622,34.667151,0 135.496651,34.667148,0 135.496687,34.667146,0 135.496826,34.667432,0 135.498550,34.667145,0 135.500342,34.667113,0</coordinates></LineString></Placemark><Placemark><name>d4·13 🚇 21:45 Metro Midosuji: Namba → Yodoyabashi ⇒ hotel</name><styleUrl>#Le5171f6</styleUrl><LineString><tessellate>1</tessellate><coordinates>135.500342,34.667098,0 135.500377,34.675057,0 135.498829,34.682007,0 135.501053,34.692261,0</coordinates></LineString></Placemark></Folder>
<Folder><name>lun 5 · lugares</name><Placemark><name>1. 10:15 · Isla de Miyajima (d5)</name><styleUrl>#n1</styleUrl><description><![CDATA[]]></description><Point><coordinates>132.305249,34.273211,0</coordinates></Point></Placemark><Placemark><name>2. 10:15 · Santuario Itsukushima (d5)</name><styleUrl>#n2</styleUrl><description><![CDATA[]]></description><Point><coordinates>132.319828,34.295990,0</coordinates></Point></Placemark><Placemark><name>3. 14:50 · Parque Memorial de la Paz (d5)</name><styleUrl>#n3</styleUrl><description><![CDATA[]]></description><Point><coordinates>132.452201,34.392687,0</coordinates></Point></Placemark><Placemark><name>4. 14:50 · Domo de la Bomba Atómica (d5)</name><styleUrl>#n4</styleUrl><description><![CDATA[]]></description><Point><coordinates>132.453592,34.395483,0</coordinates></Point></Placemark><Placemark><name>🍜 CoCo Ichibanya</name><styleUrl>#resto_Ai</styleUrl><description><![CDATA[Curry japonés de cadena — apapacho garantizado · ¥1,200 · Nivel 🌊 Ai — días: lun 5  Abrir en Google Maps<br/><a href="https://www.google.com/maps/search/?api=1&amp;query=34.700697,135.494466">Google Maps</a>]]></description><Point><coordinates>135.494466,34.700697,0</coordinates></Point></Placemark><Placemark><name>⭐ Isla de Miyajima</name><styleUrl>#k_site</styleUrl><description><![CDATA[La isla sagrada frente a Hiroshima: el torii flotante, venados sueltos, la calle Omotesando con momiji manju y ostras a la parrilla, y el monte Misen detrás. — EN EL PLAN: lun 5 · 10:15  Abrir en Google Maps<br/><a href="https://www.google.com/maps/search/?api=1&amp;query=34.273211,132.305249">Google Maps</a>]]></description><Point><coordinates>132.305249,34.273211,0</coordinates></Point></Placemark><Placemark><name>⭐ Santuario Itsukushima</name><styleUrl>#k_site</styleUrl><description><![CDATA[El santuario sobre pilotes que 'flota' en marea alta, con su torii bermellón de 16 m plantado en el mar — Patrimonio UNESCO. — EN EL PLAN: lun 5 · 10:15  Abrir en Google Maps<br/><a href="https://www.google.com/maps/search/?api=1&amp;query=34.295990,132.319828">Google Maps</a>]]></description><Point><coordinates>132.319828,34.295990,0</coordinates></Point></Placemark><Placemark><name>⭐ Parque Memorial de la Paz</name><styleUrl>#k_site</styleUrl><description><![CDATA[El parque en el hipocentro: el Domo, el cenotafio, el museo, las mil grullas de Sadako y la llama que no se apagará hasta que desaparezca la última arma nuclear. — EN EL PLAN: lun 5 · 14:50  Abrir en Google Maps<br/><a href="https://www.google.com/maps/search/?api=1&amp;query=34.392687,132.452201">Google Maps</a>]]></description><Point><coordinates>132.452201,34.392687,0</coordinates></Point></Placemark><Placemark><name>⭐ Domo de la Bomba Atómica</name><styleUrl>#k_site</styleUrl><description><![CDATA[El esqueleto del antiguo Palacio de Exposiciones, dejado EXACTAMENTE como quedó — el edificio en pie más cercano al hipocentro. — EN EL PLAN: lun 5 · 14:50  Abrir en Google Maps<br/><a href="https://www.google.com/maps/search/?api=1&amp;query=34.395483,132.453592">Google Maps</a>]]></description><Point><coordinates>132.453592,34.395483,0</coordinates></Point></Placemark></Folder>
<Folder><name>lun 5 · rutas</name><Placemark><name>d5·1 🚶 Hotel → Yodoyabashi ⇒ Isla de Miyajima</name><styleUrl>#L7a6f633</styleUrl><LineString><tessellate>1</tessellate><coordinates>135.506758,34.690856,0 135.506729,34.690856,0 135.506735,34.691082,0 135.506740,34.691142,0 135.506745,34.691209,0 135.506627,34.691231,0 135.506533,34.691248,0 135.506534,34.691267,0 135.506543,34.691605,0 135.506466,34.691677,0 135.506359,34.691778,0 135.506023,34.691831,0 135.505744,34.691876,0 135.505677,34.691886,0 135.505129,34.691954,0 135.504772,34.691973,0 135.504742,34.691975,0 135.504692,34.691977,0 135.504643,34.691980,0 135.504577,34.691982,0 135.503852,34.692023,0 135.503779,34.692024,0 135.503724,34.692027,0 135.503661,34.692031,0 135.503579,34.692054,0 135.503468,34.692071,0 135.502729,34.692181,0 135.501738,34.692330,0 135.501705,34.692362,0 135.501329,34.692432,0 135.501231,34.692394,0 135.501213,34.692386,0 135.501162,34.692339,0 135.501140,34.692339,0 135.501106,34.692340,0 135.501104,34.692260,0</coordinates></LineString></Placemark><Placemark><name>d5·2 🚇 07:10 Metro Midosuji: Yodoyabashi → Shin-Osaka ⇒ Isla de Miyajima</name><styleUrl>#Le5171f6</styleUrl><LineString><tessellate>1</tessellate><coordinates>135.501053,34.692261,0 135.498427,34.705027,0 135.496999,34.711152,0 135.498586,34.726407,0 135.500255,34.733466,0</coordinates></LineString></Placemark><Placemark><name>d5·3 🚶 Shin-Osaka → Shin-Osaka ⇒ Isla de Miyajima</name><styleUrl>#L7a6f633</styleUrl><LineString><tessellate>1</tessellate><coordinates>135.500358,34.733256,0 135.499899,34.733104,0 135.499751,34.733057,0 135.499412,34.733816,0 135.499396,34.733851,0 135.499385,34.733847,0 135.499144,34.733766,0 135.499135,34.733763,0 135.499133,34.733643,0 135.499055,34.733617,0 135.499042,34.733617,0 135.498995,34.733617,0 135.498892,34.733617,0 135.498892,34.733629,0 135.498890,34.733759,0 135.498891,34.733789,0 135.497930,34.733479,0 135.497896,34.733468,0</coordinates></LineString></Placemark><Placemark><name>d5·4 🚇 07:34 Shinkansen: Shin-Osaka → Hiroshima ⇒ Isla de Miyajima</name><styleUrl>#L1c50a06</styleUrl><LineString><tessellate>1</tessellate><coordinates>135.497888,34.733485,0 135.195468,34.706288,0 133.918266,34.666750,0 132.475379,34.397667,0</coordinates></LineString></Placemark><Placemark><name>d5·5 🚇 09:10 JR San-yō Line (local): Hiroshima → Miyajimaguchi ⇒ Isla de Miyajima</name><styleUrl>#Lffd4006</styleUrl><LineString><tessellate>1</tessellate><coordinates>132.475379,34.397667,0 132.461172,34.408460,0 132.450602,34.409960,0 132.427982,34.398048,0 132.392096,34.375716,0 132.368100,34.366927,0 132.335676,34.358027,0 132.324075,34.348964,0 132.314302,34.323073,0 132.302951,34.312009,0</coordinates></LineString></Placemark><Placemark><name>d5·6 ⛴️ 09:45 Ferry JR a Miyajima: Miyajimaguchi → Miyajima ⇒ Isla de Miyajima</name><styleUrl>#L005caf5</styleUrl><LineString><tessellate>1</tessellate><coordinates>132.302951,34.312009,0 132.302951,34.312009,0</coordinates></LineString></Placemark><Placemark><name>d5·7 🚶 Isla de Miyajima → Santuario Itsukushima</name><styleUrl>#L7a6f633</styleUrl><LineString><tessellate>1</tessellate><coordinates>132.305219,34.273083,0 132.305641,34.273015,0 132.306005,34.273239,0 132.306244,34.273279,0 132.306418,34.273372,0 132.306510,34.273536,0 132.307175,34.274347,0 132.307483,34.274557,0 132.307529,34.274644,0 132.307559,34.274776,0 132.307583,34.274908,0 132.307583,34.274962,0 132.307657,34.275058,0 132.307716,34.275165,0 132.307726,34.275250,0 132.307610,34.275853,0 132.307549,34.275966,0 132.307400,34.276236,0 132.307278,34.276479,0 132.307224,34.276642,0 132.307203,34.276980,0 132.307210,34.277075,0 132.307376,34.277546,0 132.307429,34.277407,0 132.307542,34.277349,0 132.307677,34.277296,0 132.308276,34.277171,0 132.308750,34.277305,0 132.308920,34.277260,0 132.309132,34.277022,0 132.309442,34.276889,0 132.309730,34.276865,0 132.309948,34.276886,0 132.310308,34.276794,0 132.310701,34.276672,0 132.310841,34.276670,0 132.311035,34.276802,0 132.311432,34.276924,0 132.311908,34.276991,0 132.312145,34.276947,0 132.312374,34.276891,0 132.312873,34.276673,0 132.313622,34.276249,0 132.314309,34.275724,0 132.314527,34.275620,0 132.315308,34.275363,0 132.315573,34.275306,0 132.315775,34.275730,0 132.315851,34.275875,0 132.316137,34.276157,0 132.316442,34.276372,0 132.316590,34.276455,0 132.316727,34.276573,0 132.316787,34.276697,0 132.316793,34.276815,0 132.316780,34.276923,0 132.316740,34.277047,0 132.316685,34.277238,0 132.316705,34.277435,0 132.316712,34.277632,0 132.316658,34.278055,0 132.316665,34.278235,0 132.316685,34.278304,0 132.316780,34.278349,0 132.316822,34.278411,0 132.316827,34.278461,0 132.316820,34.278552,0 132.316665,34.278799,0 132.316658,34.278895,0 132.316688,34.278988,0 132.316780,34.279103,0 132.316780,34.279261,0 132.316727,34.279436,0 132.316710,34.279487,0 132.316720,34.279529,0 132.316895,34.279683,0 132.316937,34.279745,0 132.317111,34.279815,0 132.317155,34.279883,0 132.317213,34.279987,0 132.317281,34.280040,0 132.317314,34.280086,0 132.317261,34.280141,0 132.317248,34.280208,0 132.317264,34.280240,0 132.317234,34.280255,0 132.317221,34.280290,0 132.317260,34.280375,0 132.317264,34.280531,0 132.317255,34.280605,0 132.317250,34.280626,0 132.317246,34.280679,0 132.317219,34.280775,0 132.317316,34.280981,0 132.317269,34.281062,0 132.317269,34.281107,0 132.317247,34.281142,0 132.317231,34.281175,0 132.317166,34.281334,0 132.317162,34.281346,0 132.317145,34.281396,0 132.317137,34.281483,0 132.317163,34.281560,0 132.317166,34.281629,0 132.317196,34.281772,0 132.317281,34.281985,0 132.317304,34.282072,0 132.317270,34.282156,0 132.317327,34.282132,0 132.317414,34.282094,0 132.317547,34.282402,0 132.317532,34.282467,0 132.317526,34.282521,0 132.317545,34.282603,0 132.317583,34.282679,0 132.317626,34.282767,0 132.317656,34.282847,0 132.317683,34.282917,0 132.317675,34.283052,0 132.317693,34.283089,0 132.317786,34.283164,0 132.317858,34.283270,0 132.317923,34.283345,0 132.317942,34.283482,0 132.317910,34.283503,0 132.317850,34.283535,0 132.317900,34.283610,0 132.317905,34.283664,0 132.317893,34.283703,0 132.317886,34.283755,0 132.317876,34.283806,0 132.317856,34.283832,0 132.317815,34.283960,0 132.317804,34.283997,0 132.317741,34.284059,0 132.317719,34.284067,0 132.317693,34.284098,0 132.317666,34.284158,0 132.317689,34.284199,0 132.317687,34.284246,0 132.317679,34.284329,0 132.317695,34.284443,0 132.317641,34.284455,0 132.317578,34.284450,0 132.317604,34.284480,0 132.317639,34.284498,0 132.317643,34.284536,0 132.317662,34.284554,0 132.317672,34.284605,0 132.317681,34.284639,0 132.317652,34.284656,0 132.317666,34.284676,0 132.317691,34.284699,0 132.317683,34.284740,0 132.317701,34.284788,0 132.317704,34.284819,0 132.317734,34.284835,0 132.317739,34.284867,0 132.317739,34.284902,0 132.317695,34.284911,0 132.317650,34.284922,0 132.317650,34.284959,0 132.317678,34.284987,0 132.317747,34.285021,0 132.317775,34.285026,0 132.317837,34.285021,0 132.317802,34.285060,0 132.317734,34.285105,0 132.317680,34.285085,0 132.317614,34.285058,0 132.317559,34.285035,0 132.317512,34.285063,0 132.317473,34.285127,0 132.317456,34.285219,0 132.317440,34.285291,0 132.317409,34.285302,0 132.317361,34.285394,0 132.317514,34.285461,0 132.317536,34.285484,0 132.317532,34.285583,0 132.317458,34.285570,0 132.317384,34.285600,0 132.317369,34.285625,0 132.317393,34.285669,0 132.317447,34.285733,0 132.317469,34.285776,0 132.317476,34.285845,0 132.317480,34.285929,0 132.317452,34.285999,0 132.317407,34.286084,0 132.317386,34.286124,0 132.317343,34.286158,0 132.317310,34.286201,0 132.317320,34.286230,0 132.317368,34.286238,0 132.317435,34.286289,0 132.317460,34.286346,0 132.317479,34.286365,0 132.317469,34.286394,0 132.317452,34.286450,0 132.317427,34.286472,0 132.317351,34.286508,0 132.317343,34.286554,0 132.317357,34.286591,0 132.317376,34.286622,0 132.317426,34.286671,0 132.317493,34.286697,0 132.317540,34.286740,0 132.317532,34.286758,0 132.317600,34.286840,0 132.317701,34.286928,0 132.317765,34.286981,0 132.317769,34.287013,0 132.317835,34.287110,0 132.317959,34.287159,0 132.318033,34.287245,0 132.318062,34.287307,0 132.318105,34.287373,0 132.318150,34.287476,0 132.318192,34.287532,0 132.318237,34.287561,0 132.318256,34.287646,0 132.318311,34.287696,0 132.318365,34.287721,0 132.318420,34.287729,0 132.318451,34.287803,0 132.318457,34.287880,0 132.318439,34.287951,0 132.318478,34.288010,0 132.318495,34.288148,0 132.318548,34.288237,0 132.318622,34.288286,0 132.318694,34.288341,0 132.318783,34.288384,0 132.318830,34.288412,0 132.318851,34.288447,0 132.318852,34.288534,0 132.318862,34.288557,0 132.318863,34.288597,0 132.318884,34.288632,0 132.318892,34.288661,0 132.318847,34.288688,0 132.318803,34.288691,0 132.318697,34.288675,0 132.318663,34.288685,0 132.318611,34.288663,0 132.318573,34.288654,0 132.318532,34.288663,0 132.318489,34.288673,0 132.318453,34.288664,0 132.318385,34.288711,0 132.318413,34.288734,0 132.318466,34.288751,0 132.318539,34.288800,0 132.318551,34.288843,0 132.318582,34.288868,0 132.318607,34.288945,0 132.318646,34.288992,0 132.318671,34.289002,0 132.318705,34.289039,0 132.318717,34.289067,0 132.318720,34.289096,0 132.318746,34.289134,0 132.318759,34.289163,0 132.318779,34.289182,0 132.318802,34.289224,0 132.318800,34.289248,0 132.318795,34.289267,0 132.318778,34.289281,0 132.318772,34.289301,0 132.318788,34.289319,0 132.318873,34.289362,0 132.318917,34.289363,0 132.318935,34.289365,0 132.318963,34.289368,0 132.318975,34.289376,0 132.318946,34.289385,0 132.318935,34.289396,0 132.318925,34.289412,0 132.318902,34.289424,0 132.318882,34.289427,0 132.318870,34.289442,0 132.318857,34.289451,0 132.318837,34.289459,0 132.318832,34.289475,0 132.318775,34.289529,0 132.318755,34.289540,0 132.318733,34.289538,0 132.318710,34.289531,0 132.318685,34.289538,0 132.318677,34.289559,0 132.318770,34.289644,0 132.318790,34.289673,0 132.318815,34.289675,0 132.318832,34.289685,0 132.318845,34.289710,0 132.318870,34.289729,0 132.318870,34.289749,0 132.318854,34.289783,0 132.318835,34.289815,0 132.318815,34.289827,0 132.318767,34.289840,0 132.318729,34.289861,0 132.318701,34.289875,0 132.318671,34.289869,0 132.318650,34.289879,0 132.318674,34.289909,0 132.318697,34.289920,0 132.318728,34.289943,0 132.318736,34.289971,0 132.318704,34.289974,0 132.318667,34.289964,0 132.318661,34.289977,0 132.318668,34.289994,0 132.318697,34.290013,0 132.318722,34.290038,0 132.318729,34.290093,0 132.318745,34.290117,0 132.318770,34.290130,0 132.318830,34.290142,0 132.318905,34.290124,0 132.318989,34.290069,0 132.319130,34.290014,0 132.319225,34.289995,0 132.319276,34.289988,0 132.319318,34.290004,0 132.319329,34.290042,0 132.319340,34.290110,0 132.319353,34.290127,0 132.319404,34.290154,0 132.319373,34.290218,0 132.319315,34.290287,0 132.319207,34.290341,0 132.319194,34.290377,0 132.319204,34.290422,0 132.319232,34.290457,0 132.319271,34.290491,0 132.319283,34.290511,0 132.319281,34.290563,0 132.319276,34.290590,0 132.319261,34.290643,0 132.319257,34.290675,0 132.319247,34.290734,0 132.319246,34.290880,0 132.319270,34.290917,0 132.319276,34.290952,0 132.319250,34.291024,0 132.319243,34.291046,0 132.319202,34.291101,0 132.319152,34.291161,0 132.319122,34.291216,0 132.319108,34.291262,0 132.319103,34.291301,0 132.319099,34.291464,0 132.319086,34.291554,0 132.319082,34.291569,0 132.319050,34.291612,0 132.319047,34.291625,0 132.319057,34.291715,0 132.319070,34.291815,0 132.319077,34.291858,0 132.319084,34.291903,0 132.319103,34.292069,0 132.319110,34.292134,0 132.319122,34.292228,0 132.319138,34.292278,0 132.319193,34.292356,0 132.319277,34.292414,0 132.319408,34.292463,0 132.319427,34.292476,0 132.319436,34.292531,0 132.319408,34.292571,0 132.319336,34.292654,0 132.319219,34.292753,0 132.319111,34.292811,0 132.319018,34.292857,0 132.318975,34.292885,0 132.319040,34.293012,0 132.318884,34.293061,0 132.318760,34.293097,0 132.318745,34.293102,0 132.318744,34.293112,0 132.318742,34.293174,0 132.318735,34.293284,0 132.318737,34.293395,0 132.318753,34.293766,0 132.318763,34.294089,0 132.318772,34.294539,0 132.318809,34.294981,0 132.318631,34.294998,0 132.318718,34.295104,0 132.318748,34.295138,0 132.318789,34.295188,0 132.318818,34.295214,0 132.318869,34.295261,0 132.318876,34.295267,0 132.318897,34.295289,0 132.319234,34.295600,0 132.319435,34.295452,0 132.319758,34.295750,0 132.319551,34.295910,0 132.319577,34.295932,0 132.319663,34.296008,0 132.319674,34.296018,0 132.319708,34.295991,0 132.319763,34.296040,0</coordinates></LineString></Placemark><Placemark><name>d5·8 🚶 Santuario Itsukushima → Miyajima ⇒ Parque Memorial de la Paz</name><styleUrl>#L7a6f633</styleUrl><LineString><tessellate>1</tessellate><coordinates>132.319763,34.296040,0 132.319805,34.296077,0 132.319771,34.296103,0 132.319782,34.296113,0 132.319846,34.296169,0 132.319921,34.296236,0 132.320118,34.296078,0 132.320159,34.296045,0 132.320177,34.296027,0 132.320218,34.295990,0 132.320212,34.295945,0 132.320316,34.295860,0 132.320359,34.295825,0 132.320417,34.295781,0 132.320471,34.295827,0 132.320536,34.295856,0 132.320531,34.295918,0 132.320703,34.296144,0 132.320838,34.296329,0 132.320811,34.296383,0 132.320799,34.296457,0 132.320799,34.296580,0 132.320908,34.296741,0 132.320980,34.296850,0 132.321060,34.296964,0 132.321130,34.297039,0 132.321132,34.297059,0 132.321118,34.297091,0 132.320985,34.297297,0 132.320968,34.297323,0 132.320948,34.297345,0 132.320804,34.297519,0 132.320653,34.297731,0 132.320446,34.297676,0 132.320367,34.297830,0 132.320396,34.297902,0 132.320545,34.298043,0 132.320475,34.298090,0 132.320581,34.298203,0 132.320755,34.298425,0 132.320886,34.298632,0 132.320999,34.298835,0 132.321101,34.299076,0 132.321152,34.299221,0 132.321214,34.299494,0 132.321293,34.299487,0 132.321321,34.299699,0 132.321349,34.299764,0 132.321356,34.299830,0 132.321406,34.300259,0 132.321300,34.300262,0 132.321326,34.300502,0 132.321346,34.300678,0 132.321463,34.300671,0 132.321510,34.301026,0 132.321547,34.301068,0 132.321546,34.301123,0 132.321569,34.301253,0 132.321697,34.301335,0 132.322038,34.301592,0 132.322474,34.301903,0 132.322371,34.301997,0 132.322354,34.302012,0 132.322306,34.302053,0 132.322253,34.302013,0 132.322099,34.302145,0 132.322029,34.302205,0 132.322004,34.302219,0 132.321835,34.302089,0 132.321747,34.302133,0 132.321385,34.302281,0 132.321376,34.302284,0 132.321344,34.302271,0 132.321163,34.302196,0 132.321152,34.302195,0 132.320821,34.302344,0 132.306052,34.310695,0 132.306039,34.310731,0 132.305817,34.310894,0 132.305514,34.311019,0 132.305386,34.311074,0 132.305358,34.311113,0 132.305225,34.311199,0 132.305097,34.311285,0 132.304934,34.311289,0 132.304915,34.311343,0 132.304898,34.311389,0 132.304772,34.311403,0 132.304593,34.311485,0 132.304519,34.311526,0 132.304488,34.311510,0 132.304439,34.311524,0 132.304395,34.311537,0 132.304367,34.311539,0 132.304265,34.311548,0 132.304115,34.311610,0 132.303922,34.311690,0 132.303755,34.311772,0 132.303734,34.311739,0 132.303716,34.311746,0 132.303706,34.311729,0 132.303694,34.311709,0 132.303604,34.311747,0 132.303380,34.311838,0 132.303286,34.311877,0 132.303299,34.311899,0 132.303311,34.311918,0 132.303295,34.311924,0 132.303313,34.311956,0 132.303200,34.311987,0 132.303137,34.312015,0 132.303070,34.312044,0 132.303059,34.312049,0</coordinates></LineString></Placemark><Placemark><name>d5·9 ⛴️ 12:30 Ferry JR a Miyajima: Miyajima → Miyajimaguchi ⇒ Parque Memorial de la Paz</name><styleUrl>#L005caf5</styleUrl><LineString><tessellate>1</tessellate><coordinates>132.302951,34.312009,0 132.302951,34.312009,0</coordinates></LineString></Placemark><Placemark><name>d5·10 🚇 12:45 JR San-yō Line (local): Miyajimaguchi → Hiroshima ⇒ Parque Memorial de la Paz</name><styleUrl>#Lffd4006</styleUrl><LineString><tessellate>1</tessellate><coordinates>132.302951,34.312009,0 132.314302,34.323073,0 132.324075,34.348964,0 132.335676,34.358027,0 132.368100,34.366927,0 132.392096,34.375716,0 132.427982,34.398048,0 132.450602,34.409960,0 132.475379,34.397667,0</coordinates></LineString></Placemark><Placemark><name>d5·11 🚇 13:15 Tranvía Hiroden: Hiroshima-eki → Gembaku Dome-mae ⇒ Parque Memorial de la Paz</name><styleUrl>#L0099446</styleUrl><LineString><tessellate>1</tessellate><coordinates>132.475379,34.397667,0 132.474551,34.393136,0 132.471103,34.392704,0 132.466905,34.393228,0 132.465089,34.393367,0 132.462832,34.394005,0 132.461605,34.394322,0 132.458412,34.395084,0 132.454467,34.395945,0</coordinates></LineString></Placemark><Placemark><name>d5·12 🚶 Gembaku Dome-mae → Parque Memorial de la Paz</name><styleUrl>#L7a6f633</styleUrl><LineString><tessellate>1</tessellate><coordinates>132.454467,34.395945,0 132.454467,34.395945,0 132.454433,34.395864,0 132.454470,34.395854,0 132.454483,34.395851,0 132.454409,34.395636,0 132.454413,34.395621,0 132.454409,34.395608,0 132.454401,34.395588,0 132.454389,34.395556,0 132.454369,34.395537,0 132.454236,34.395155,0 132.454230,34.395140,0 132.454235,34.395126,0 132.454231,34.395113,0 132.454220,34.395084,0 132.454210,34.395061,0 132.454201,34.395047,0 132.454155,34.394925,0 132.454128,34.394816,0 132.454118,34.394730,0 132.454122,34.394601,0 132.454135,34.394533,0 132.454158,34.394456,0 132.454199,34.394343,0 132.454224,34.394312,0 132.454215,34.394308,0 132.454168,34.394292,0 132.454124,34.394277,0 132.454097,34.394274,0 132.453974,34.394242,0 132.453925,34.394224,0 132.453333,34.394072,0 132.453292,34.394061,0 132.452833,34.393928,0 132.452649,34.393878,0 132.452596,34.393858,0 132.452317,34.393709,0 132.452232,34.393679,0 132.452184,34.393671,0 132.452187,34.393656,0 132.452188,34.393623,0 132.452189,34.393589,0 132.452190,34.393574,0 132.452190,34.393558,0 132.452233,34.393564,0 132.452222,34.393268,0 132.452169,34.393051,0 132.452139,34.392972,0 132.452116,34.392914,0 132.451759,34.392274,0 132.451769,34.392269,0 132.452205,34.392158,0 132.452415,34.392695,0 132.452363,34.392715,0</coordinates></LineString></Placemark><Placemark><name>d5·13 🚶 Parque Memorial de la Paz → Domo de la Bomba Atómica</name><styleUrl>#L7a6f633</styleUrl><LineString><tessellate>1</tessellate><coordinates>132.452363,34.392715,0 132.452415,34.392695,0 132.452205,34.392158,0 132.451769,34.392269,0 132.451759,34.392274,0 132.452116,34.392914,0 132.452139,34.392972,0 132.452169,34.393051,0 132.452222,34.393268,0 132.452233,34.393564,0 132.452190,34.393558,0 132.452190,34.393574,0 132.452189,34.393589,0 132.452188,34.393623,0 132.452187,34.393656,0 132.452184,34.393671,0 132.452232,34.393679,0 132.452317,34.393709,0 132.452596,34.393858,0 132.452649,34.393878,0 132.452833,34.393928,0 132.453292,34.394061,0 132.453333,34.394072,0 132.453925,34.394224,0 132.453974,34.394242,0 132.453965,34.394257,0 132.453824,34.394438,0 132.453639,34.394803,0 132.453529,34.394989,0 132.453365,34.395303,0 132.453336,34.395392,0 132.453325,34.395430,0</coordinates></LineString></Placemark><Placemark><name>d5·14 🚶 Domo de la Bomba Atómica → Hondōri ⇒ hotel</name><styleUrl>#L7a6f633</styleUrl><LineString><tessellate>1</tessellate><coordinates>132.453325,34.395430,0 132.453336,34.395392,0 132.453365,34.395303,0 132.453529,34.394989,0 132.453639,34.394803,0 132.453824,34.394438,0 132.453965,34.394257,0 132.453974,34.394242,0 132.454097,34.394274,0 132.454124,34.394277,0 132.454168,34.394292,0 132.454215,34.394308,0 132.454224,34.394312,0 132.454257,34.394307,0 132.454263,34.394299,0 132.454290,34.394258,0 132.454498,34.394319,0 132.455103,34.394153,0 132.455109,34.394152,0 132.455826,34.393956,0 132.455864,34.393945,0 132.455899,34.393934,0 132.456365,34.393811,0 132.456851,34.393684,0 132.456876,34.393676,0 132.456863,34.393635,0 132.456848,34.393585,0 132.456874,34.393578,0 132.456880,34.393577,0 132.456936,34.393563,0 132.456999,34.393548,0 132.456990,34.393522,0 132.456997,34.393520,0 132.456956,34.393394,0</coordinates></LineString></Placemark><Placemark><name>d5·15 🚇 17:40 Tranvía Hiroden: Hondōri → Hiroshima-eki ⇒ hotel</name><styleUrl>#L0099446</styleUrl><LineString><tessellate>1</tessellate><coordinates>132.457008,34.393382,0 132.458412,34.395084,0 132.461605,34.394322,0 132.462832,34.394005,0 132.465089,34.393367,0 132.466905,34.393228,0 132.471103,34.392704,0 132.474551,34.393136,0 132.475379,34.397667,0</coordinates></LineString></Placemark><Placemark><name>d5·16 🚇 18:53 Shinkansen: Hiroshima → Shin-Osaka ⇒ hotel</name><styleUrl>#L1c50a06</styleUrl><LineString><tessellate>1</tessellate><coordinates>132.475379,34.397667,0 133.918266,34.666750,0 135.195468,34.706288,0 135.497888,34.733485,0</coordinates></LineString></Placemark></Folder>
<Folder><name>mar 6 · lugares</name><Placemark><name>1. 06:45 · Universal Studios Japan (d6)</name><styleUrl>#n1</styleUrl><description><![CDATA[]]></description><Point><coordinates>135.432319,34.665677,0</coordinates></Point></Placemark><Placemark><name>2. 08:30 · Super Nintendo World (d6)</name><styleUrl>#n2</styleUrl><description><![CDATA[]]></description><Point><coordinates>135.430323,34.667966,0</coordinates></Point></Placemark><Placemark><name>⭐ Super Nintendo World</name><styleUrl>#k_site</styleUrl><description><![CDATA[El mundo de Mario a escala real: entras por un tubo warp, los bloques suenan al golpearlos, Mario Kart es un ride con realidad aumentada y la Power-Up Band convierte el área entera en videojuego. — EN EL PLAN: mar 6 · 08<br/><a href="https://www.google.com/maps/search/?api=1&amp;query=34.667966,135.430323">Google Maps</a>]]></description><Point><coordinates>135.430323,34.667966,0</coordinates></Point></Placemark><Placemark><name>⭐ Universal Studios Japan</name><styleUrl>#k_site</styleUrl><description><![CDATA[El parque de Universal en Osaka: Nintendo, Harry Potter, Minions, Jaws — y en octubre, ambientación de Halloween. La fila temprana es LA estrategia. — EN EL PLAN: mar 6 · 06:45  Abrir en Google Maps<br/><a href="https://www.google.com/maps/search/?api=1&amp;query=34.665677,135.432319">Google Maps</a>]]></description><Point><coordinates>135.432319,34.665677,0</coordinates></Point></Placemark><Placemark><name>🍜 Acchichi Honpo</name><styleUrl>#resto_Take</styleUrl><description><![CDATA[Takoyaki hecho al momento, de pie en Dotonbori · ¥600 · Nivel 🎋 Take — días: dom 4 · mar 6  Abrir en Google Maps<br/><a href="https://www.google.com/maps/search/?api=1&amp;query=34.669240,135.503199">Google Maps</a>]]></description><Point><coordinates>135.503199,34.669240,0</coordinates></Point></Placemark><Placemark><name>🍜 Kinryu Ramen</name><styleUrl>#resto_Take</styleUrl><description><![CDATA[Ramen del dragón dorado, abierto casi siempre · ¥900 · Nivel 🎋 Take — días: dom 4 · mar 6  Abrir en Google Maps<br/><a href="https://www.google.com/maps/search/?api=1&amp;query=34.668669,135.503052">Google Maps</a>]]></description><Point><coordinates>135.503052,34.668669,0</coordinates></Point></Placemark><Placemark><name>🍜 Ichiran Dotonbori</name><styleUrl>#resto_Take</styleUrl><description><![CDATA[Tonkotsu en cabina individual — el rito clásico · ¥980–1,320 · Nivel 🎋 Take — días: dom 4 · mar 6 · mié 7  Abrir en Google Maps<br/><a href="https://www.google.com/maps/search/?api=1&amp;query=34.668422,135.503224">Google Maps</a>]]></description><Point><coordinates>135.503224,34.668422,0</coordinates></Point></Placemark><Placemark><name>🍜 Mizuno</name><styleUrl>#resto_Ai</styleUrl><description><![CDATA[Okonomiyaki de tradición (1945), fila corta de noche · ¥1,600 · Nivel 🌊 Ai — días: dom 4 · mar 6  Abrir en Google Maps<br/><a href="https://www.google.com/maps/search/?api=1&amp;query=34.668355,135.503223">Google Maps</a>]]></description><Point><coordinates>135.503223,34.668355,0</coordinates></Point></Placemark><Placemark><name>🍜 Chibo</name><styleUrl>#resto_Ai</styleUrl><description><![CDATA[Okonomiyaki con plancha en la mesa · ¥2,000 · Nivel 🌊 Ai — días: dom 4 · mar 6  Abrir en Google Maps<br/><a href="https://www.google.com/maps/search/?api=1&amp;query=34.668855,135.503838">Google Maps</a>]]></description><Point><coordinates>135.503838,34.668855,0</coordinates></Point></Placemark><Placemark><name>🍜 Daruma Dotonbori</name><styleUrl>#resto_Ai</styleUrl><description><![CDATA[Kushikatsu (brochetas empanizadas) — regla: NO doble dip · ¥2,500 · Nivel 🌊 Ai — días: dom 4 · mar 6  Abrir en Google Maps<br/><a href="https://www.google.com/maps/search/?api=1&amp;query=34.668835,135.502638">Google Maps</a>]]></description><Point><coordinates>135.502638,34.668835,0</coordinates></Point></Placemark><Placemark><name>🍜 Hariju</name><styleUrl>#resto_Shu</styleUrl><description><![CDATA[Sukiyaki y shabu de res, casona de 1948 frente al canal · ¥7–10,000 · Nivel 🔴 Shu — días: dom 4 · mar 6  Abrir en Google Maps<br/><a href="https://www.google.com/maps/search/?api=1&amp;query=34.668541,135.500647">Google Maps</a>]]></description><Point><coordinates>135.500647,34.668541,0</coordinates></Point></Placemark><Placemark><name>🍜 Kani Douraku honten</name><styleUrl>#resto_Shu</styleUrl><description><![CDATA[Kaiseki de cangrejo — el del letrero gigante que se mueve · ¥6–12,000 · Nivel 🔴 Shu — días: dom 4 · mar 6 · mié 7  Abrir en Google Maps<br/><a href="https://www.google.com/maps/search/?api=1&amp;query=34.668799,135.501487">Google Maps</a>]]></description><Point><coordinates>135.501487,34.668799,0</coordinates></Point></Placemark><Placemark><name>🍜 Matsusakagyu M Dotonbori</name><styleUrl>#resto_Shu</styleUrl><description><![CDATA[Yakiniku de res Matsusaka (rival de Kobe) · ¥8–12,000 · Nivel 🔴 Shu — días: dom 4 · mar 6 · mié 7  Abrir en Google Maps<br/><a href="https://www.google.com/maps/search/?api=1&amp;query=34.671486,135.502594">Google Maps</a>]]></description><Point><coordinates>135.502594,34.671486,0</coordinates></Point></Placemark></Folder>
<Folder><name>mar 6 · rutas</name><Placemark><name>d6·1 🚇 06:10 Metro Sakaisuji: Kitahama → Sakaisuji-Hommachi ⇒ Universal Studios Japan</name><styleUrl>#L8147216</styleUrl><LineString><tessellate>1</tessellate><coordinates>135.506961,34.687045,0 135.506814,34.686763,0 135.506648,34.687038,0</coordinates></LineString></Placemark><Placemark><name>d6·2 🚇 06:15 Metro Chūō (Osaka): Sakaisuji-Hommachi → Bentenchō ⇒ Universal Studios Japan</name><styleUrl>#L019a666</styleUrl><LineString><tessellate>1</tessellate><coordinates>135.506976,34.681829,0 135.498829,34.682007,0 135.486543,34.681281,0 135.473350,34.675250,0 135.461987,34.670158,0</coordinates></LineString></Placemark><Placemark><name>d6·3 🚇 06:25 JR Osaka Loop Line: Bentenchō → Nishikujō ⇒ Universal Studios Japan</name><styleUrl>#Le800006</styleUrl><LineString><tessellate>1</tessellate><coordinates>135.463024,34.674108,0 135.463258,34.674347,0 135.463329,34.674045,0</coordinates></LineString></Placemark><Placemark><name>d6·4 🚇 06:25 JR Yumesaki (ramal Universal): Nishikujō → Universal City ⇒ Universal Studios Japan</name><styleUrl>#Le800006</styleUrl><LineString><tessellate>1</tessellate><coordinates>135.465801,34.682725,0 135.441938,34.669932,0 135.438558,34.667805,0</coordinates></LineString></Placemark><Placemark><name>d6·5 🚶 Universal City → Universal Studios Japan</name><styleUrl>#L7a6f633</styleUrl><LineString><tessellate>1</tessellate><coordinates>135.438676,34.667720,0 135.438643,34.667689,0 135.438705,34.667634,0 135.438745,34.667599,0 135.438750,34.667602,0 135.438774,34.667581,0 135.438768,34.667577,0 135.438788,34.667559,0 135.438796,34.667552,0 135.438607,34.667417,0 135.438079,34.667067,0 135.438026,34.667065,0 135.438000,34.667064,0 135.437972,34.667061,0 135.437953,34.667059,0 135.437908,34.667058,0 135.437768,34.667130,0 135.437752,34.667137,0 135.437739,34.667123,0 135.437535,34.667221,0 135.437325,34.667326,0 135.436485,34.667739,0 135.436474,34.667745,0 135.436041,34.668004,0 135.436176,34.668089,0 135.436207,34.668048,0 135.436255,34.667966,0 135.436300,34.667904,0 135.435911,34.667689,0 135.435840,34.667649,0 135.435805,34.667659,0 135.435267,34.667810,0 135.435178,34.667315,0 135.435142,34.667134,0 135.435116,34.667000,0 135.435109,34.666964,0 135.435105,34.666943,0 135.434988,34.666339,0 135.434978,34.666285,0 135.434471,34.666347,0 135.434344,34.666362,0 135.434339,34.666363,0 135.434312,34.666366,0 135.434055,34.666403,0 135.434003,34.666410,0 135.433976,34.666408,0 135.433951,34.666403,0 135.433926,34.666391,0 135.433895,34.666373,0 135.433064,34.665843,0 135.432988,34.665770,0 135.432982,34.665764,0 135.432914,34.665697,0 135.432907,34.665675,0 135.432911,34.665656,0 135.432872,34.665640,0 135.432832,34.665618,0 135.432805,34.665619,0 135.432774,34.665574,0 135.432747,34.665591,0 135.432730,34.665602,0 135.432682,34.665612,0 135.432656,34.665612,0 135.432604,34.665607,0 135.432564,34.665603,0 135.432535,34.665600,0 135.432502,34.665608,0 135.432466,34.665624,0 135.432408,34.665658,0 135.432382,34.665675,0 135.432399,34.665692,0 135.432381,34.665704,0 135.432338,34.665730,0 135.432306,34.665714,0 135.432475,34.665604,0 135.432381,34.665579,0 135.432352,34.665582,0 135.432341,34.665593,0 135.432312,34.665626,0 135.432296,34.665672,0</coordinates></LineString></Placemark><Placemark><name>d6·6 🚶 Universal Studios Japan → Super Nintendo World</name><styleUrl>#L7a6f633</styleUrl><LineString><tessellate>1</tessellate><coordinates>135.432296,34.665672,0 135.432312,34.665626,0 135.432341,34.665593,0 135.432352,34.665582,0 135.432381,34.665579,0 135.432475,34.665604,0 135.432306,34.665714,0 135.432338,34.665730,0 135.432381,34.665704,0 135.432399,34.665692,0 135.432382,34.665675,0 135.432346,34.665699,0 135.432305,34.665722,0 135.432281,34.665735,0 135.432280,34.665745,0 135.432276,34.665752,0 135.432266,34.665762,0 135.432253,34.665768,0 135.432244,34.665770,0 135.432231,34.665769,0 135.432211,34.665777,0 135.432194,34.665813,0 135.432160,34.665824,0 135.432136,34.665829,0 135.432099,34.665848,0 135.432064,34.665868,0 135.432035,34.665887,0 135.432024,34.665898,0 135.431970,34.665939,0 135.431941,34.665924,0 135.431912,34.665919,0 135.431860,34.665851,0 135.431725,34.665756,0 135.431664,34.665717,0 135.431608,34.665686,0 135.431567,34.665663,0 135.431496,34.665633,0 135.431378,34.665604,0 135.431245,34.665577,0 135.431114,34.665557,0 135.431035,34.665558,0 135.430975,34.665566,0 135.430564,34.665641,0 135.430352,34.665701,0 135.430281,34.665757,0 135.430235,34.665815,0 135.430218,34.665868,0 135.430210,34.665907,0 135.430198,34.665919,0 135.430218,34.665982,0 135.430190,34.666048,0 135.430146,34.666155,0 135.430111,34.666277,0 135.430103,34.666342,0 135.430105,34.666436,0 135.430150,34.666503,0 135.430234,34.666561,0 135.430360,34.666671,0 135.430392,34.666733,0 135.430374,34.666847,0 135.430410,34.666919,0 135.430451,34.666976,0 135.430463,34.667046,0 135.430474,34.667160,0 135.430493,34.667252,0 135.430479,34.667348,0 135.430469,34.667430,0 135.430485,34.667484,0 135.430505,34.667574,0 135.430468,34.667665,0 135.430462,34.667674,0 135.430424,34.667750,0 135.430393,34.667812,0 135.430342,34.667782,0 135.430365,34.667740,0 135.430337,34.667727,0 135.430295,34.667835,0 135.430265,34.667910,0 135.430290,34.667948,0 135.430292,34.667952,0 135.430306,34.667973,0 135.430319,34.667976,0</coordinates></LineString></Placemark><Placemark><name>d6·7 🚶 Super Nintendo World → Universal City ⇒ hotel</name><styleUrl>#L7a6f633</styleUrl><LineString><tessellate>1</tessellate><coordinates>135.430319,34.667976,0 135.430306,34.667973,0 135.430292,34.667952,0 135.430290,34.667948,0 135.430265,34.667910,0 135.430295,34.667835,0 135.430337,34.667727,0 135.430365,34.667740,0 135.430342,34.667782,0 135.430393,34.667812,0 135.430424,34.667750,0 135.430462,34.667674,0 135.430468,34.667665,0 135.430505,34.667574,0 135.430485,34.667484,0 135.430469,34.667430,0 135.430479,34.667348,0 135.430493,34.667252,0 135.430474,34.667160,0 135.430463,34.667046,0 135.430451,34.666976,0 135.430410,34.666919,0 135.430374,34.666847,0 135.430392,34.666733,0 135.430360,34.666671,0 135.430234,34.666561,0 135.430150,34.666503,0 135.430105,34.666436,0 135.430103,34.666342,0 135.430111,34.666277,0 135.430146,34.666155,0 135.430190,34.666048,0 135.430218,34.665982,0 135.430198,34.665919,0 135.430210,34.665907,0 135.430218,34.665868,0 135.430235,34.665815,0 135.430281,34.665757,0 135.430352,34.665701,0 135.430564,34.665641,0 135.430975,34.665566,0 135.431035,34.665558,0 135.431114,34.665557,0 135.431245,34.665577,0 135.431378,34.665604,0 135.431496,34.665633,0 135.431567,34.665663,0 135.431608,34.665686,0 135.431664,34.665717,0 135.431725,34.665756,0 135.431860,34.665851,0 135.431912,34.665919,0 135.431941,34.665924,0 135.431970,34.665939,0 135.432024,34.665898,0 135.432035,34.665887,0 135.432064,34.665868,0 135.432099,34.665848,0 135.432136,34.665829,0 135.432160,34.665824,0 135.432194,34.665813,0 135.432211,34.665777,0 135.432231,34.665769,0 135.432244,34.665770,0 135.432253,34.665768,0 135.432266,34.665762,0 135.432276,34.665752,0 135.432280,34.665745,0 135.432281,34.665735,0 135.432305,34.665722,0 135.432346,34.665699,0 135.432382,34.665675,0 135.432408,34.665658,0 135.432466,34.665624,0 135.432502,34.665608,0 135.432535,34.665600,0 135.432564,34.665603,0 135.432604,34.665607,0 135.432656,34.665612,0 135.432682,34.665612,0 135.432730,34.665602,0 135.432747,34.665591,0 135.432774,34.665574,0 135.432805,34.665619,0 135.432832,34.665618,0 135.432872,34.665640,0 135.432911,34.665656,0 135.432907,34.665675,0 135.432914,34.665697,0 135.432982,34.665764,0 135.432988,34.665770,0 135.433064,34.665843,0 135.433895,34.666373,0 135.433926,34.666391,0 135.433951,34.666403,0 135.433976,34.666408,0 135.434003,34.666410,0 135.434055,34.666403,0 135.434312,34.666366,0 135.434339,34.666363,0 135.434344,34.666362,0 135.434471,34.666347,0 135.434978,34.666285,0 135.434988,34.666339,0 135.435105,34.666943,0 135.435109,34.666964,0 135.435116,34.667000,0 135.435142,34.667134,0 135.435178,34.667315,0 135.435267,34.667810,0 135.435805,34.667659,0 135.435840,34.667649,0 135.435911,34.667689,0 135.436300,34.667904,0 135.436255,34.667966,0 135.436207,34.668048,0 135.436176,34.668089,0 135.436041,34.668004,0 135.436474,34.667745,0 135.436485,34.667739,0 135.437325,34.667326,0 135.437535,34.667221,0 135.437739,34.667123,0 135.437752,34.667137,0 135.437768,34.667130,0 135.437908,34.667058,0 135.437953,34.667059,0 135.437972,34.667061,0 135.438000,34.667064,0 135.438026,34.667065,0 135.438079,34.667067,0 135.438607,34.667417,0 135.438796,34.667552,0 135.438788,34.667559,0 135.438768,34.667577,0 135.438774,34.667581,0 135.438750,34.667602,0 135.438745,34.667599,0 135.438705,34.667634,0 135.438643,34.667689,0 135.438676,34.667720,0</coordinates></LineString></Placemark><Placemark><name>d6·8 🚇 19:00 JR Yumesaki (ramal Universal): Universal City → Nishikujō ⇒ hotel</name><styleUrl>#Le800006</styleUrl><LineString><tessellate>1</tessellate><coordinates>135.438558,34.667805,0 135.441938,34.669932,0 135.465801,34.682725,0</coordinates></LineString></Placemark><Placemark><name>d6·9 🚇 19:10 JR Osaka Loop Line: Nishikujō → Bentenchō ⇒ hotel</name><styleUrl>#Le800006</styleUrl><LineString><tessellate>1</tessellate><coordinates>135.464764,34.678774,0 135.464530,34.678536,0 135.464460,34.678838,0</coordinates></LineString></Placemark><Placemark><name>d6·10 🚇 19:10 Metro Chūō (Osaka): Bentenchō → Sakaisuji-Hommachi ⇒ hotel</name><styleUrl>#L019a666</styleUrl><LineString><tessellate>1</tessellate><coordinates>135.461987,34.670158,0 135.473350,34.675250,0 135.486543,34.681281,0 135.498829,34.682007,0 135.506976,34.681829,0</coordinates></LineString></Placemark></Folder>
<Folder><name>mié 7 · lugares</name><Placemark><name>1. 06:30 · Parque de Nara (d7)</name><styleUrl>#n1</styleUrl><description><![CDATA[]]></description><Point><coordinates>135.843012,34.685047,0</coordinates></Point></Placemark><Placemark><name>2. 07:30 · Tōdai-ji (d7)</name><styleUrl>#n2</styleUrl><description><![CDATA[]]></description><Point><coordinates>135.839816,34.688985,0</coordinates></Point></Placemark><Placemark><name>3. 09:35 · Kasuga Taisha (d7)</name><styleUrl>#n3</styleUrl><description><![CDATA[]]></description><Point><coordinates>135.848472,34.681545,0</coordinates></Point></Placemark><Placemark><name>4. 10:50 · Kōfuku-ji (d7)</name><styleUrl>#n4</styleUrl><description><![CDATA[]]></description><Point><coordinates>135.831159,34.683231,0</coordinates></Point></Placemark><Placemark><name>5. 11:50 · Naramachi (d7)</name><styleUrl>#n5</styleUrl><description><![CDATA[]]></description><Point><coordinates>135.834834,34.676001,0</coordinates></Point></Placemark><Placemark><name>6. 13:45 · Jardín Yoshikien (d7)</name><styleUrl>#n6</styleUrl><description><![CDATA[]]></description><Point><coordinates>135.836310,34.685476,0</coordinates></Point></Placemark><Placemark><name>🍜 Ichiran Dotonbori</name><styleUrl>#resto_Take</styleUrl><description><![CDATA[Tonkotsu en cabina individual — el rito clásico · ¥980–1,320 · Nivel 🎋 Take — días: dom 4 · mar 6 · mié 7  Abrir en Google Maps<br/><a href="https://www.google.com/maps/search/?api=1&amp;query=34.668422,135.503224">Google Maps</a>]]></description><Point><coordinates>135.503224,34.668422,0</coordinates></Point></Placemark><Placemark><name>🍜 Kani Douraku honten</name><styleUrl>#resto_Shu</styleUrl><description><![CDATA[Kaiseki de cangrejo — el del letrero gigante que se mueve · ¥6–12,000 · Nivel 🔴 Shu — días: dom 4 · mar 6 · mié 7  Abrir en Google Maps<br/><a href="https://www.google.com/maps/search/?api=1&amp;query=34.668799,135.501487">Google Maps</a>]]></description><Point><coordinates>135.501487,34.668799,0</coordinates></Point></Placemark><Placemark><name>🍜 Matsusakagyu M Dotonbori</name><styleUrl>#resto_Shu</styleUrl><description><![CDATA[Yakiniku de res Matsusaka (rival de Kobe) · ¥8–12,000 · Nivel 🔴 Shu — días: dom 4 · mar 6 · mié 7  Abrir en Google Maps<br/><a href="https://www.google.com/maps/search/?api=1&amp;query=34.671486,135.502594">Google Maps</a>]]></description><Point><coordinates>135.502594,34.671486,0</coordinates></Point></Placemark><Placemark><name>🍜 Matsusakagyu M Namba</name><styleUrl>#resto_Ai</styleUrl><description><![CDATA[Yakiniku Matsusaka, sucursal Namba — reservar · ¥8–10,000 · Nivel 🌊 Ai — días: mié 7 · jue 8  Abrir en Google Maps<br/><a href="https://www.google.com/maps/search/?api=1&amp;query=34.671486,135.502594">Google Maps</a>]]></description><Point><coordinates>135.502594,34.671486,0</coordinates></Point></Placemark><Placemark><name>🍜 Torikizoku</name><styleUrl>#resto_Take</styleUrl><description><![CDATA[Yakitori de cadena: TODO a ¥370 el pincho — ideal 10 personas · ¥2,500 · Nivel 🎋 Take — días: mié 7 · vie 16  Abrir en Google Maps<br/><a href="https://www.google.com/maps/search/?api=1&amp;query=34.664054,135.502786">Google Maps</a>]]></description><Point><coordinates>135.502786,34.664054,0</coordinates></Point></Placemark><Placemark><name>🍜 Kushikatsu Bon</name><styleUrl>#resto_Ai</styleUrl><description><![CDATA[Kushikatsu omakase refinado (estrella Michelin) — reservar · ¥6,000 · Nivel 🌊 Ai — días: mié 7  Abrir en Google Maps<br/><a href="https://www.google.com/maps/search/?api=1&amp;query=34.696607,135.497225">Google Maps</a>]]></description><Point><coordinates>135.497225,34.696607,0</coordinates></Point></Placemark><Placemark><name>🍜 Misono</name><styleUrl>#resto_Shu</styleUrl><description><![CDATA[El INVENTOR del teppanyaki (1945): res Kobe en plancha · ¥12–15,000 · Nivel 🔴 Shu — días: mié 7  Abrir en Google Maps<br/><a href="https://www.google.com/maps/search/?api=1&amp;query=34.697864,135.499083">Google Maps</a>]]></description><Point><coordinates>135.499083,34.697864,0</coordinates></Point></Placemark><Placemark><name>⭐ Parque de Nara</name><styleUrl>#k_site</styleUrl><description><![CDATA[El parque donde ~1,300 venados sika viven sueltos y hacen reverencia pidiendo galletas (shika senbei, ¥200). Entre ellos: templos, museos y céspedes infinitos. — EN EL PLAN: mié 7 · 06:30  Abrir en Google Maps<br/><a href="https://www.google.com/maps/search/?api=1&amp;query=34.685047,135.843012">Google Maps</a>]]></description><Point><coordinates>135.843012,34.685047,0</coordinates></Point></Placemark><Placemark><name>⭐ Tōdai-ji</name><styleUrl>#k_site</styleUrl><description><![CDATA[El Gran Buda: 15 m de bronce sentado dentro de uno de los edificios de madera más grandes del mundo. Cruzar la puerta y verlo quita el aliento. — EN EL PLAN: mié 7 · 07:30  Abrir en Google Maps<br/><a href="https://www.google.com/maps/search/?api=1&amp;query=34.688985,135.839816">Google Maps</a>]]></description><Point><coordinates>135.839816,34.688985,0</coordinates></Point></Placemark><Placemark><name>⭐ Kasuga Taisha</name><styleUrl>#k_site</styleUrl><description><![CDATA[El santuario de las 3,000 linternas: piedra cubierta de musgo en el sendero, bronce dorado colgando de los pasillos bermellón. — EN EL PLAN: mié 7 · 09:35  Abrir en Google Maps<br/><a href="https://www.google.com/maps/search/?api=1&amp;query=34.681545,135.848472">Google Maps</a>]]></description><Point><coordinates>135.848472,34.681545,0</coordinates></Point></Placemark><Placemark><name>⭐ Kōfuku-ji</name><styleUrl>#k_site</styleUrl><description><![CDATA[La pagoda de 5 pisos que es el ícono de Nara (50 m, la segunda más alta de Japón), con salones llenos de budas Tesoro Nacional. — EN EL PLAN: mié 7 · 10:50  Abrir en Google Maps<br/><a href="https://www.google.com/maps/search/?api=1&amp;query=34.683231,135.831159">Google Maps</a>]]></description><Point><coordinates>135.831159,34.683231,0</coordinates></Point></Placemark><Placemark><name>⭐ Naramachi</name><styleUrl>#k_site</styleUrl><description><![CDATA[El casco viejo de casitas de madera (machiya): tiendas artesanales, cafés en patios y los monitos rojos colgantes que protegen las casas. — EN EL PLAN: mié 7 · 11:50  Abrir en Google Maps<br/><a href="https://www.google.com/maps/search/?api=1&amp;query=34.676001,135.834834">Google Maps</a>]]></description><Point><coordinates>135.834834,34.676001,0</coordinates></Point></Placemark><Placemark><name>⭐ Jardín Yoshikien</name><styleUrl>#k_site</styleUrl><description><![CDATA[Tres jardines en uno — musgo, estanque y casa de té — gratis para visitantes extranjeros y casi siempre vacío. — EN EL PLAN: mié 7 · 13:45  Abrir en Google Maps<br/><a href="https://www.google.com/maps/search/?api=1&amp;query=34.685476,135.836310">Google Maps</a>]]></description><Point><coordinates>135.836310,34.685476,0</coordinates></Point></Placemark></Folder>
<Folder><name>mié 7 · rutas</name><Placemark><name>d7·1 🚇 05:20 Metro Sakaisuji: Kitahama → Nippombashi ⇒ Parque de Nara</name><styleUrl>#L8147216</styleUrl><LineString><tessellate>1</tessellate><coordinates>135.506652,34.691696,0 135.506976,34.681829,0 135.506331,34.674460,0 135.506120,34.666968,0</coordinates></LineString></Placemark><Placemark><name>d7·2 🚶 Nippombashi → Osaka-Namba ⇒ Parque de Nara</name><styleUrl>#L7a6f633</styleUrl><LineString><tessellate>1</tessellate><coordinates>135.506116,34.666968,0 135.506119,34.667130,0 135.505944,34.667140,0 135.505947,34.667192,0 135.505947,34.667244,0 135.505665,34.667250,0 135.505636,34.667262,0 135.505608,34.667277,0 135.505526,34.667279,0 135.505253,34.667288,0 135.505207,34.667271,0 135.505155,34.667259,0 135.504936,34.667265,0 135.504346,34.667272,0 135.504289,34.667273,0 135.504253,34.667272,0 135.504225,34.667272,0 135.504201,34.667272,0 135.503775,34.667283,0 135.503457,34.667288,0 135.503389,34.667290,0 135.503141,34.667293,0 135.503025,34.667298,0 135.502407,34.667302,0 135.502310,34.667305,0 135.502183,34.667308,0 135.501461,34.667322,0 135.501357,34.667324,0 135.501223,34.667327,0 135.500885,34.667334,0 135.500659,34.667338,0 135.500530,34.667341,0 135.500531,34.667268,0 135.500531,34.667234,0 135.500530,34.667029,0 135.500530,34.666995,0 135.500528,34.666919,0 135.500454,34.666908,0 135.500402,34.666909,0 135.500353,34.666909,0 135.500296,34.666910,0 135.500149,34.666908,0 135.500139,34.666928,0 135.500017,34.666928,0 135.499847,34.666928,0 135.499420,34.666929,0 135.499318,34.666931,0 135.498827,34.666941,0 135.498509,34.666948,0 135.498202,34.666985,0 135.498189,34.666986,0 135.498117,34.666995,0 135.498018,34.667009,0 135.497989,34.667011,0 135.497929,34.667015,0 135.497885,34.667018,0 135.497824,34.667022,0 135.497793,34.667106,0 135.497606,34.667137,0 135.497531,34.667158,0 135.497492,34.667168,0 135.497404,34.667160,0 135.497226,34.667112,0 135.497046,34.667064,0 135.497016,34.667095,0 135.496980,34.667097,0 135.496951,34.667086,0 135.496893,34.667098,0 135.496835,34.667112,0 135.496841,34.667131,0 135.496815,34.667135,0 135.496791,34.667138,0 135.496759,34.667143,0 135.496705,34.667151,0 135.496687,34.667198,0 135.496624,34.667218,0 135.496592,34.667237,0 135.496539,34.667245,0 135.496512,34.667237,0 135.496405,34.667259,0 135.496387,34.667195,0 135.496406,34.667192,0 135.496409,34.667198,0 135.496427,34.667195,0 135.496597,34.667163,0 135.496625,34.667159,0 135.496622,34.667151,0 135.496651,34.667148,0 135.496687,34.667146,0 135.496826,34.667432,0 135.498550,34.667145,0 135.500342,34.667113,0</coordinates></LineString></Placemark><Placemark><name>d7·3 🚇 05:30 Kintetsu Nara Line: Osaka-Namba → Kintetsu-Nara ⇒ Parque de Nara</name><styleUrl>#Ld700296</styleUrl><LineString><tessellate>1</tessellate><coordinates>135.500342,34.667098,0 135.506063,34.666976,0 135.520150,34.665581,0 135.530318,34.665246,0 135.697921,34.693236,0 135.750546,34.697283,0 135.782681,34.693798,0 135.827528,34.684249,0</coordinates></LineString></Placemark><Placemark><name>d7·4 🚶 Kintetsu-Nara → Parque de Nara</name><styleUrl>#L7a6f633</styleUrl><LineString><tessellate>1</tessellate><coordinates>135.827517,34.684249,0 135.827517,34.684222,0 135.827623,34.684221,0 135.827708,34.684220,0 135.828091,34.684218,0 135.828569,34.684216,0 135.828677,34.684219,0 135.828757,34.684221,0 135.829170,34.684309,0 135.829428,34.684349,0 135.830623,34.684351,0 135.831801,34.684347,0 135.831872,34.684347,0 135.831950,34.684346,0 135.832729,34.684337,0 135.832958,34.684336,0 135.833042,34.684327,0 135.833126,34.684322,0 135.833962,34.684304,0 135.834150,34.684301,0 135.834351,34.684294,0 135.834615,34.684294,0 135.834818,34.684294,0 135.835274,34.684293,0 135.835778,34.684298,0 135.835907,34.684302,0 135.836233,34.684304,0 135.836409,34.684271,0 135.836490,34.684256,0 135.836817,34.684138,0 135.837421,34.683957,0 135.837449,34.684021,0 135.837464,34.684054,0 135.837797,34.683955,0 135.837975,34.683909,0 135.837995,34.683908,0 135.838055,34.683910,0 135.838138,34.683889,0 135.838193,34.683873,0 135.838228,34.683844,0 135.838773,34.683736,0 135.839016,34.683693,0 135.839601,34.683585,0 135.839697,34.683601,0 135.839758,34.683629,0 135.839894,34.683612,0 135.839961,34.683608,0 135.840019,34.683606,0 135.840019,34.683641,0 135.840077,34.683642,0 135.840306,34.683646,0 135.840308,34.683717,0 135.840476,34.683714,0 135.840742,34.683709,0 135.840745,34.683761,0 135.840946,34.683759,0 135.841055,34.683767,0 135.841130,34.683783,0 135.841218,34.683823,0 135.841291,34.683860,0 135.841399,34.683900,0 135.841492,34.683935,0 135.841629,34.683965,0 135.841754,34.683975,0 135.841901,34.683985,0 135.842009,34.683979,0 135.842079,34.683971,0 135.842178,34.683956,0 135.842252,34.684010,0 135.842368,34.684093,0 135.842499,34.684186,0 135.842593,34.684300,0 135.842651,34.684458,0 135.842755,34.684525,0 135.842904,34.684762,0 135.842887,34.685042,0</coordinates></LineString></Placemark><Placemark><name>d7·5 🚶 Parque de Nara → Tōdai-ji</name><styleUrl>#L7a6f633</styleUrl><LineString><tessellate>1</tessellate><coordinates>135.842887,34.685042,0 135.842882,34.685127,0 135.842888,34.685357,0 135.842894,34.685595,0 135.842891,34.685693,0 135.842880,34.685983,0 135.842874,34.686325,0 135.842885,34.686402,0 135.842894,34.686465,0 135.842718,34.686520,0 135.841831,34.686511,0 135.841833,34.686534,0 135.841837,34.686588,0 135.841841,34.686617,0 135.841841,34.686655,0 135.841845,34.686675,0 135.841103,34.686663,0 135.840711,34.686666,0 135.840692,34.686774,0 135.840694,34.686877,0 135.840740,34.687009,0 135.840751,34.687127,0 135.840768,34.687140,0 135.840820,34.687214,0 135.840857,34.687266,0 135.840862,34.687292,0 135.840885,34.687438,0 135.840897,34.687667,0 135.840894,34.687736,0 135.840895,34.687806,0 135.840771,34.687778,0 135.840719,34.687778,0 135.840666,34.687778,0 135.840665,34.687815,0 135.840665,34.687861,0 135.840035,34.687860,0 135.839861,34.687859,0 135.839861,34.687945,0 135.839861,34.687990,0 135.839860,34.688448,0 135.839846,34.688450,0 135.839833,34.688456,0 135.839823,34.688464,0 135.839817,34.688474,0 135.839815,34.688486,0 135.839817,34.688497,0 135.839823,34.688508,0 135.839833,34.688516,0 135.839846,34.688522,0 135.839860,34.688524,0 135.839856,34.688652,0 135.839854,34.688698,0 135.839816,34.688698,0</coordinates></LineString></Placemark><Placemark><name>d7·6 🚶 Tōdai-ji → Kasuga Taisha</name><styleUrl>#L7a6f633</styleUrl><LineString><tessellate>1</tessellate><coordinates>135.839816,34.688698,0 135.839854,34.688698,0 135.839856,34.688652,0 135.839860,34.688524,0 135.839846,34.688522,0 135.839833,34.688516,0 135.839823,34.688508,0 135.839817,34.688497,0 135.839815,34.688486,0 135.839817,34.688474,0 135.839823,34.688464,0 135.839833,34.688456,0 135.839846,34.688450,0 135.839860,34.688448,0 135.839861,34.687990,0 135.839861,34.687945,0 135.839861,34.687859,0 135.840035,34.687860,0 135.840665,34.687861,0 135.840665,34.687815,0 135.840666,34.687778,0 135.840719,34.687778,0 135.840771,34.687778,0 135.840895,34.687806,0 135.840894,34.687736,0 135.840897,34.687667,0 135.840885,34.687438,0 135.840862,34.687292,0 135.840857,34.687266,0 135.840820,34.687214,0 135.840768,34.687140,0 135.840751,34.687127,0 135.840740,34.687009,0 135.840694,34.686877,0 135.840692,34.686774,0 135.840711,34.686666,0 135.841103,34.686663,0 135.841845,34.686675,0 135.841943,34.686677,0 135.842209,34.686698,0 135.842375,34.686712,0 135.842601,34.686676,0 135.842680,34.686674,0 135.842734,34.686691,0 135.842776,34.686713,0 135.842811,34.686734,0 135.842893,34.686823,0 135.842946,34.686863,0 135.843010,34.686902,0 135.843255,34.687026,0 135.843282,34.687040,0 135.843471,34.687184,0 135.843548,34.687247,0 135.843659,34.687287,0 135.843938,34.687317,0 135.844294,34.687337,0 135.844309,34.687284,0 135.844318,34.687240,0 135.844334,34.687165,0 135.844372,34.687074,0 135.844452,34.686985,0 135.844724,34.686878,0 135.844949,34.686788,0 135.845126,34.686685,0 135.845255,34.686627,0 135.845528,34.686412,0 135.845552,34.686441,0 135.845857,34.686453,0 135.845886,34.686429,0 135.845926,34.686388,0 135.846092,34.686207,0 135.846293,34.685981,0 135.846457,34.685784,0 135.846538,34.685676,0 135.846614,34.685574,0 135.846722,34.685407,0 135.846866,34.685186,0 135.847079,34.684858,0 135.847050,34.684756,0 135.847021,34.684602,0 135.847031,34.684473,0 135.847038,34.684392,0 135.847067,34.684338,0 135.847027,34.684266,0 135.846986,34.684199,0 135.846922,34.683639,0 135.846933,34.683477,0 135.846939,34.683385,0 135.846946,34.683284,0 135.847101,34.683286,0 135.847135,34.682682,0 135.847165,34.682659,0 135.847175,34.682610,0 135.847260,34.682028,0 135.847292,34.681806,0 135.847486,34.681786,0 135.847521,34.681766,0 135.847655,34.681688,0 135.847666,34.681607,0 135.847666,34.681549,0 135.847667,34.681380,0 135.847817,34.681382,0 135.847919,34.681383,0 135.847930,34.681163,0 135.847991,34.681162,0 135.848015,34.681162,0 135.848112,34.681164,0 135.848385,34.681167,0 135.848385,34.681167,0</coordinates></LineString></Placemark><Placemark><name>d7·7 🚶 Kasuga Taisha → Kōfuku-ji</name><styleUrl>#L7a6f633</styleUrl><LineString><tessellate>1</tessellate><coordinates>135.848385,34.681167,0 135.848112,34.681164,0 135.848015,34.681162,0 135.847991,34.681162,0 135.847930,34.681163,0 135.847776,34.681088,0 135.847651,34.681045,0 135.847648,34.681007,0 135.847644,34.680952,0 135.847523,34.680926,0 135.847275,34.680872,0 135.847163,34.680819,0 135.847074,34.680900,0 135.846947,34.681027,0 135.846863,34.680973,0 135.846668,34.680976,0 135.846652,34.681043,0 135.846497,34.681255,0 135.846164,34.681527,0 135.846198,34.681565,0 135.846107,34.681656,0 135.846072,34.681654,0 135.846005,34.681600,0 135.845926,34.681573,0 135.845822,34.681597,0 135.845780,34.681622,0 135.845576,34.681677,0 135.845439,34.682082,0 135.845437,34.682143,0 135.845258,34.682133,0 135.845163,34.682136,0 135.845110,34.682140,0 135.845010,34.682148,0 135.844606,34.682146,0 135.844217,34.682213,0 135.844176,34.682213,0 135.843790,34.682207,0 135.843652,34.682201,0 135.843638,34.682200,0 135.843464,34.682230,0 135.843351,34.682143,0 135.843268,34.682155,0 135.843224,34.682155,0 135.842768,34.682150,0 135.842766,34.682220,0 135.842688,34.682276,0 135.842570,34.682367,0 135.842470,34.682445,0 135.842312,34.682548,0 135.842203,34.682607,0 135.842032,34.682696,0 135.841894,34.682778,0 135.841814,34.682821,0 135.841717,34.682841,0 135.841576,34.682855,0 135.841507,34.682895,0 135.841440,34.682977,0 135.841333,34.683012,0 135.841224,34.683043,0 135.841071,34.683159,0 135.840922,34.683226,0 135.840780,34.683223,0 135.840594,34.683259,0 135.840315,34.683326,0 135.840063,34.683388,0 135.840026,34.683388,0 135.839954,34.683389,0 135.839889,34.683388,0 135.839815,34.683387,0 135.839728,34.683443,0 135.839685,34.683463,0 135.839454,34.683506,0 135.838814,34.683608,0 135.838623,34.683646,0 135.838200,34.683741,0 135.837822,34.683821,0 135.837421,34.683957,0 135.836817,34.684138,0 135.836490,34.684256,0 135.836409,34.684271,0 135.836233,34.684304,0 135.835907,34.684302,0 135.835778,34.684298,0 135.835274,34.684293,0 135.834818,34.684294,0 135.834615,34.684294,0 135.834351,34.684294,0 135.834150,34.684301,0 135.833962,34.684304,0 135.833126,34.684322,0 135.833042,34.684327,0 135.832958,34.684336,0 135.832729,34.684337,0 135.831950,34.684346,0 135.831872,34.684347,0 135.831872,34.684226,0 135.831862,34.683140,0 135.831740,34.683141,0 135.831731,34.682675,0 135.831728,34.682534,0 135.831624,34.682535,0 135.831166,34.682536,0 135.831167,34.682580,0 135.831166,34.682590,0 135.831167,34.682650,0 135.831167,34.682706,0 135.831167,34.682730,0 135.831164,34.682888,0 135.831160,34.683127,0</coordinates></LineString></Placemark><Placemark><name>d7·8 🚶 Kōfuku-ji → Naramachi</name><styleUrl>#L7a6f633</styleUrl><LineString><tessellate>1</tessellate><coordinates>135.831160,34.683127,0 135.831160,34.683127,0 135.831164,34.682888,0 135.831167,34.682730,0 135.831167,34.682706,0 135.831167,34.682650,0 135.831166,34.682590,0 135.831167,34.682580,0 135.831166,34.682536,0 135.831624,34.682535,0 135.831728,34.682534,0 135.831720,34.682091,0 135.831859,34.682104,0 135.833120,34.682123,0 135.833212,34.682121,0 135.833212,34.682078,0 135.833212,34.682038,0 135.833418,34.682036,0 135.833811,34.682040,0 135.833855,34.682040,0 135.834018,34.682038,0 135.834346,34.682045,0 135.834538,34.682041,0 135.834613,34.682022,0 135.834671,34.681988,0 135.834678,34.681922,0 135.834694,34.681800,0 135.834745,34.681381,0 135.834747,34.681346,0 135.834758,34.681279,0 135.834787,34.681088,0 135.834825,34.680962,0 135.834878,34.680751,0 135.834907,34.680642,0 135.834918,34.680389,0 135.834899,34.680052,0 135.834875,34.679851,0 135.834851,34.679710,0 135.834840,34.679667,0 135.834831,34.679574,0 135.834915,34.679383,0 135.834977,34.679208,0 135.834988,34.679108,0 135.834984,34.678939,0 135.834980,34.678809,0 135.834969,34.678605,0 135.834930,34.678477,0 135.834926,34.678268,0 135.834945,34.678133,0 135.834956,34.677971,0 135.834934,34.677894,0 135.834920,34.677871,0 135.834895,34.677813,0 135.834826,34.677743,0 135.834793,34.677731,0 135.834793,34.677717,0 135.834790,34.677681,0 135.834783,34.677565,0 135.834781,34.677538,0 135.834758,34.677505,0 135.834788,34.677474,0 135.834816,34.677445,0 135.834829,34.677409,0 135.834827,34.677214,0 135.834810,34.677192,0 135.834809,34.677173,0 135.834808,34.677157,0 135.834823,34.677142,0 135.834823,34.677129,0 135.834825,34.676929,0 135.834810,34.676078,0 135.834787,34.676063,0 135.834787,34.676033,0 135.834840,34.676022,0</coordinates></LineString></Placemark><Placemark><name>d7·9 🚶 Naramachi → Jardín Yoshikien</name><styleUrl>#L7a6f633</styleUrl><LineString><tessellate>1</tessellate><coordinates>135.834840,34.676022,0 135.834787,34.676033,0 135.834787,34.676063,0 135.834810,34.676078,0 135.834825,34.676929,0 135.834823,34.677129,0 135.834823,34.677142,0 135.834808,34.677157,0 135.834809,34.677173,0 135.834810,34.677192,0 135.834827,34.677214,0 135.834829,34.677409,0 135.834816,34.677445,0 135.834788,34.677474,0 135.834758,34.677505,0 135.834781,34.677538,0 135.834783,34.677565,0 135.834790,34.677681,0 135.834793,34.677717,0 135.834793,34.677731,0 135.834826,34.677743,0 135.834895,34.677813,0 135.834920,34.677871,0 135.834934,34.677894,0 135.834956,34.677971,0 135.834945,34.678133,0 135.834926,34.678268,0 135.834930,34.678477,0 135.834969,34.678605,0 135.834980,34.678809,0 135.834984,34.678939,0 135.834988,34.679108,0 135.834977,34.679208,0 135.834915,34.679383,0 135.834831,34.679574,0 135.834840,34.679667,0 135.834851,34.679710,0 135.834875,34.679851,0 135.834899,34.680052,0 135.834918,34.680389,0 135.834907,34.680642,0 135.834878,34.680751,0 135.834825,34.680962,0 135.834787,34.681088,0 135.834758,34.681279,0 135.834747,34.681346,0 135.834745,34.681381,0 135.834694,34.681800,0 135.834678,34.681922,0 135.834671,34.681988,0 135.834613,34.682022,0 135.834614,34.682089,0 135.834615,34.682161,0 135.834659,34.682201,0 135.834700,34.682271,0 135.834692,34.682714,0 135.834637,34.682714,0 135.834635,34.683362,0 135.834616,34.683467,0 135.834650,34.683611,0 135.834640,34.683673,0 135.834581,34.683761,0 135.834477,34.683850,0 135.834447,34.683900,0 135.834348,34.684141,0 135.834309,34.684175,0 135.834272,34.684184,0 135.834147,34.684189,0 135.834150,34.684301,0 135.834351,34.684294,0 135.834615,34.684294,0 135.834615,34.684603,0 135.834817,34.684603,0 135.834816,34.684690,0 135.834858,34.684691,0 135.834860,34.684553,0 135.834806,34.684613,0 135.834793,34.684680,0 135.834776,34.685573,0 135.834775,34.685661,0 135.834774,34.685705,0 135.835081,34.685715,0 135.835623,34.685721,0 135.836409,34.685732,0 135.836427,34.685708,0 135.836564,34.685692,0 135.836596,34.685693,0 135.836616,34.685701,0 135.836627,34.685701,0 135.836625,34.685688,0 135.836607,34.685665,0 135.836586,34.685649,0 135.836537,34.685653,0 135.836496,34.685648,0 135.836491,34.685630,0 135.836489,34.685591,0 135.836496,34.685533,0 135.836496,34.685475,0</coordinates></LineString></Placemark><Placemark><name>d7·10 🚶 Jardín Yoshikien → Kintetsu-Nara ⇒ hotel</name><styleUrl>#L7a6f633</styleUrl><LineString><tessellate>1</tessellate><coordinates>135.836496,34.685475,0 135.836496,34.685533,0 135.836489,34.685591,0 135.836491,34.685630,0 135.836496,34.685648,0 135.836537,34.685653,0 135.836586,34.685649,0 135.836607,34.685665,0 135.836625,34.685688,0 135.836627,34.685701,0 135.836616,34.685701,0 135.836596,34.685693,0 135.836564,34.685692,0 135.836427,34.685708,0 135.836409,34.685732,0 135.835623,34.685721,0 135.835081,34.685715,0 135.834774,34.685705,0 135.834705,34.685693,0 135.834576,34.685672,0 135.834574,34.685731,0 135.834528,34.685716,0 135.834342,34.685701,0 135.834080,34.685683,0 135.833916,34.685681,0 135.833389,34.685682,0 135.833113,34.685679,0 135.833027,34.685674,0 135.832925,34.685673,0 135.832164,34.685673,0 135.832074,34.685673,0 135.831921,34.685674,0 135.831875,34.685671,0 135.831841,34.685671,0 135.831841,34.685646,0 135.831840,34.685589,0 135.831840,34.685502,0 135.831840,34.685419,0 135.831618,34.685371,0 135.831532,34.685352,0 135.831466,34.685328,0 135.831421,34.685301,0 135.831374,34.685272,0 135.831330,34.685186,0 135.831326,34.685123,0 135.831320,34.685072,0 135.831292,34.685019,0 135.831070,34.684602,0 135.831028,34.684602,0 135.830693,34.684600,0 135.830493,34.684599,0 135.829288,34.684592,0 135.828949,34.684542,0 135.828773,34.684543,0 135.828741,34.684542,0 135.828606,34.684541,0 135.828477,34.684462,0 135.827708,34.684471,0 135.827608,34.684472,0 135.827575,34.684472,0 135.827519,34.684504,0 135.827518,34.684369,0 135.827517,34.684273,0 135.827517,34.684249,0</coordinates></LineString></Placemark><Placemark><name>d7·11 🚇 15:30 Kintetsu Nara Line: Kintetsu-Nara → Osaka-Namba ⇒ hotel</name><styleUrl>#Ld700296</styleUrl><LineString><tessellate>1</tessellate><coordinates>135.827528,34.684249,0 135.782681,34.693798,0 135.750546,34.697283,0 135.697921,34.693236,0 135.530318,34.665246,0 135.520150,34.665581,0 135.506063,34.666976,0 135.500342,34.667098,0</coordinates></LineString></Placemark><Placemark><name>d7·12 🚶 Osaka-Namba → Nippombashi ⇒ hotel</name><styleUrl>#L7a6f633</styleUrl><LineString><tessellate>1</tessellate><coordinates>135.500342,34.667113,0 135.498550,34.667145,0 135.496826,34.667432,0 135.496687,34.667146,0 135.496651,34.667148,0 135.496622,34.667151,0 135.496620,34.667145,0 135.496593,34.667149,0 135.496422,34.667180,0 135.496404,34.667184,0 135.496406,34.667192,0 135.496387,34.667195,0 135.496405,34.667259,0 135.496512,34.667237,0 135.496539,34.667245,0 135.496592,34.667237,0 135.496624,34.667218,0 135.496687,34.667198,0 135.496705,34.667151,0 135.496759,34.667143,0 135.496791,34.667138,0 135.496815,34.667135,0 135.496841,34.667131,0 135.496835,34.667112,0 135.496893,34.667098,0 135.496951,34.667086,0 135.496980,34.667097,0 135.497016,34.667095,0 135.497046,34.667064,0 135.497226,34.667112,0 135.497404,34.667160,0 135.497492,34.667168,0 135.497531,34.667158,0 135.497606,34.667137,0 135.497793,34.667106,0 135.497824,34.667022,0 135.497885,34.667018,0 135.497929,34.667015,0 135.497989,34.667011,0 135.498018,34.667009,0 135.498117,34.666995,0 135.498189,34.666986,0 135.498202,34.666985,0 135.498509,34.666948,0 135.498827,34.666941,0 135.499318,34.666931,0 135.499420,34.666929,0 135.499847,34.666928,0 135.500017,34.666928,0 135.500139,34.666928,0 135.500149,34.666908,0 135.500296,34.666910,0 135.500353,34.666909,0 135.500402,34.666909,0 135.500454,34.666908,0 135.500528,34.666919,0 135.500530,34.666995,0 135.500530,34.667029,0 135.500531,34.667234,0 135.500531,34.667268,0 135.500530,34.667341,0 135.500659,34.667338,0 135.500885,34.667334,0 135.501223,34.667327,0 135.501357,34.667324,0 135.501461,34.667322,0 135.502183,34.667308,0 135.502310,34.667305,0 135.502407,34.667302,0 135.503025,34.667298,0 135.503141,34.667293,0 135.503389,34.667290,0 135.503457,34.667288,0 135.503775,34.667283,0 135.504201,34.667272,0 135.504225,34.667272,0 135.504253,34.667272,0 135.504289,34.667273,0 135.504346,34.667272,0 135.504936,34.667265,0 135.505155,34.667259,0 135.505207,34.667271,0 135.505253,34.667288,0 135.505526,34.667279,0 135.505608,34.667277,0 135.505636,34.667262,0 135.505665,34.667250,0 135.505947,34.667244,0 135.505947,34.667192,0 135.505944,34.667140,0 135.506119,34.667130,0 135.506116,34.666968,0</coordinates></LineString></Placemark><Placemark><name>d7·13 🚇 16:25 Metro Sakaisuji: Nippombashi → Kitahama ⇒ hotel</name><styleUrl>#L8147216</styleUrl><LineString><tessellate>1</tessellate><coordinates>135.506120,34.666968,0 135.506331,34.674460,0 135.506976,34.681829,0 135.506652,34.691696,0</coordinates></LineString></Placemark></Folder>
<Folder><name>jue 8 · lugares</name><Placemark><name>1. 09:30 · Shinsekai (d8)</name><styleUrl>#n1</styleUrl><description><![CDATA[]]></description><Point><coordinates>135.505956,34.651601,0</coordinates></Point></Placemark><Placemark><name>2. 09:30 · Tsūtenkaku (d8)</name><styleUrl>#n2</styleUrl><description><![CDATA[]]></description><Point><coordinates>135.506306,34.652499,0</coordinates></Point></Placemark><Placemark><name>3. 11:10 · Parque Tennōji + Keitakuen (d8)</name><styleUrl>#n3</styleUrl><description><![CDATA[]]></description><Point><coordinates>135.511583,34.649657,0</coordinates></Point></Placemark><Placemark><name>4. 14:00 · Abeno Harukas (d8)</name><styleUrl>#n4</styleUrl><description><![CDATA[]]></description><Point><coordinates>135.513309,34.646306,0</coordinates></Point></Placemark><Placemark><name>⭐ Shinsekai</name><styleUrl>#k_site</styleUrl><description><![CDATA[El barrio retro de Osaka: farolitos, kushikatsu, pachinkos y la torre Tsūtenkaku al centro. 'El Nuevo Mundo' que se quedó congelado a mitad del siglo XX — hoy es puro encanto. — EN EL PLAN: jue 8 · 09:30  Abrir en Google<br/><a href="https://www.google.com/maps/search/?api=1&amp;query=34.651601,135.505956">Google Maps</a>]]></description><Point><coordinates>135.505956,34.651601,0</coordinates></Point></Placemark><Placemark><name>⭐ Tsūtenkaku</name><styleUrl>#k_site</styleUrl><description><![CDATA[La torre de 103 m de Shinsekai: mirador, neones de anuncio y el dios Billiken — tócale los pies y pide un deseo. — EN EL PLAN: jue 8 · 09:30  Abrir en Google Maps<br/><a href="https://www.google.com/maps/search/?api=1&amp;query=34.652499,135.506306">Google Maps</a>]]></description><Point><coordinates>135.506306,34.652499,0</coordinates></Point></Placemark><Placemark><name>⭐ Abeno Harukas</name><styleUrl>#k_site</styleUrl><description><![CDATA[El rascacielos más alto de Osaka (300 m): el mirador Harukas 300 ocupa los pisos 58–60 con vista de 360° — en día claro se alcanza Kioto y el mar. — EN EL PLAN: jue 8 · 14:00  Abrir en Google Maps<br/><a href="https://www.google.com/maps/search/?api=1&amp;query=34.646306,135.513309">Google Maps</a>]]></description><Point><coordinates>135.513309,34.646306,0</coordinates></Point></Placemark><Placemark><name>⭐ Parque Tennōji + Keitakuen</name><styleUrl>#k_site</styleUrl><description><![CDATA[Parque urbano con el jardín japonés Keitakuen al centro: estanque, pinos podados y silencio — un respiro entre Shinsekai y Abeno. — EN EL PLAN: jue 8 · 11:10  Abrir en Google Maps<br/><a href="https://www.google.com/maps/search/?api=1&amp;query=34.649657,135.511583">Google Maps</a>]]></description><Point><coordinates>135.511583,34.649657,0</coordinates></Point></Placemark><Placemark><name>🍜 Yaekatsu</name><styleUrl>#resto_Take</styleUrl><description><![CDATA[Kushikatsu de Shinsekai, favorito de locales · ¥1,600 · Nivel 🎋 Take — días: jue 8  Abrir en Google Maps<br/><a href="https://www.google.com/maps/search/?api=1&amp;query=34.649697,135.506015">Google Maps</a>]]></description><Point><coordinates>135.506015,34.649697,0</coordinates></Point></Placemark><Placemark><name>🍜 Kushikatsu Tengu</name><styleUrl>#resto_Take</styleUrl><description><![CDATA[Kushikatsu clásico del barrio retro · ¥1,800 · Nivel 🎋 Take — días: jue 8  Abrir en Google Maps<br/><a href="https://www.google.com/maps/search/?api=1&amp;query=34.651643,135.506058">Google Maps</a>]]></description><Point><coordinates>135.506058,34.651643,0</coordinates></Point></Placemark><Placemark><name>🍜 Daruma (original 1929)</name><styleUrl>#resto_Take</styleUrl><description><![CDATA[La casa madre del kushikatsu, donde nació · ¥2,000 · Nivel 🎋 Take — días: jue 8  Abrir en Google Maps<br/><a href="https://www.google.com/maps/search/?api=1&amp;query=34.651570,135.506203">Google Maps</a>]]></description><Point><coordinates>135.506203,34.651570,0</coordinates></Point></Placemark><Placemark><name>🍜 Matsusakagyu M Namba</name><styleUrl>#resto_Ai</styleUrl><description><![CDATA[Yakiniku Matsusaka, sucursal Namba — reservar · ¥8–10,000 · Nivel 🌊 Ai — días: mié 7 · jue 8  Abrir en Google Maps<br/><a href="https://www.google.com/maps/search/?api=1&amp;query=34.671486,135.502594">Google Maps</a>]]></description><Point><coordinates>135.502594,34.671486,0</coordinates></Point></Placemark><Placemark><name>🍜 Janjan Yokocho</name><styleUrl>#resto_</styleUrl><description><![CDATA[Callejón de 20 barras de kushikatsu e izakaya — llegar y escoger · ¥2–3,500 · Nivel 🍴 — días: jue 8  Abrir en Google Maps<br/><a href="https://www.google.com/maps/search/?api=1&amp;query=34.649413,135.505926">Google Maps</a>]]></description><Point><coordinates>135.505926,34.649413,0</coordinates></Point></Placemark><Placemark><name>⭐ Pontocho</name><styleUrl>#k_site</styleUrl><description><![CDATA[El callejón de 300 m entre Shijo y Sanjo: farolitos, 40 puertas de restaurantes y, con suerte, una geiko caminando a su cita. — EN EL PLAN: jue 8 · 19:30  Abrir en Google Maps<br/><a href="https://www.google.com/maps/search/?api=1&amp;query=35.006428,135.771216">Google Maps</a>]]></description><Point><coordinates>135.771216,35.006428,0</coordinates></Point></Placemark><Placemark><name>🍜 Ramen Kairikiya</name><styleUrl>#resto_Take</styleUrl><description><![CDATA[Cadena kiotense de shōyu ramen · ¥900 · Nivel 🎋 Take — días: jue 8  Abrir en Google Maps<br/><a href="https://www.google.com/maps/search/?api=1&amp;query=35.009242,135.769176">Google Maps</a>]]></description><Point><coordinates>135.769176,35.009242,0</coordinates></Point></Placemark><Placemark><name>🍜 Ganko Sushi Sanjo</name><styleUrl>#resto_Take</styleUrl><description><![CDATA[Sushi y set menus familiares — aguanta grupos · ¥3,000 · Nivel 🎋 Take — días: jue 8  Abrir en Google Maps<br/><a href="https://www.google.com/maps/search/?api=1&amp;query=35.009098,135.770813">Google Maps</a>]]></description><Point><coordinates>135.770813,35.009098,0</coordinates></Point></Placemark><Placemark><name>🍜 Kichi Kichi</name><styleUrl>#resto_Ai</styleUrl><description><![CDATA[EL omurice viral del chef Motokichi — reserva: domingos 11:00 am hora Japón, 4 semanas antes; está EN Pontocho · ¥2,700 (chico ¥1,450) · Nivel 🌊 Ai — días: jue 8  Abrir en Google Maps<br/><a href="https://www.google.com/maps/search/?api=1&amp;query=35.007279,135.770811">Google Maps</a>]]></description><Point><coordinates>135.770811,35.007279,0</coordinates></Point></Placemark><Placemark><name>🍜 Mishima-tei</name><styleUrl>#resto_Shu</styleUrl><description><![CDATA[Sukiyaki desde 1873, en la esquina de Teramachi — el olor a historia · ¥9,000 · Nivel 🔴 Shu — días: jue 8 · vie 9  Abrir en Google Maps<br/><a href="https://www.google.com/maps/search/?api=1&amp;query=35.008541,135.767051">Google Maps</a>]]></description><Point><coordinates>135.767051,35.008541,0</coordinates></Point></Placemark></Folder>
<Folder><name>jue 8 · rutas</name><Placemark><name>d8·1 🚇 09:15 Metro Sakaisuji: Kitahama → Ebisuchō ⇒ Shinsekai</name><styleUrl>#L8147216</styleUrl><LineString><tessellate>1</tessellate><coordinates>135.506652,34.691696,0 135.506976,34.681829,0 135.506331,34.674460,0 135.506120,34.666968,0 135.505636,34.655631,0</coordinates></LineString></Placemark><Placemark><name>d8·2 🚶 Ebisuchō → Shinsekai</name><styleUrl>#L7a6f633</styleUrl><LineString><tessellate>1</tessellate><coordinates>135.505643,34.655631,0 135.505639,34.655554,0 135.505730,34.655548,0 135.505728,34.655516,0 135.505748,34.655501,0 135.505747,34.655467,0 135.505747,34.655436,0 135.505745,34.655380,0 135.505743,34.655346,0 135.505742,34.655316,0 135.505721,34.655310,0 135.505715,34.655292,0 135.505698,34.654903,0 135.505657,34.654679,0 135.505654,34.654667,0 135.505737,34.654537,0 135.505707,34.654440,0 135.505689,34.654375,0 135.505683,34.654357,0 135.505735,34.654346,0 135.505737,34.654345,0 135.505759,34.654341,0 135.505688,34.654269,0 135.505703,34.654220,0 135.505744,34.654084,0 135.505842,34.653778,0 135.505984,34.653328,0 135.506175,34.652738,0 135.506177,34.652728,0 135.506196,34.652729,0 135.506202,34.652705,0 135.506236,34.652707,0 135.506296,34.652703,0 135.506343,34.652696,0 135.506332,34.652654,0 135.506257,34.652432,0 135.506243,34.652390,0 135.506124,34.652052,0 135.505965,34.651599,0 135.505956,34.651601,0</coordinates></LineString></Placemark><Placemark><name>d8·3 🚶 Tsūtenkaku → Parque Tennōji + Keitakuen</name><styleUrl>#L7a6f633</styleUrl><LineString><tessellate>1</tessellate><coordinates>135.506282,34.652505,0 135.506257,34.652432,0 135.506243,34.652390,0 135.506124,34.652052,0 135.505965,34.651599,0 135.506172,34.651550,0 135.506739,34.651413,0 135.506574,34.650943,0 135.506860,34.650880,0 135.506876,34.650876,0 135.507034,34.650843,0 135.507069,34.650835,0 135.507101,34.650828,0 135.507336,34.650814,0 135.507359,34.650741,0 135.507374,34.650703,0 135.507403,34.650664,0 135.507481,34.650617,0 135.507582,34.650616,0 135.507670,34.650654,0 135.507724,34.650724,0 135.507833,34.650700,0 135.508777,34.650479,0 135.509388,34.650339,0 135.509423,34.650332,0 135.509472,34.650329,0 135.509568,34.650305,0 135.509608,34.650339,0 135.509635,34.650333,0 135.509759,34.650303,0 135.509782,34.650298,0 135.509909,34.650267,0 135.509949,34.650208,0 135.510044,34.650194,0 135.509959,34.649769,0 135.509960,34.649654,0 135.510114,34.649559,0 135.510269,34.649503,0 135.510305,34.649490,0 135.510473,34.649493,0 135.510525,34.649497,0 135.510583,34.649512,0 135.510590,34.649514,0 135.510597,34.649516,0 135.510675,34.649537,0 135.510689,34.649567,0 135.510818,34.649657,0 135.510956,34.649774,0 135.510988,34.649816,0 135.511049,34.649929,0 135.511104,34.650096,0 135.511255,34.650114,0 135.511279,34.650110,0 135.511326,34.650081,0 135.511347,34.650072,0 135.511395,34.650073,0 135.511448,34.650071,0 135.511507,34.650051,0 135.511586,34.650054,0 135.511645,34.650031,0 135.511670,34.650020,0 135.511723,34.649999,0 135.511758,34.649995,0 135.511791,34.649991,0 135.511801,34.649962,0 135.511802,34.649936,0 135.511804,34.649916,0 135.511792,34.649889,0 135.511792,34.649862,0 135.511802,34.649841,0</coordinates></LineString></Placemark><Placemark><name>d8·4 🚶 Parque Tennōji + Keitakuen → Abeno Harukas</name><styleUrl>#L7a6f633</styleUrl><LineString><tessellate>1</tessellate><coordinates>135.511802,34.649841,0 135.511792,34.649862,0 135.511792,34.649889,0 135.511804,34.649916,0 135.511802,34.649936,0 135.511801,34.649962,0 135.511791,34.649991,0 135.511758,34.649995,0 135.511723,34.649999,0 135.511670,34.650020,0 135.511645,34.650031,0 135.511586,34.650054,0 135.511507,34.650051,0 135.511448,34.650071,0 135.511395,34.650073,0 135.511347,34.650072,0 135.511326,34.650081,0 135.511279,34.650110,0 135.511255,34.650114,0 135.511104,34.650096,0 135.511049,34.649929,0 135.510988,34.649816,0 135.510956,34.649774,0 135.510818,34.649657,0 135.510689,34.649567,0 135.510675,34.649537,0 135.510597,34.649516,0 135.510590,34.649514,0 135.510583,34.649512,0 135.510525,34.649497,0 135.510473,34.649493,0 135.510305,34.649490,0 135.510358,34.649370,0 135.510404,34.649308,0 135.510471,34.649246,0 135.510520,34.649230,0 135.510675,34.649175,0 135.510683,34.649038,0 135.510736,34.649026,0 135.510928,34.648981,0 135.510867,34.648783,0 135.510945,34.648767,0 135.511238,34.648704,0 135.512078,34.648494,0 135.512017,34.648259,0 135.512311,34.648192,0 135.512439,34.648165,0 135.512629,34.648123,0 135.512882,34.648073,0 135.513010,34.648028,0 135.512954,34.647942,0 135.512959,34.647895,0 135.512963,34.647827,0 135.512967,34.647731,0 135.512969,34.647694,0 135.512964,34.647668,0 135.513003,34.647630,0 135.513006,34.647599,0 135.512907,34.647022,0 135.512907,34.646989,0 135.512895,34.646927,0 135.512833,34.646895,0 135.512858,34.646861,0 135.512939,34.646899,0 135.513028,34.646915,0 135.513107,34.646906,0 135.513171,34.646881,0 135.513228,34.646835,0 135.513255,34.646804,0 135.513269,34.646769,0 135.513275,34.646729,0 135.513253,34.646587,0 135.513234,34.646507,0 135.513251,34.646436,0 135.513350,34.646410,0</coordinates></LineString></Placemark><Placemark><name>d8·5 🚇 15:45 Metro Midosuji: Tennōji → Yodoyabashi ⇒ hotel</name><styleUrl>#Le5171f6</styleUrl><LineString><tessellate>1</tessellate><coordinates>135.513869,34.647310,0 135.503507,34.648838,0 135.497845,34.655911,0 135.500342,34.667098,0 135.500377,34.675057,0 135.498829,34.682007,0 135.501053,34.692261,0</coordinates></LineString></Placemark><Placemark><name>d8·6 🚇 16:35 Metro Midosuji: Yodoyabashi → Umeda ⇒ hotel</name><styleUrl>#Le5171f6</styleUrl><LineString><tessellate>1</tessellate><coordinates>135.500079,34.696220,0 135.500178,34.696517,0 135.500389,34.696264,0</coordinates></LineString></Placemark><Placemark><name>d8·7 🚇 17:07 HARUKA Limited Express: Osaka (Umekita) → Kyoto ⇒ hotel</name><styleUrl>#L2757a56</styleUrl><LineString><tessellate>1</tessellate><coordinates>135.498427,34.705027,0 135.497888,34.733485,0 135.758767,34.985849,0</coordinates></LineString></Placemark><Placemark><name>d8·8 🚇 17:40 Metro Karasuma (Kioto): Kyoto → Gojō ⇒ hotel</name><styleUrl>#L0099446</styleUrl><LineString><tessellate>1</tessellate><coordinates>135.759058,34.990374,0 135.759242,34.990642,0 135.759372,34.990353,0</coordinates></LineString></Placemark></Folder>
</Document></kml>