<?xml version="1.0" encoding="UTF-8"?>
<kml xmlns="http://www.opengis.net/kml/2.2"><Document>
<name>Japón 2026 — parte 2 (vie9–mar13)</name>
<Style id="n1"><IconStyle><color>ffffffff</color><scale>1.0</scale><Icon><href>https://maps.google.com/mapfiles/kml/paddle/1.png</href></Icon></IconStyle></Style>
<Style id="n2"><IconStyle><color>ffffffff</color><scale>1.0</scale><Icon><href>https://maps.google.com/mapfiles/kml/paddle/2.png</href></Icon></IconStyle></Style>
<Style id="n3"><IconStyle><color>ffffffff</color><scale>1.0</scale><Icon><href>https://maps.google.com/mapfiles/kml/paddle/3.png</href></Icon></IconStyle></Style>
<Style id="n4"><IconStyle><color>ffffffff</color><scale>1.0</scale><Icon><href>https://maps.google.com/mapfiles/kml/paddle/4.png</href></Icon></IconStyle></Style>
<Style id="n5"><IconStyle><color>ffffffff</color><scale>1.0</scale><Icon><href>https://maps.google.com/mapfiles/kml/paddle/5.png</href></Icon></IconStyle></Style>
<Style id="n6"><IconStyle><color>ffffffff</color><scale>1.0</scale><Icon><href>https://maps.google.com/mapfiles/kml/paddle/6.png</href></Icon></IconStyle></Style>
<Style id="n7"><IconStyle><color>ffffffff</color><scale>1.0</scale><Icon><href>https://maps.google.com/mapfiles/kml/paddle/7.png</href></Icon></IconStyle></Style>
<Style id="k_site"><IconStyle><color>ff2a3ab2</color><scale>1.0</scale><Icon><href>https://maps.google.com/mapfiles/kml/shapes/star.png</href></Icon></IconStyle></Style>
<Style id="resto_Take"><IconStyle><color>ff4a7d3a</color><scale>1.0</scale><Icon><href>https://maps.google.com/mapfiles/kml/shapes/dining.png</href></Icon></IconStyle></Style>
<Style id="resto_Shu"><IconStyle><color>ff2a3ab2</color><scale>1.0</scale><Icon><href>https://maps.google.com/mapfiles/kml/shapes/dining.png</href></Icon></IconStyle></Style>
<Style id="resto_Ai"><IconStyle><color>ffa06b2c</color><scale>1.0</scale><Icon><href>https://maps.google.com/mapfiles/kml/shapes/dining.png</href></Icon></IconStyle></Style>
<Style id="resto_"><IconStyle><color>ff8a7f72</color><scale>1.0</scale><Icon><href>https://maps.google.com/mapfiles/kml/shapes/dining.png</href></Icon></IconStyle></Style>
<Style id="L7a6f633"><LineStyle><color>ff636f7a</color><width>3</width></LineStyle></Style>
<Style id="L8fc31f5"><LineStyle><color>ff1fc38f</color><width>5</width></LineStyle></Style>
<Style id="L0099446"><LineStyle><color>ff449900</color><width>6</width></LineStyle></Style>
<Style id="n8"><IconStyle><color>ffffffff</color><scale>1.0</scale><Icon><href>https://maps.google.com/mapfiles/kml/paddle/8.png</href></Icon></IconStyle></Style>
<Style id="L8000176"><LineStyle><color>ff170080</color><width>6</width></LineStyle></Style>
<Style id="L6633996"><LineStyle><color>ff993366</color><width>6</width></LineStyle></Style>
<Style id="L7a4a2b6"><LineStyle><color>ff2b4a7a</color><width>6</width></LineStyle></Style>
<Style id="Lc7860c6"><LineStyle><color>ff0c86c7</color><width>6</width></LineStyle></Style>
<Style id="L1c50a06"><LineStyle><color>ffa0501c</color><width>6</width></LineStyle></Style>
<Style id="Lf15a226"><LineStyle><color>ff225af1</color><width>6</width></LineStyle></Style>
<Style id="Lf397006"><LineStyle><color>ff0097f3</color><width>6</width></LineStyle></Style>
<Style id="L0f6cc36"><LineStyle><color>ffc36c0f</color><width>6</width></LineStyle></Style>
<Style id="Lec6e656"><LineStyle><color>ff656eec</color><width>6</width></LineStyle></Style>
<Folder><name>vie 9 · lugares</name><Placemark><name>1. 05:00 · Kiyomizu-dera (d9)</name><styleUrl>#n1</styleUrl><description><![CDATA[]]></description><Point><coordinates>135.784661,34.994666,0</coordinates></Point></Placemark><Placemark><name>2. 07:15 · Sannenzaka y Ninenzaka (d9)</name><styleUrl>#n2</styleUrl><description><![CDATA[]]></description><Point><coordinates>135.781008,34.996664,0</coordinates></Point></Placemark><Placemark><name>3. 07:15 · Pagoda Yasaka (Hōkan-ji) (d9)</name><styleUrl>#n3</styleUrl><description><![CDATA[]]></description><Point><coordinates>135.779236,34.998558,0</coordinates></Point></Placemark><Placemark><name>4. 08:00 · Santuario Yasaka (d9)</name><styleUrl>#n4</styleUrl><description><![CDATA[]]></description><Point><coordinates>135.778553,35.003656,0</coordinates></Point></Placemark><Placemark><name>5. 08:40 · Ryōzen Kannon (d9)</name><styleUrl>#n5</styleUrl><description><![CDATA[]]></description><Point><coordinates>135.781907,34.999902,0</coordinates></Point></Placemark><Placemark><name>6. 09:10 · Gion (d9)</name><styleUrl>#n6</styleUrl><description><![CDATA[]]></description><Point><coordinates>135.777245,35.003782,0</coordinates></Point></Placemark><Placemark><name>7. 09:30 · Sanjūsangen-dō (d9)</name><styleUrl>#n7</styleUrl><description><![CDATA[]]></description><Point><coordinates>135.771713,34.987884,0</coordinates></Point></Placemark><Placemark><name>⭐ Kiyomizu-dera</name><styleUrl>#k_site</styleUrl><description><![CDATA[El templo del balcón: una terraza de madera colgada sobre el valle, sostenida por 168 pilares SIN un solo clavo, con Kioto entero de fondo. — EN EL PLAN: vie 9 · 05:00  Abrir en Google Maps<br/><a href="https://www.google.com/maps/search/?api=1&amp;query=34.994666,135.784661">Google Maps</a>]]></description><Point><coordinates>135.784661,34.994666,0</coordinates></Point></Placemark><Placemark><name>⭐ Sannenzaka y Ninenzaka</name><styleUrl>#k_site</styleUrl><description><![CDATA[Las dos cuestas empedradas más bonitas de Japón: machiya de madera, cerámica, dulces y faroles — el Kioto de postal. — EN EL PLAN: vie 9 · 07:15  Abrir en Google Maps<br/><a href="https://www.google.com/maps/search/?api=1&amp;query=34.996664,135.781008">Google Maps</a>]]></description><Point><coordinates>135.781008,34.996664,0</coordinates></Point></Placemark><Placemark><name>⭐ Pagoda Yasaka (Hōkan-ji)</name><styleUrl>#k_site</styleUrl><description><![CDATA[46 m de madera del siglo XV emergiendo entre callejones — LA foto de Kioto, sobre todo con la luz del atardecer. — EN EL PLAN: vie 9 · 07:15  Abrir en Google Maps<br/><a href="https://www.google.com/maps/search/?api=1&amp;query=34.998558,135.779236">Google Maps</a>]]></description><Point><coordinates>135.779236,34.998558,0</coordinates></Point></Placemark><Placemark><name>⭐ Ryōzen Kannon</name><styleUrl>#k_site</styleUrl><description><![CDATA[La Kannon blanca de 24 m que vigila Higashiyama desde la ladera — casi nadie entra y es serenísima. — EN EL PLAN: vie 9 · 08:40  Abrir en Google Maps<br/><a href="https://www.google.com/maps/search/?api=1&amp;query=34.999902,135.781907">Google Maps</a>]]></description><Point><coordinates>135.781907,34.999902,0</coordinates></Point></Placemark><Placemark><name>⭐ Santuario Yasaka</name><styleUrl>#k_site</styleUrl><description><![CDATA[El santuario de Gion: linternas que se encienden al anochecer, puertas bermellón, y el paso natural entre el barrio de las geishas y el parque Maruyama. — EN EL PLAN: vie 9 · 08:00  Abrir en Google Maps<br/><a href="https://www.google.com/maps/search/?api=1&amp;query=35.003656,135.778553">Google Maps</a>]]></description><Point><coordinates>135.778553,35.003656,0</coordinates></Point></Placemark><Placemark><name>⭐ Sanjūsangen-dō</name><styleUrl>#k_site</styleUrl><description><![CDATA[Un salón de 120 m con 1,001 Kannon doradas en formación más 28 guardianes — la sala de madera más larga de Japón. Impacta en silencio absoluto. — EN EL PLAN: vie 9 · 09:30  Abrir en Google Maps<br/><a href="https://www.google.com/maps/search/?api=1&amp;query=34.987884,135.771713">Google Maps</a>]]></description><Point><coordinates>135.771713,34.987884,0</coordinates></Point></Placemark><Placemark><name>⭐ Gion</name><styleUrl>#k_site</styleUrl><description><![CDATA[El barrio de las geishas: casas de té de madera, las calles Hanamikoji y Shirakawa, y al anochecer, geiko y maiko yendo a sus citas. — EN EL PLAN: vie 9 · 09:10  Abrir en Google Maps<br/><a href="https://www.google.com/maps/search/?api=1&amp;query=35.003782,135.777245">Google Maps</a>]]></description><Point><coordinates>135.777245,35.003782,0</coordinates></Point></Placemark><Placemark><name>🍜 Gyukatsu Kyoto Katsugyu</name><styleUrl>#resto_Take</styleUrl><description><![CDATA[Res empanizada que tú terminas en piedra caliente · ¥1,900 · Nivel 🎋 Take — días: vie 9  Abrir en Google Maps<br/><a href="https://www.google.com/maps/search/?api=1&amp;query=35.004193,135.764977">Google Maps</a>]]></description><Point><coordinates>135.764977,35.004193,0</coordinates></Point></Placemark><Placemark><name>🍜 Mishima-tei</name><styleUrl>#resto_Shu</styleUrl><description><![CDATA[Sukiyaki desde 1873, en la esquina de Teramachi — el olor a historia · ¥9,000 · Nivel 🔴 Shu — días: jue 8 · vie 9  Abrir en Google Maps<br/><a href="https://www.google.com/maps/search/?api=1&amp;query=35.008541,135.767051">Google Maps</a>]]></description><Point><coordinates>135.767051,35.008541,0</coordinates></Point></Placemark><Placemark><name>🍜 Matsuba (nishin soba)</name><styleUrl>#resto_Take</styleUrl><description><![CDATA[El soba con arenque que INVENTARON aquí (1861), junto al teatro de Gion · ¥1,500 · Nivel 🎋 Take — días: vie 9  Abrir en Google Maps<br/><a href="https://www.google.com/maps/search/?api=1&amp;query=35.003681,135.772278">Google Maps</a>]]></description><Point><coordinates>135.772278,35.003681,0</coordinates></Point></Placemark><Placemark><name>🍜 Menbaka Fire Ramen</name><styleUrl>#resto_Take</styleUrl><description><![CDATA[El ramen que te sirven EN LLAMAS — show incluido · ¥1,650 · Nivel 🎋 Take — días: vie 9 · sáb 10  Abrir en Google Maps<br/><a href="https://www.google.com/maps/search/?api=1&amp;query=35.017682,135.747618">Google Maps</a>]]></description><Point><coordinates>135.747618,35.017682,0</coordinates></Point></Placemark><Placemark><name>🍜 Gyoza Chao Chao</name><styleUrl>#resto_Ai</styleUrl><description><![CDATA[Las gyozas crujientes famosas de Kiyamachi · ¥2,500 · Nivel 🌊 Ai — días: vie 9 · sáb 10  Abrir en Google Maps<br/><a href="https://www.google.com/maps/search/?api=1&amp;query=35.004193,135.764977">Google Maps</a>]]></description><Point><coordinates>135.764977,35.004193,0</coordinates></Point></Placemark><Placemark><name>🍜 Kyogoku Kaneyo</name><styleUrl>#resto_Ai</styleUrl><description><![CDATA[Unagi (anguila glaseada) centenario, edificio de madera precioso · ¥4,000 · Nivel 🌊 Ai — días: vie 9  Abrir en Google Maps<br/><a href="https://www.google.com/maps/search/?api=1&amp;query=35.007592,135.767949">Google Maps</a>]]></description><Point><coordinates>135.767949,35.007592,0</coordinates></Point></Placemark><Placemark><name>🍜 Kiyamachi</name><styleUrl>#resto_</styleUrl><description><![CDATA[La calle de izakayas junto al canal — la versión barata de Pontocho · ¥2,500–4,000 · Nivel 🍴 — días: vie 9  Abrir en Google Maps<br/><a href="https://www.google.com/maps/search/?api=1&amp;query=35.000850,135.769274">Google Maps</a>]]></description><Point><coordinates>135.769274,35.000850,0</coordinates></Point></Placemark></Folder>
<Folder><name>vie 9 · rutas</name><Placemark><name>d9·1 🚶 Hotel → Kiyomizu-dera</name><styleUrl>#L7a6f633</styleUrl><LineString><tessellate>1</tessellate><coordinates>135.759573,34.998308,0 135.759581,34.997724,0 135.759601,34.997723,0 135.759655,34.997723,0 135.759769,34.997722,0 135.759810,34.997722,0 135.759831,34.997723,0 135.759832,34.997679,0 135.759832,34.997658,0 135.759832,34.997636,0 135.759832,34.997597,0 135.759842,34.996484,0 135.759842,34.996431,0 135.759850,34.996415,0 135.759970,34.996412,0 135.760127,34.996410,0 135.760232,34.996408,0 135.760295,34.996407,0 135.760905,34.996391,0 135.761025,34.996389,0 135.761070,34.996388,0 135.761102,34.996388,0 135.761250,34.996380,0 135.761840,34.996358,0 135.762518,34.996338,0 135.762567,34.996339,0 135.762601,34.996340,0 135.762627,34.996339,0 135.762722,34.996333,0 135.762850,34.996326,0 135.763201,34.996311,0 135.763229,34.996310,0 135.763316,34.996306,0 135.764042,34.996261,0 135.764273,34.996248,0 135.764589,34.996231,0 135.764714,34.996226,0 135.764748,34.996224,0 135.764775,34.996223,0 135.764907,34.996214,0 135.765432,34.996192,0 135.765938,34.996144,0 135.766147,34.996122,0 135.766172,34.996119,0 135.766189,34.996118,0 135.766324,34.996189,0 135.766344,34.996180,0 135.766426,34.996151,0 135.766523,34.996115,0 135.766535,34.996111,0 135.766647,34.996069,0 135.767039,34.996022,0 135.767078,34.996017,0 135.767116,34.996012,0 135.767131,34.996010,0 135.767158,34.996006,0 135.767376,34.995981,0 135.767433,34.995974,0 135.767460,34.995970,0 135.767495,34.995966,0 135.767521,34.995962,0 135.767517,34.995942,0 135.767519,34.995925,0 135.767526,34.995910,0 135.767538,34.995897,0 135.767553,34.995886,0 135.767570,34.995879,0 135.767590,34.995875,0 135.768315,34.995772,0 135.768346,34.995767,0 135.768354,34.995792,0 135.768363,34.995796,0 135.768371,34.995802,0 135.768377,34.995808,0 135.768381,34.995816,0 135.768423,34.995938,0 135.768469,34.995920,0 135.768511,34.995903,0 135.768578,34.995873,0 135.768632,34.995850,0 135.768673,34.995832,0 135.768710,34.995816,0 135.768825,34.995787,0 135.768972,34.995744,0 135.769024,34.995734,0 135.769539,34.995659,0 135.769615,34.995649,0 135.769751,34.995630,0 135.769909,34.995605,0 135.769970,34.995595,0 135.770155,34.995566,0 135.770212,34.995558,0 135.771138,34.995419,0 135.771410,34.995383,0 135.771679,34.995347,0 135.771729,34.995340,0 135.771779,34.995333,0 135.771817,34.995330,0 135.771910,34.995314,0 135.772695,34.995169,0 135.773136,34.995061,0 135.773239,34.995034,0 135.773548,34.994956,0 135.773633,34.994934,0 135.773856,34.994879,0 135.774062,34.994828,0 135.774413,34.994742,0 135.775027,34.994601,0 135.775517,34.994495,0 135.775602,34.994476,0 135.775799,34.994430,0 135.775924,34.994406,0 135.776045,34.994409,0 135.776193,34.994603,0 135.776285,34.994578,0 135.776380,34.994553,0 135.776382,34.994515,0 135.776373,34.994451,0 135.776419,34.994463,0 135.776687,34.994534,0 135.776801,34.994578,0 135.776859,34.994600,0 135.777200,34.994726,0 135.777237,34.994741,0 135.777499,34.994841,0 135.777702,34.994972,0 135.777796,34.995034,0 135.778110,34.995240,0 135.778533,34.995219,0 135.778845,34.995205,0 135.779296,34.995182,0 135.779389,34.995178,0 135.779895,34.995151,0 135.780430,34.995127,0 135.780995,34.995093,0 135.781085,34.995088,0 135.781195,34.995082,0 135.781654,34.995059,0 135.781766,34.995054,0 135.782560,34.995017,0 135.782579,34.995020,0 135.782678,34.995031,0 135.782720,34.995034,0 135.782753,34.995032,0 135.782783,34.995028,0 135.782815,34.995050,0 135.782898,34.995101,0 135.782948,34.995110,0 135.782982,34.995134,0 135.782980,34.995057,0 135.782959,34.994927,0 135.782955,34.994899,0 135.782987,34.994858,0 135.783043,34.994909,0 135.783110,34.994925,0 135.783135,34.994887,0 135.783178,34.994865,0 135.783272,34.994863,0 135.783390,34.994834,0 135.783514,34.994789,0 135.783594,34.994765,0 135.783707,34.994765,0 135.784241,34.994545,0 135.784553,34.994590,0 135.784606,34.994580,0 135.784636,34.994575,0</coordinates></LineString></Placemark><Placemark><name>d9·2 🚶 Kiyomizu-dera → Sannenzaka y Ninenzaka</name><styleUrl>#L7a6f633</styleUrl><LineString><tessellate>1</tessellate><coordinates>135.784636,34.994575,0 135.784606,34.994580,0 135.784553,34.994590,0 135.784241,34.994545,0 135.783707,34.994765,0 135.783594,34.994765,0 135.783514,34.994789,0 135.783390,34.994834,0 135.783272,34.994863,0 135.783178,34.994865,0 135.783135,34.994887,0 135.783110,34.994925,0 135.783096,34.994947,0 135.783069,34.994989,0 135.783057,34.995008,0 135.783103,34.995068,0 135.783117,34.995242,0 135.783092,34.995256,0 135.783053,34.995275,0 135.782917,34.995513,0 135.782322,34.995502,0 135.782282,34.995503,0 135.782242,34.995507,0 135.782203,34.995514,0 135.782165,34.995523,0 135.782127,34.995534,0 135.782091,34.995548,0 135.782057,34.995565,0 135.782024,34.995583,0 135.781993,34.995604,0 135.781964,34.995626,0 135.781902,34.995675,0 135.781869,34.995698,0 135.781846,34.995714,0 135.781821,34.995728,0 135.781696,34.995793,0 135.781303,34.995994,0 135.781271,34.996008,0 135.781235,34.996022,0 135.781201,34.996034,0 135.780791,34.996178,0 135.780808,34.996209,0 135.780886,34.996354,0 135.780945,34.996474,0 135.781019,34.996657,0 135.781019,34.996664,0</coordinates></LineString></Placemark><Placemark><name>d9·3 🚶 Sannenzaka y Ninenzaka → Pagoda Yasaka (Hōkan-ji)</name><styleUrl>#L7a6f633</styleUrl><LineString><tessellate>1</tessellate><coordinates>135.781019,34.996664,0 135.781019,34.996657,0 135.781024,34.996718,0 135.781027,34.996894,0 135.781028,34.996947,0 135.781063,34.997495,0 135.781059,34.997650,0 135.781053,34.997706,0 135.781046,34.997767,0 135.781040,34.997789,0 135.781030,34.997810,0 135.781005,34.997851,0 135.780988,34.997873,0 135.780965,34.997897,0 135.780941,34.997917,0 135.780920,34.997932,0 135.780805,34.997998,0 135.780783,34.998007,0 135.780760,34.998015,0 135.780733,34.998023,0 135.780708,34.998028,0 135.780593,34.998050,0 135.780293,34.998083,0 135.780237,34.998096,0 135.780194,34.998109,0 135.779926,34.998230,0 135.779888,34.998252,0 135.779852,34.998278,0 135.779825,34.998300,0 135.779800,34.998317,0 135.779769,34.998328,0 135.779503,34.998366,0 135.779256,34.998401,0 135.779261,34.998423,0 135.779257,34.998482,0</coordinates></LineString></Placemark><Placemark><name>d9·4 🚶 Pagoda Yasaka (Hōkan-ji) → Santuario Yasaka</name><styleUrl>#L7a6f633</styleUrl><LineString><tessellate>1</tessellate><coordinates>135.779257,34.998482,0 135.779257,34.998482,0 135.779261,34.998423,0 135.779256,34.998401,0 135.779113,34.998420,0 135.779010,34.998435,0 135.779025,34.998546,0 135.778990,34.998549,0 135.778771,34.998563,0 135.778794,34.999240,0 135.778797,34.999315,0 135.778817,34.999765,0 135.778802,34.999780,0 135.778800,34.999835,0 135.778794,35.000141,0 135.778793,35.000218,0 135.778764,35.000234,0 135.778761,35.000312,0 135.778729,35.000478,0 135.778718,35.000496,0 135.778652,35.000831,0 135.778648,35.000849,0 135.778646,35.000872,0 135.778635,35.000964,0 135.778594,35.001452,0 135.778585,35.001636,0 135.778567,35.001788,0 135.778539,35.002018,0 135.778564,35.002026,0 135.778579,35.002477,0 135.778574,35.002591,0 135.778570,35.002642,0 135.778565,35.002651,0 135.778562,35.002662,0 135.778561,35.002672,0 135.778562,35.002683,0 135.778567,35.002690,0 135.778576,35.002694,0 135.778584,35.002695,0 135.778585,35.002723,0 135.778585,35.002756,0 135.778499,35.002756,0 135.778500,35.002766,0 135.778504,35.003036,0 135.778515,35.003152,0 135.778516,35.003156,0 135.778532,35.003319,0 135.778631,35.003313,0 135.778637,35.003371,0 135.778646,35.003463,0 135.778646,35.003475,0 135.778674,35.003498,0 135.778925,35.003481,0 135.778950,35.003732,0 135.778879,35.003736,0 135.778858,35.003529,0 135.778635,35.003544,0 135.778632,35.003515,0 135.778465,35.003526,0 135.778468,35.003555,0 135.778468,35.003555,0</coordinates></LineString></Placemark><Placemark><name>d9·5 🚶 Santuario Yasaka → Ryōzen Kannon</name><styleUrl>#L7a6f633</styleUrl><LineString><tessellate>1</tessellate><coordinates>135.778468,35.003555,0 135.778468,35.003555,0 135.778465,35.003526,0 135.778632,35.003515,0 135.778635,35.003544,0 135.778858,35.003529,0 135.778879,35.003736,0 135.778950,35.003732,0 135.778925,35.003481,0 135.778674,35.003498,0 135.778646,35.003475,0 135.778646,35.003463,0 135.778637,35.003371,0 135.778631,35.003313,0 135.778532,35.003319,0 135.778516,35.003156,0 135.778515,35.003152,0 135.778504,35.003036,0 135.778500,35.002766,0 135.778499,35.002756,0 135.778585,35.002756,0 135.778585,35.002723,0 135.778584,35.002695,0 135.778576,35.002694,0 135.778567,35.002690,0 135.778562,35.002683,0 135.778561,35.002672,0 135.778562,35.002662,0 135.778565,35.002651,0 135.778570,35.002642,0 135.778574,35.002591,0 135.778579,35.002477,0 135.778564,35.002026,0 135.778539,35.002018,0 135.778567,35.001788,0 135.778585,35.001636,0 135.778594,35.001452,0 135.778635,35.000964,0 135.778646,35.000872,0 135.778648,35.000849,0 135.778652,35.000831,0 135.778718,35.000496,0 135.778729,35.000478,0 135.778761,35.000312,0 135.779194,35.000318,0 135.779497,35.000269,0 135.779461,35.000121,0 135.779506,35.000068,0 135.779494,34.999962,0 135.779827,34.999938,0 135.779880,34.999934,0 135.779905,34.999931,0 135.779944,34.999931,0 135.779962,34.999930,0 135.779960,34.999696,0 135.780038,34.999641,0 135.780123,34.999593,0 135.780123,34.999560,0 135.780119,34.999376,0 135.780705,34.999383,0 135.780794,34.999384,0 135.780984,34.999389,0 135.781013,34.999396,0 135.781139,34.999408,0 135.781232,34.999418,0 135.781393,34.999450,0 135.781411,34.999400,0 135.781522,34.999432,0 135.781537,34.999537,0 135.781667,34.999524,0 135.781678,34.999597,0 135.781678,34.999597,0</coordinates></LineString></Placemark><Placemark><name>d9·6 🚶 Ryōzen Kannon → Gion</name><styleUrl>#L7a6f633</styleUrl><LineString><tessellate>1</tessellate><coordinates>135.781678,34.999597,0 135.781678,34.999597,0 135.781667,34.999524,0 135.781537,34.999537,0 135.781522,34.999432,0 135.781411,34.999400,0 135.781393,34.999450,0 135.781232,34.999418,0 135.781139,34.999408,0 135.781013,34.999396,0 135.780984,34.999389,0 135.780794,34.999384,0 135.780705,34.999383,0 135.780119,34.999376,0 135.780123,34.999560,0 135.780123,34.999593,0 135.780038,34.999641,0 135.779960,34.999696,0 135.779962,34.999930,0 135.779944,34.999931,0 135.779905,34.999931,0 135.779880,34.999934,0 135.779827,34.999938,0 135.779494,34.999962,0 135.779506,35.000068,0 135.779461,35.000121,0 135.779497,35.000269,0 135.779194,35.000318,0 135.778761,35.000312,0 135.778729,35.000478,0 135.778718,35.000496,0 135.778652,35.000831,0 135.778648,35.000849,0 135.778646,35.000872,0 135.778108,35.000876,0 135.777679,35.000884,0 135.777658,35.000889,0 135.777653,35.000927,0 135.777553,35.001876,0 135.777535,35.002019,0 135.777517,35.002097,0 135.777509,35.002123,0 135.777402,35.002412,0 135.777387,35.002460,0 135.777362,35.002596,0 135.777336,35.002658,0 135.777329,35.002671,0 135.777305,35.002715,0 135.777281,35.002755,0 135.777208,35.002982,0 135.777198,35.003138,0 135.777306,35.003508,0 135.777152,35.003527,0 135.777193,35.003749,0 135.777216,35.003792,0</coordinates></LineString></Placemark><Placemark><name>d9·7 🚌 09:10 Bus urbano de Kioto: Gion → Hakubutsukan-Sanjūsangendō-mae</name><styleUrl>#L8fc31f5</styleUrl><LineString><tessellate>1</tessellate><coordinates>135.777245,35.003782,0 135.777563,35.000853,0 135.778989,34.997117,0 135.778415,34.995385,0 135.774869,34.992619,0 135.744382,34.989177,0 135.772140,34.989219,0</coordinates></LineString></Placemark><Placemark><name>d9·8 🚶 Hakubutsukan-Sanjūsangendō-mae → Gion</name><styleUrl>#L7a6f633</styleUrl><LineString><tessellate>1</tessellate><coordinates>135.772140,34.989222,0 135.772386,34.989212,0 135.772497,34.989208,0 135.774228,34.989139,0 135.774288,34.989149,0 135.774359,34.989202,0 135.774385,34.989259,0 135.774430,34.989658,0 135.774509,34.990340,0 135.774625,34.991152,0 135.774637,34.991271,0 135.774647,34.991356,0 135.774666,34.991526,0 135.774718,34.991974,0 135.774781,34.992522,0 135.774786,34.992631,0 135.774786,34.992664,0 135.774786,34.992699,0 135.774787,34.992720,0 135.774795,34.992728,0 135.775400,34.993551,0 135.775653,34.993890,0 135.775625,34.994026,0 135.775652,34.994075,0 135.775678,34.994126,0 135.775714,34.994205,0 135.775734,34.994257,0 135.775748,34.994289,0 135.775777,34.994369,0 135.775791,34.994406,0 135.775892,34.994391,0 135.775921,34.994389,0 135.775924,34.994406,0 135.776045,34.994409,0 135.776193,34.994603,0 135.776215,34.994621,0 135.776240,34.994683,0 135.776240,34.994708,0 135.776229,34.994750,0 135.776236,34.994770,0 135.776247,34.994795,0 135.776255,34.994836,0 135.776260,34.994850,0 135.776288,34.994855,0 135.776298,34.994875,0 135.776334,34.995032,0 135.776409,34.995322,0 135.776437,34.995459,0 135.776449,34.995538,0 135.776456,34.995567,0 135.776557,34.995970,0 135.776628,34.996305,0 135.776656,34.996440,0 135.776776,34.996952,0 135.776788,34.997003,0 135.776847,34.997249,0 135.776853,34.997272,0 135.776915,34.997573,0 135.776923,34.997613,0 135.776927,34.997637,0 135.776933,34.997664,0 135.776941,34.997714,0 135.777029,34.998234,0 135.777102,34.998639,0 135.777110,34.998689,0 135.777114,34.998711,0 135.777118,34.998731,0 135.777216,34.999273,0 135.777242,34.999417,0 135.777253,34.999477,0 135.777254,34.999488,0 135.777320,34.999856,0 135.777391,35.000255,0 135.777406,35.000333,0 135.777443,35.000537,0 135.777451,35.000715,0 135.777463,35.000791,0 135.777468,35.000808,0 135.777480,35.000848,0 135.777491,35.000883,0 135.777501,35.000918,0 135.777441,35.001443,0 135.777389,35.001871,0 135.777374,35.002010,0 135.777368,35.002053,0 135.777364,35.002079,0 135.777276,35.002317,0 135.777244,35.002414,0 135.777193,35.002543,0 135.777128,35.002713,0 135.777005,35.003027,0 135.776969,35.003128,0 135.777033,35.003542,0 135.777152,35.003527,0 135.777193,35.003749,0 135.777216,35.003792,0</coordinates></LineString></Placemark><Placemark><name>d9·9 🚶 Gion → Sanjūsangen-dō</name><styleUrl>#L7a6f633</styleUrl><LineString><tessellate>1</tessellate><coordinates>135.777216,35.003792,0 135.777193,35.003749,0 135.777152,35.003527,0 135.777033,35.003542,0 135.776969,35.003128,0 135.777005,35.003027,0 135.777128,35.002713,0 135.777193,35.002543,0 135.777244,35.002414,0 135.777276,35.002317,0 135.777364,35.002079,0 135.777368,35.002053,0 135.777374,35.002010,0 135.777389,35.001871,0 135.777441,35.001443,0 135.777501,35.000918,0 135.777491,35.000883,0 135.777480,35.000848,0 135.777468,35.000808,0 135.777463,35.000791,0 135.777451,35.000715,0 135.777443,35.000537,0 135.777406,35.000333,0 135.777391,35.000255,0 135.777320,34.999856,0 135.777254,34.999488,0 135.777253,34.999477,0 135.777242,34.999417,0 135.777216,34.999273,0 135.777118,34.998731,0 135.777114,34.998711,0 135.777110,34.998689,0 135.777102,34.998639,0 135.777029,34.998234,0 135.776941,34.997714,0 135.776933,34.997664,0 135.776927,34.997637,0 135.776923,34.997613,0 135.776915,34.997573,0 135.776853,34.997272,0 135.776847,34.997249,0 135.776788,34.997003,0 135.776776,34.996952,0 135.776656,34.996440,0 135.776628,34.996305,0 135.776557,34.995970,0 135.776456,34.995567,0 135.776449,34.995538,0 135.776437,34.995459,0 135.776409,34.995322,0 135.776334,34.995032,0 135.776298,34.994875,0 135.776288,34.994855,0 135.776260,34.994850,0 135.776255,34.994836,0 135.776247,34.994795,0 135.776236,34.994770,0 135.776229,34.994750,0 135.776240,34.994708,0 135.776240,34.994683,0 135.776215,34.994621,0 135.776193,34.994603,0 135.776045,34.994409,0 135.775924,34.994406,0 135.775921,34.994389,0 135.775892,34.994391,0 135.775791,34.994406,0 135.775777,34.994369,0 135.775748,34.994289,0 135.775734,34.994257,0 135.775714,34.994205,0 135.775678,34.994126,0 135.775652,34.994075,0 135.775625,34.994026,0 135.775653,34.993890,0 135.775400,34.993551,0 135.774795,34.992728,0 135.774787,34.992720,0 135.774786,34.992699,0 135.774786,34.992664,0 135.774786,34.992631,0 135.774781,34.992522,0 135.774718,34.991974,0 135.774666,34.991526,0 135.774647,34.991356,0 135.774637,34.991271,0 135.774625,34.991152,0 135.774509,34.990340,0 135.774430,34.989658,0 135.774385,34.989259,0 135.774359,34.989202,0 135.774288,34.989149,0 135.774228,34.989139,0 135.772497,34.989208,0 135.772494,34.989153,0 135.772490,34.989093,0 135.772487,34.989051,0 135.772417,34.989053,0 135.772408,34.988919,0 135.772386,34.988909,0 135.772383,34.988869,0 135.772382,34.988853,0 135.772381,34.988836,0 135.772402,34.988823,0 135.772343,34.987845,0 135.772331,34.987845,0 135.772264,34.987846,0 135.772196,34.987848,0 135.772189,34.987848,0 135.771936,34.987853,0 135.771928,34.987853,0 135.771928,34.987853,0</coordinates></LineString></Placemark><Placemark><name>d9·10 🚶 Sanjūsangen-dō → Hakubutsukan-Sanjūsangendō-mae ⇒ hotel</name><styleUrl>#L7a6f633</styleUrl><LineString><tessellate>1</tessellate><coordinates>135.771928,34.987853,0 135.771936,34.987853,0 135.772189,34.987848,0 135.772196,34.987848,0 135.772264,34.987846,0 135.772331,34.987845,0 135.772343,34.987845,0 135.772402,34.988823,0 135.772381,34.988836,0 135.772382,34.988853,0 135.772383,34.988869,0 135.772386,34.988909,0 135.772408,34.988919,0 135.772417,34.989053,0 135.772373,34.989055,0 135.772377,34.989098,0 135.772381,34.989158,0 135.772386,34.989212,0 135.772140,34.989222,0</coordinates></LineString></Placemark><Placemark><name>d9·11 🚌 10:30 Bus urbano de Kioto: Hakubutsukan-Sanjūsangendō-mae → Kyoto-eki-mae ⇒ hotel</name><styleUrl>#L8fc31f5</styleUrl><LineString><tessellate>1</tessellate><coordinates>135.772140,34.989219,0 135.768406,34.989371,0 135.758767,34.985849,0</coordinates></LineString></Placemark><Placemark><name>d9·12 🚇 12:15 Metro Karasuma (Kioto): Kyoto → Gojō ⇒ hotel</name><styleUrl>#L0099446</styleUrl><LineString><tessellate>1</tessellate><coordinates>135.759058,34.990374,0 135.759242,34.990642,0 135.759372,34.990353,0</coordinates></LineString></Placemark></Folder>
<Folder><name>sáb 10 · lugares</name><Placemark><name>1. 05:00 · Bosque de bambú (d10)</name><styleUrl>#n1</styleUrl><description><![CDATA[]]></description><Point><coordinates>135.671301,35.016819,0</coordinates></Point></Placemark><Placemark><name>2. 06:35 · Bosque de bambú (d10)</name><styleUrl>#n2</styleUrl><description><![CDATA[]]></description><Point><coordinates>135.671301,35.016819,0</coordinates></Point></Placemark><Placemark><name>3. 07:20 · Puente Togetsukyō (d10)</name><styleUrl>#n3</styleUrl><description><![CDATA[]]></description><Point><coordinates>135.677775,35.012877,0</coordinates></Point></Placemark><Placemark><name>4. 08:30 · Tenryū-ji (d10)</name><styleUrl>#n4</styleUrl><description><![CDATA[]]></description><Point><coordinates>135.673765,35.015838,0</coordinates></Point></Placemark><Placemark><name>5. 10:15 · Puente Togetsukyō (d10)</name><styleUrl>#n5</styleUrl><description><![CDATA[]]></description><Point><coordinates>135.677775,35.012877,0</coordinates></Point></Placemark><Placemark><name>6. 10:30 · Monte de los monos (Iwatayama) (d10)</name><styleUrl>#n6</styleUrl><description><![CDATA[]]></description><Point><coordinates>135.676625,35.011395,0</coordinates></Point></Placemark><Placemark><name>7. 12:10 · Otagi Nenbutsu-ji (d10)</name><styleUrl>#n7</styleUrl><description><![CDATA[]]></description><Point><coordinates>135.661555,35.031143,0</coordinates></Point></Placemark><Placemark><name>8. 17:30 · Bosque Kimono (d10)</name><styleUrl>#n8</styleUrl><description><![CDATA[]]></description><Point><coordinates>135.678370,35.015268,0</coordinates></Point></Placemark><Placemark><name>⭐ Bosque de bambú</name><styleUrl>#k_site</styleUrl><description><![CDATA[El túnel de bambúes de 20 m que se mecen y suenan — ese sonido está catalogado como patrimonio sonoro de Japón. Temprano es un templo; a las 10 am, un andén del metro. — EN EL PLAN: sáb 10 · 05:00  Abrir en Google Maps<br/><a href="https://www.google.com/maps/search/?api=1&amp;query=35.016819,135.671301">Google Maps</a>]]></description><Point><coordinates>135.671301,35.016819,0</coordinates></Point></Placemark><Placemark><name>⭐ Puente Togetsukyō</name><styleUrl>#k_site</styleUrl><description><![CDATA['El puente que cruza la luna': 155 m sobre el río Katsura, con el monte Arashiyama encendido de colores detrás. — EN EL PLAN: sáb 10 · 07:20  Abrir en Google Maps<br/><a href="https://www.google.com/maps/search/?api=1&amp;query=35.012877,135.677775">Google Maps</a>]]></description><Point><coordinates>135.677775,35.012877,0</coordinates></Point></Placemark><Placemark><name>⭐ Tenryū-ji</name><styleUrl>#k_site</styleUrl><description><![CDATA[El gran templo zen de Arashiyama: su jardín del estanque Sōgenchi lleva 700 años EXACTAMENTE igual, con las montañas 'prestadas' como fondo. UNESCO. — EN EL PLAN: sáb 10 · 08:30  Abrir en Google Maps<br/><a href="https://www.google.com/maps/search/?api=1&amp;query=35.015838,135.673765">Google Maps</a>]]></description><Point><coordinates>135.673765,35.015838,0</coordinates></Point></Placemark><Placemark><name>⭐ Monte de los monos (Iwatayama)</name><styleUrl>#k_site</styleUrl><description><![CDATA[120 macacos japoneses libres en la cima: subes 20 minutos y ELLOS te observan a ti — con la mejor vista panorámica de Kioto de regalo. — EN EL PLAN: sáb 10 · 10:30  Abrir en Google Maps<br/><a href="https://www.google.com/maps/search/?api=1&amp;query=35.011395,135.676625">Google Maps</a>]]></description><Point><coordinates>135.676625,35.011395,0</coordinates></Point></Placemark><Placemark><name>⭐ Otagi Nenbutsu-ji</name><styleUrl>#k_site</styleUrl><description><![CDATA[1,200 rakan (discípulos de Buda) de piedra, cada uno con cara distinta: uno ríe, otro bosteza, uno carga un gato, otro un walkman. El rincón más encantador y menos visitado de Kioto. — EN EL PLAN: sáb 10 · 12:10  Abrir e<br/><a href="https://www.google.com/maps/search/?api=1&amp;query=35.031143,135.661555">Google Maps</a>]]></description><Point><coordinates>135.661555,35.031143,0</coordinates></Point></Placemark><Placemark><name>⭐ Bosque Kimono</name><styleUrl>#k_site</styleUrl><description><![CDATA[600 columnas de acrílico forradas con telas de kimono teñidas al estilo Kyō-yūzen, iluminadas al anochecer, en plena estación Randen. — EN EL PLAN: sáb 10 · 17:30  Abrir en Google Maps<br/><a href="https://www.google.com/maps/search/?api=1&amp;query=35.015268,135.678370">Google Maps</a>]]></description><Point><coordinates>135.678370,35.015268,0</coordinates></Point></Placemark><Placemark><name>🍜 Menbaka Fire Ramen</name><styleUrl>#resto_Take</styleUrl><description><![CDATA[El ramen que te sirven EN LLAMAS — show incluido · ¥1,650 · Nivel 🎋 Take — días: vie 9 · sáb 10  Abrir en Google Maps<br/><a href="https://www.google.com/maps/search/?api=1&amp;query=35.017682,135.747618">Google Maps</a>]]></description><Point><coordinates>135.747618,35.017682,0</coordinates></Point></Placemark><Placemark><name>🍜 Gyoza Chao Chao</name><styleUrl>#resto_Ai</styleUrl><description><![CDATA[Las gyozas crujientes famosas de Kiyamachi · ¥2,500 · Nivel 🌊 Ai — días: vie 9 · sáb 10  Abrir en Google Maps<br/><a href="https://www.google.com/maps/search/?api=1&amp;query=35.004193,135.764977">Google Maps</a>]]></description><Point><coordinates>135.764977,35.004193,0</coordinates></Point></Placemark><Placemark><name>🍜 Croquetas Nakamuraya</name><styleUrl>#resto_Take</styleUrl><description><![CDATA[La croqueta legendaria de Arashiyama — para la mano · ¥400 · Nivel 🎋 Take — días: sáb 10  Abrir en Google Maps<br/><a href="https://www.google.com/maps/search/?api=1&amp;query=35.016368,135.679948">Google Maps</a>]]></description><Point><coordinates>135.679948,35.016368,0</coordinates></Point></Placemark><Placemark><name>🍜 % Arabica + pan</name><styleUrl>#resto_Take</styleUrl><description><![CDATA[EL café con vista al río + pan de la panadería de al lado · ¥1,000 · Nivel 🎋 Take — días: sáb 10  Abrir en Google Maps<br/><a href="https://www.google.com/maps/search/?api=1&amp;query=35.013542,135.676437">Google Maps</a>]]></description><Point><coordinates>135.676437,35.013542,0</coordinates></Point></Placemark><Placemark><name>🍜 Unagi Hirokawa</name><styleUrl>#resto_Ai</styleUrl><description><![CDATA[La anguila más famosa de Arashiyama (Michelin) — reservar · ¥4,500 · Nivel 🌊 Ai — días: sáb 10  Abrir en Google Maps<br/><a href="https://www.google.com/maps/search/?api=1&amp;query=35.016959,135.677242">Google Maps</a>]]></description><Point><coordinates>135.677242,35.016959,0</coordinates></Point></Placemark><Placemark><name>🍜 Shoraian</name><styleUrl>#resto_Shu</styleUrl><description><![CDATA[Yudōfu-kaiseki en casa de té colgada sobre el río — reservar · ¥6,000 · Nivel 🔴 Shu — días: sáb 10  Abrir en Google Maps<br/><a href="https://www.google.com/maps/search/?api=1&amp;query=35.014448,135.670132">Google Maps</a>]]></description><Point><coordinates>135.670132,35.014448,0</coordinates></Point></Placemark><Placemark><name>🍜 Kitchō Arashiyama</name><styleUrl>#resto_Shu</styleUrl><description><![CDATA[Kaiseki 3★, de los restaurantes más famosos del mundo — apuntado para poder decir que no · ~¥60,000 · Nivel 🔴 Shu — días: sáb 10  Abrir en Google Maps<br/><a href="https://www.google.com/maps/search/?api=1&amp;query=35.013621,135.674655">Google Maps</a>]]></description><Point><coordinates>135.674655,35.013621,0</coordinates></Point></Placemark><Placemark><name>🍜 CoCo Curry</name><styleUrl>#resto_Take</styleUrl><description><![CDATA[Curry de cadena — el descanso del paladar · ¥1,000 · Nivel 🎋 Take — días: sáb 10  Abrir en Google Maps<br/><a href="https://www.google.com/maps/search/?api=1&amp;query=35.002481,135.749165">Google Maps</a>]]></description><Point><coordinates>135.749165,35.002481,0</coordinates></Point></Placemark><Placemark><name>🍜 Tenkaippin honten</name><styleUrl>#resto_Take</styleUrl><description><![CDATA[El ramen espeso 'kotteri' — la cadena nació en Kioto · ¥1,100 · Nivel 🎋 Take — días: sáb 10  Abrir en Google Maps<br/><a href="https://www.google.com/maps/search/?api=1&amp;query=35.039460,135.791572">Google Maps</a>]]></description><Point><coordinates>135.791572,35.039460,0</coordinates></Point></Placemark></Folder>
<Folder><name>sáb 10 · rutas</name><Placemark><name>d10·1 🚇 05:45 Metro Karasuma (Kioto): Gojō → Shijō ⇒ Bosque de bambú</name><styleUrl>#L0099446</styleUrl><LineString><tessellate>1</tessellate><coordinates>135.759560,34.998642,0 135.759718,34.998921,0 135.759875,34.998642,0</coordinates></LineString></Placemark><Placemark><name>d10·2 🚶 Shijō → Karasuma ⇒ Bosque de bambú</name><styleUrl>#L7a6f633</styleUrl><LineString><tessellate>1</tessellate><coordinates>135.759718,35.002414,0 135.759727,35.002414,0 135.759778,35.002415,0 135.759801,35.002415,0 135.759801,35.002460,0 135.759798,35.002492,0 135.759805,35.002524,0 135.759805,35.002646,0 135.759801,35.003247,0 135.759800,35.003456,0 135.759802,35.003517,0 135.759831,35.003550,0 135.759879,35.003576,0 135.759947,35.003581,0 135.759946,35.003659,0 135.760590,35.003662,0</coordinates></LineString></Placemark><Placemark><name>d10·3 🚇 05:52 Hankyu (Senri / Kyoto / Arashiyama): Karasuma → Katsura ⇒ Bosque de bambú</name><styleUrl>#L8000176</styleUrl><LineString><tessellate>1</tessellate><coordinates>135.760590,35.003674,0 135.748545,35.003636,0 135.732817,35.003600,0 135.718476,34.992356,0 135.703255,34.979412,0</coordinates></LineString></Placemark><Placemark><name>d10·4 🚇 06:00 Hankyu (Senri / Kyoto / Arashiyama): Katsura → Arashiyama ⇒ Bosque de bambú</name><styleUrl>#L8000176</styleUrl><LineString><tessellate>1</tessellate><coordinates>135.703255,34.979412,0 135.695849,34.990528,0 135.688058,35.000557,0 135.677713,35.015220,0</coordinates></LineString></Placemark><Placemark><name>d10·5 🚶 Arashiyama → Bosque de bambú</name><styleUrl>#L7a6f633</styleUrl><LineString><tessellate>1</tessellate><coordinates>135.677719,35.015207,0 135.677573,35.015165,0 135.677433,35.015128,0 135.677183,35.015906,0 135.677168,35.015956,0 135.677119,35.015946,0 135.677068,35.015937,0 135.677061,35.015960,0 135.677037,35.015956,0 135.677014,35.015952,0 135.677007,35.015951,0 135.676993,35.015949,0 135.676976,35.015946,0 135.676958,35.015943,0 135.676950,35.015943,0 135.676820,35.015931,0 135.676700,35.015918,0 135.676562,35.015904,0 135.676558,35.015904,0 135.676551,35.015903,0 135.676545,35.015903,0 135.676508,35.015899,0 135.676471,35.015896,0 135.676389,35.015892,0 135.675967,35.015882,0 135.675712,35.015876,0 135.675527,35.015871,0 135.675519,35.015871,0 135.675186,35.015880,0 135.675058,35.015883,0 135.674712,35.015892,0 135.674684,35.015893,0 135.674666,35.015894,0 135.674661,35.015894,0 135.674503,35.015900,0 135.674495,35.015901,0 135.674159,35.015914,0 135.674083,35.015917,0 135.674076,35.015917,0 135.674038,35.015920,0 135.674033,35.015920,0 135.674031,35.015806,0 135.674032,35.015771,0 135.674032,35.015767,0 135.674032,35.015751,0 135.673916,35.015708,0 135.673911,35.015477,0 135.673911,35.015463,0 135.673880,35.015463,0 135.673569,35.015463,0 135.673578,35.015784,0 135.673607,35.015815,0 135.673610,35.015852,0 135.673411,35.015858,0 135.673387,35.015888,0 135.673398,35.015920,0 135.673401,35.015965,0 135.673377,35.015976,0 135.673375,35.015977,0 135.673359,35.015985,0 135.673342,35.015992,0 135.673137,35.016056,0 135.673078,35.016079,0 135.673034,35.016138,0 135.673018,35.016181,0 135.673000,35.016228,0 135.672816,35.016219,0 135.672799,35.016218,0 135.672756,35.016241,0 135.672718,35.016395,0 135.672674,35.016417,0 135.672668,35.016420,0 135.672654,35.016411,0 135.672629,35.016426,0 135.672580,35.016439,0 135.672528,35.016505,0 135.672519,35.016582,0 135.672515,35.016595,0 135.672461,35.016737,0 135.672427,35.016788,0 135.672332,35.016961,0 135.672260,35.017044,0 135.672212,35.017152,0 135.672201,35.017148,0 135.672193,35.017145,0 135.672190,35.017152,0 135.672200,35.017182,0 135.672145,35.017290,0 135.672083,35.017263,0 135.672061,35.017252,0 135.672039,35.017240,0 135.672017,35.017225,0 135.671996,35.017208,0 135.671974,35.017188,0 135.671708,35.016897,0 135.671685,35.016874,0 135.671661,35.016856,0 135.671631,35.016840,0 135.671598,35.016826,0 135.671561,35.016816,0 135.671527,35.016811,0 135.671494,35.016810,0 135.671467,35.016811,0 135.671350,35.016826,0 135.671325,35.016826,0 135.671300,35.016823,0</coordinates></LineString></Placemark><Placemark><name>d10·6 🚶 Bosque de bambú → Puente Togetsukyō</name><styleUrl>#L7a6f633</styleUrl><LineString><tessellate>1</tessellate><coordinates>135.671300,35.016823,0 135.671325,35.016826,0 135.671350,35.016826,0 135.671467,35.016811,0 135.671494,35.016810,0 135.671527,35.016811,0 135.671561,35.016816,0 135.671598,35.016826,0 135.671631,35.016840,0 135.671661,35.016856,0 135.671685,35.016874,0 135.671708,35.016897,0 135.671974,35.017188,0 135.671996,35.017208,0 135.672017,35.017225,0 135.672039,35.017240,0 135.672061,35.017252,0 135.672083,35.017263,0 135.672145,35.017290,0 135.672200,35.017182,0 135.672190,35.017152,0 135.672193,35.017145,0 135.672201,35.017148,0 135.672212,35.017152,0 135.672260,35.017044,0 135.672332,35.016961,0 135.672427,35.016788,0 135.672461,35.016737,0 135.672515,35.016595,0 135.672519,35.016582,0 135.672528,35.016505,0 135.672580,35.016439,0 135.672629,35.016426,0 135.672654,35.016411,0 135.672668,35.016420,0 135.672674,35.016417,0 135.672718,35.016395,0 135.672756,35.016241,0 135.672799,35.016218,0 135.672816,35.016219,0 135.673000,35.016228,0 135.673018,35.016181,0 135.673034,35.016138,0 135.673078,35.016079,0 135.673137,35.016056,0 135.673342,35.015992,0 135.673359,35.015985,0 135.673375,35.015977,0 135.673377,35.015976,0 135.673401,35.015965,0 135.673398,35.015920,0 135.673387,35.015888,0 135.673411,35.015858,0 135.673610,35.015852,0 135.673607,35.015815,0 135.673578,35.015784,0 135.673569,35.015463,0 135.673880,35.015463,0 135.673911,35.015463,0 135.673911,35.015477,0 135.673916,35.015708,0 135.674032,35.015751,0 135.674032,35.015767,0 135.674032,35.015771,0 135.674031,35.015806,0 135.674033,35.015920,0 135.674038,35.015920,0 135.674076,35.015917,0 135.674083,35.015917,0 135.674159,35.015914,0 135.674495,35.015901,0 135.674503,35.015900,0 135.674661,35.015894,0 135.674666,35.015894,0 135.674684,35.015893,0 135.674712,35.015892,0 135.675058,35.015883,0 135.675186,35.015880,0 135.675519,35.015871,0 135.675527,35.015871,0 135.675712,35.015876,0 135.675967,35.015882,0 135.676389,35.015892,0 135.676471,35.015896,0 135.676508,35.015899,0 135.676545,35.015903,0 135.676551,35.015903,0 135.676558,35.015904,0 135.676562,35.015904,0 135.676700,35.015918,0 135.676820,35.015931,0 135.676950,35.015943,0 135.676958,35.015943,0 135.676976,35.015946,0 135.676993,35.015949,0 135.677007,35.015951,0 135.677014,35.015952,0 135.677037,35.015956,0 135.677061,35.015960,0 135.677068,35.015937,0 135.677118,35.015744,0 135.677136,35.015684,0 135.677180,35.015538,0 135.677195,35.015493,0 135.677206,35.015458,0 135.677194,35.015413,0 135.677199,35.015389,0 135.677241,35.015271,0 135.677265,35.015246,0 135.677283,35.015229,0 135.677346,35.015029,0 135.677466,35.014661,0 135.677567,35.014372,0 135.677557,35.014361,0 135.677566,35.014332,0 135.677578,35.014299,0 135.677600,35.014287,0 135.677760,35.013769,0 135.677783,35.013688,0 135.677779,35.013670,0 135.677757,35.013657,0 135.677764,35.013623,0 135.677775,35.013592,0 135.677789,35.013591,0 135.677804,35.013576,0 135.677849,35.013576,0 135.677847,35.013555,0 135.677763,35.012878,0</coordinates></LineString></Placemark><Placemark><name>d10·7 🚶 Puente Togetsukyō → Tenryū-ji</name><styleUrl>#L7a6f633</styleUrl><LineString><tessellate>1</tessellate><coordinates>135.677763,35.012878,0 135.677847,35.013555,0 135.677849,35.013576,0 135.677804,35.013576,0 135.677789,35.013591,0 135.677775,35.013592,0 135.677764,35.013623,0 135.677757,35.013657,0 135.677779,35.013670,0 135.677783,35.013688,0 135.677760,35.013769,0 135.677600,35.014287,0 135.677578,35.014299,0 135.677566,35.014332,0 135.677557,35.014361,0 135.677567,35.014372,0 135.677466,35.014661,0 135.677346,35.015029,0 135.677283,35.015229,0 135.677265,35.015246,0 135.677241,35.015271,0 135.677199,35.015389,0 135.677194,35.015413,0 135.677206,35.015458,0 135.677195,35.015493,0 135.677180,35.015538,0 135.677136,35.015684,0 135.677118,35.015744,0 135.677068,35.015937,0 135.677061,35.015960,0 135.677037,35.015956,0 135.677014,35.015952,0 135.677007,35.015951,0 135.676993,35.015949,0 135.676976,35.015946,0 135.676958,35.015943,0 135.676950,35.015943,0 135.676820,35.015931,0 135.676700,35.015918,0 135.676562,35.015904,0 135.676558,35.015904,0 135.676551,35.015903,0 135.676545,35.015903,0 135.676508,35.015899,0 135.676471,35.015896,0 135.676389,35.015892,0 135.675967,35.015882,0 135.675712,35.015876,0 135.675527,35.015871,0 135.675519,35.015871,0 135.675186,35.015880,0 135.675058,35.015883,0 135.674712,35.015892,0 135.674684,35.015893,0 135.674666,35.015894,0 135.674661,35.015894,0 135.674503,35.015900,0 135.674495,35.015901,0 135.674159,35.015914,0 135.674083,35.015917,0 135.674076,35.015917,0 135.674038,35.015920,0 135.674033,35.015920,0 135.674031,35.015806,0 135.674032,35.015771,0 135.674032,35.015767,0 135.674032,35.015751,0 135.673916,35.015708,0 135.673911,35.015477,0 135.673591,35.015483,0 135.673600,35.015799,0 135.673657,35.015798,0 135.673658,35.015840,0</coordinates></LineString></Placemark><Placemark><name>d10·8 🚶 Tenryū-ji → Puente Togetsukyō</name><styleUrl>#L7a6f633</styleUrl><LineString><tessellate>1</tessellate><coordinates>135.673658,35.015840,0 135.673657,35.015798,0 135.673600,35.015799,0 135.673591,35.015483,0 135.673911,35.015477,0 135.673916,35.015708,0 135.674032,35.015751,0 135.674032,35.015767,0 135.674032,35.015771,0 135.674031,35.015806,0 135.674033,35.015920,0 135.674038,35.015920,0 135.674076,35.015917,0 135.674083,35.015917,0 135.674159,35.015914,0 135.674495,35.015901,0 135.674503,35.015900,0 135.674661,35.015894,0 135.674666,35.015894,0 135.674684,35.015893,0 135.674712,35.015892,0 135.675058,35.015883,0 135.675186,35.015880,0 135.675519,35.015871,0 135.675527,35.015871,0 135.675712,35.015876,0 135.675967,35.015882,0 135.676389,35.015892,0 135.676471,35.015896,0 135.676508,35.015899,0 135.676545,35.015903,0 135.676551,35.015903,0 135.676558,35.015904,0 135.676562,35.015904,0 135.676700,35.015918,0 135.676820,35.015931,0 135.676950,35.015943,0 135.676958,35.015943,0 135.676976,35.015946,0 135.676993,35.015949,0 135.677007,35.015951,0 135.677014,35.015952,0 135.677037,35.015956,0 135.677061,35.015960,0 135.677068,35.015937,0 135.677118,35.015744,0 135.677136,35.015684,0 135.677180,35.015538,0 135.677195,35.015493,0 135.677206,35.015458,0 135.677194,35.015413,0 135.677199,35.015389,0 135.677241,35.015271,0 135.677265,35.015246,0 135.677283,35.015229,0 135.677346,35.015029,0 135.677466,35.014661,0 135.677567,35.014372,0 135.677557,35.014361,0 135.677566,35.014332,0 135.677578,35.014299,0 135.677600,35.014287,0 135.677760,35.013769,0 135.677783,35.013688,0 135.677779,35.013670,0 135.677757,35.013657,0 135.677764,35.013623,0 135.677775,35.013592,0 135.677789,35.013591,0 135.677804,35.013576,0 135.677849,35.013576,0 135.677847,35.013555,0 135.677763,35.012878,0</coordinates></LineString></Placemark><Placemark><name>d10·9 🚶 Puente Togetsukyō → Monte de los monos (Iwatayama)</name><styleUrl>#L7a6f633</styleUrl><LineString><tessellate>1</tessellate><coordinates>135.677763,35.012878,0 135.677678,35.012187,0 135.677662,35.012100,0 135.677610,35.012108,0 135.677518,35.011855,0 135.677465,35.011721,0 135.677411,35.011593,0 135.677406,35.011559,0 135.677341,35.011394,0 135.677320,35.011359,0 135.677299,35.011343,0 135.677211,35.011422,0 135.677078,35.011477,0 135.676945,35.011530,0 135.676858,35.011560,0 135.676852,35.011562,0 135.676696,35.011526,0 135.676643,35.011509,0 135.676584,35.011481,0 135.676622,35.011425,0 135.676622,35.011425,0</coordinates></LineString></Placemark><Placemark><name>d10·10 🚶 Monte de los monos (Iwatayama) → Arashiyama Tenryūji-mae ⇒ Otagi Nenbutsu-ji</name><styleUrl>#L7a6f633</styleUrl><LineString><tessellate>1</tessellate><coordinates>135.676622,35.011425,0 135.676584,35.011481,0 135.676643,35.011509,0 135.676696,35.011526,0 135.676852,35.011562,0 135.676858,35.011560,0 135.676945,35.011530,0 135.677078,35.011477,0 135.677211,35.011422,0 135.677299,35.011343,0 135.677320,35.011359,0 135.677341,35.011394,0 135.677406,35.011559,0 135.677411,35.011593,0 135.677465,35.011721,0 135.677518,35.011855,0 135.677610,35.012108,0 135.677629,35.012182,0 135.677802,35.013555,0 135.677804,35.013576,0 135.677789,35.013591,0 135.677775,35.013592,0 135.677764,35.013623,0 135.677757,35.013657,0 135.677779,35.013670,0 135.677783,35.013688,0 135.677760,35.013769,0 135.677600,35.014287,0 135.677578,35.014299,0 135.677566,35.014332,0 135.677557,35.014361,0 135.677567,35.014372,0 135.677466,35.014661,0 135.677346,35.015029,0 135.677283,35.015229,0 135.677265,35.015246,0 135.677241,35.015271,0 135.677199,35.015389,0 135.677194,35.015413,0 135.677206,35.015458,0 135.677195,35.015493,0 135.677180,35.015538,0 135.677136,35.015684,0 135.677118,35.015744,0 135.677068,35.015937,0 135.677061,35.015960,0 135.677037,35.015956,0 135.677014,35.015952,0 135.677007,35.015951,0 135.676993,35.015949,0 135.676976,35.015946,0 135.676958,35.015943,0 135.676950,35.015943,0 135.676820,35.015931,0 135.676700,35.015918,0 135.676562,35.015904,0 135.676558,35.015904,0 135.676551,35.015903,0 135.676545,35.015903,0 135.676508,35.015899,0 135.676471,35.015896,0 135.676389,35.015892,0 135.675967,35.015882,0 135.675712,35.015876,0 135.675527,35.015871,0 135.675519,35.015871,0 135.675186,35.015880,0 135.675058,35.015883,0 135.674712,35.015892,0 135.674684,35.015893,0 135.674666,35.015894,0 135.674661,35.015894,0 135.674503,35.015900,0 135.674495,35.015901,0 135.674159,35.015914,0 135.674083,35.015917,0 135.674076,35.015917,0 135.674038,35.015920,0 135.674033,35.015920,0 135.674031,35.015806,0 135.674032,35.015771,0 135.674032,35.015767,0 135.674032,35.015751,0 135.673916,35.015708,0 135.673911,35.015477,0 135.673591,35.015483,0 135.673600,35.015799,0 135.673657,35.015798,0 135.673658,35.015840,0</coordinates></LineString></Placemark><Placemark><name>d10·11 🚌 11:50 Bus urbano de Kioto: Arashiyama Tenryūji-mae → Otagidera-mae ⇒ Otagi Nenbutsu-ji</name><styleUrl>#L8fc31f5</styleUrl><LineString><tessellate>1</tessellate><coordinates>135.670767,35.019360,0 135.670713,35.019664,0 135.671030,35.019503,0</coordinates></LineString></Placemark><Placemark><name>d10·12 🚶 Otagi Nenbutsu-ji → Bosque Kimono</name><styleUrl>#L7a6f633</styleUrl><LineString><tessellate>1</tessellate><coordinates>135.661555,35.031143,0 135.661575,35.031148,0 135.661656,35.031173,0 135.661649,35.031193,0 135.661645,35.031214,0 135.661624,35.031315,0 135.661857,35.030962,0 135.661880,35.030921,0 135.661909,35.030848,0 135.661943,35.030679,0 135.661977,35.030506,0 135.662051,35.030181,0 135.662132,35.029972,0 135.662157,35.029903,0 135.662274,35.029681,0 135.662313,35.029602,0 135.662354,35.029471,0 135.662395,35.029238,0 135.662445,35.028988,0 135.662492,35.028805,0 135.662531,35.028714,0 135.662589,35.028630,0 135.662628,35.028573,0 135.662685,35.028517,0 135.662772,35.028446,0 135.662884,35.028375,0 135.662998,35.028324,0 135.663121,35.028278,0 135.663227,35.028254,0 135.663338,35.028233,0 135.663463,35.028218,0 135.663507,35.028213,0 135.663601,35.028203,0 135.663755,35.028204,0 135.663953,35.028224,0 135.664296,35.028255,0 135.664477,35.028267,0 135.664647,35.028273,0 135.664760,35.028269,0 135.664873,35.028258,0 135.665009,35.028237,0 135.665098,35.028221,0 135.665163,35.028203,0 135.665207,35.028191,0 135.665279,35.028167,0 135.665364,35.028138,0 135.665484,35.028088,0 135.665571,35.028043,0 135.665638,35.028002,0 135.665680,35.027975,0 135.665759,35.027922,0 135.665842,35.027853,0 135.665975,35.027719,0 135.666019,35.027665,0 135.666211,35.027399,0 135.666303,35.027299,0 135.666405,35.027212,0 135.666502,35.027143,0 135.666609,35.027083,0 135.666977,35.026919,0 135.667275,35.026856,0 135.667409,35.026828,0 135.668061,35.026757,0 135.668921,35.026696,0 135.669003,35.026689,0 135.669098,35.026680,0 135.669844,35.026601,0 135.670718,35.026531,0 135.671009,35.026488,0 135.671117,35.026109,0 135.671242,35.025597,0 135.671360,35.025597,0 135.671424,35.025597,0 135.671789,35.025610,0 135.672076,35.025619,0 135.672262,35.025630,0 135.672545,35.025643,0 135.672785,35.025653,0 135.672968,35.025243,0 135.673026,35.025080,0 135.673056,35.024963,0 135.673051,35.024770,0 135.673070,35.024621,0 135.673077,35.024594,0 135.673089,35.024559,0 135.673096,35.024540,0 135.673334,35.023958,0 135.673395,35.023799,0 135.673475,35.023587,0 135.673530,35.023441,0 135.673635,35.023164,0 135.673663,35.023171,0 135.673681,35.023176,0 135.673714,35.023184,0 135.673725,35.023187,0 135.673744,35.023192,0 135.673907,35.023234,0 135.674040,35.023268,0 135.674166,35.023247,0 135.674366,35.023296,0 135.674380,35.023258,0 135.674517,35.023098,0 135.674633,35.022961,0 135.674681,35.022905,0 135.674742,35.022833,0 135.674745,35.022830,0 135.674788,35.022720,0 135.674798,35.022694,0 135.674803,35.022680,0 135.674819,35.022638,0 135.674853,35.022543,0 135.674879,35.022550,0 135.675118,35.021907,0 135.675315,35.021359,0 135.675481,35.020939,0 135.675535,35.020808,0 135.675727,35.020368,0 135.675982,35.019853,0 135.676049,35.019838,0 135.676069,35.019770,0 135.676086,35.019708,0 135.676090,35.019649,0 135.675926,35.019445,0 135.675949,35.019312,0 135.676056,35.019041,0 135.676069,35.019007,0 135.676166,35.018774,0 135.676182,35.018731,0 135.676294,35.018466,0 135.676446,35.018061,0 135.676501,35.017919,0 135.676613,35.017618,0 135.676570,35.017608,0 135.676665,35.017303,0 135.676722,35.017122,0 135.676774,35.016939,0 135.676965,35.016272,0 135.677012,35.016121,0 135.677044,35.016014,0 135.677061,35.015960,0 135.677068,35.015937,0 135.677119,35.015946,0 135.677168,35.015956,0 135.677183,35.015906,0 135.677433,35.015128,0 135.677447,35.015087,0 135.677588,35.015124,0 135.677839,35.015193,0 135.677855,35.015148,0 135.677871,35.015107,0 135.677891,35.015113,0 135.678173,35.015193,0 135.678221,35.015209,0 135.678267,35.015225,0 135.678327,35.015253,0 135.678365,35.015244,0 135.678384,35.015250,0 135.678387,35.015252,0</coordinates></LineString></Placemark><Placemark><name>d10·13 🚇 18:00 Randen (tranvía de Arashiyama): Arashiyama → Shijō-Ōmiya ⇒ hotel</name><styleUrl>#L6633996</styleUrl><LineString><tessellate>1</tessellate><coordinates>135.677713,35.015220,0 135.681372,35.016464,0 135.685660,35.016959,0 135.689113,35.016715,0 135.694783,35.015162,0 135.700181,35.015190,0 135.708259,35.013491,0 135.713000,35.011953,0 135.715196,35.010213,0 135.723370,35.008303,0 135.732129,35.008046,0 135.732817,35.003600,0 135.748610,35.003344,0</coordinates></LineString></Placemark><Placemark><name>d10·14 🚇 18:30 Hankyu (Senri / Kyoto / Arashiyama): Ōmiya → Karasuma ⇒ hotel</name><styleUrl>#L8000176</styleUrl><LineString><tessellate>1</tessellate><coordinates>135.754229,35.003784,0 135.754567,35.003655,0 135.754230,35.003524,0</coordinates></LineString></Placemark></Folder>
<Folder><name>dom 11 · lugares</name><Placemark><name>1. 05:00 · Fushimi Inari (d11)</name><styleUrl>#n1</styleUrl><description><![CDATA[]]></description><Point><coordinates>135.779188,34.967695,0</coordinates></Point></Placemark><Placemark><name>2. 06:15 · Fushimi Inari (d11)</name><styleUrl>#n2</styleUrl><description><![CDATA[]]></description><Point><coordinates>135.779188,34.967695,0</coordinates></Point></Placemark><Placemark><name>3. 10:45 · Pabellón Dorado (Kinkaku-ji) (d11)</name><styleUrl>#n3</styleUrl><description><![CDATA[]]></description><Point><coordinates>135.729243,35.039370,0</coordinates></Point></Placemark><Placemark><name>4. 14:00 · Castillo de Nijo (d11)</name><styleUrl>#n4</styleUrl><description><![CDATA[]]></description><Point><coordinates>135.748426,35.014038,0</coordinates></Point></Placemark><Placemark><name>5. 16:00 · Palacio Imperial de Kioto (d11)</name><styleUrl>#n5</styleUrl><description><![CDATA[]]></description><Point><coordinates>135.762144,35.024098,0</coordinates></Point></Placemark><Placemark><name>⭐ Fushimi Inari</name><styleUrl>#k_site</styleUrl><description><![CDATA[Miles de torii bermellón trepando el monte Inari en túneles infinitos — el lugar más fotografiado de Japón. Hasta el mirador Yotsutsuji: ~45 min de subida. — EN EL PLAN: dom 11 · 05:00  Abrir en Google Maps<br/><a href="https://www.google.com/maps/search/?api=1&amp;query=34.967695,135.779188">Google Maps</a>]]></description><Point><coordinates>135.779188,34.967695,0</coordinates></Point></Placemark><Placemark><name>⭐ Pabellón Dorado (Kinkaku-ji)</name><styleUrl>#k_site</styleUrl><description><![CDATA[El pabellón forrado de ORO de verdad reflejándose en su estanque — no existe la foto mala. Paseo circular de ~45 minutos. — EN EL PLAN: dom 11 · 10:45  Abrir en Google Maps<br/><a href="https://www.google.com/maps/search/?api=1&amp;query=35.039370,135.729243">Google Maps</a>]]></description><Point><coordinates>135.729243,35.039370,0</coordinates></Point></Placemark><Placemark><name>⭐ Castillo de Nijo</name><styleUrl>#k_site</styleUrl><description><![CDATA[El castillo-palacio del shōgun en Kioto: pisos 'de ruiseñor' que chirrían a propósito para delatar intrusos, puertas doradas y jardines. UNESCO. — EN EL PLAN: dom 11 · 14:00  Abrir en Google Maps<br/><a href="https://www.google.com/maps/search/?api=1&amp;query=35.014038,135.748426">Google Maps</a>]]></description><Point><coordinates>135.748426,35.014038,0</coordinates></Point></Placemark><Placemark><name>⭐ Palacio Imperial de Kioto</name><styleUrl>#k_site</styleUrl><description><![CDATA[El palacio de los emperadores durante 500 años: salones ceremoniales, puertas según rango y jardines de paseo, en un parque enorme y gratuito. — EN EL PLAN: dom 11 · 16:00  Abrir en Google Maps<br/><a href="https://www.google.com/maps/search/?api=1&amp;query=35.024098,135.762144">Google Maps</a>]]></description><Point><coordinates>135.762144,35.024098,0</coordinates></Point></Placemark><Placemark><name>🍜 Musashi Sushi</name><styleUrl>#resto_Take</styleUrl><description><![CDATA[Sushi de banda giratoria en Sanjo, rápido y digno · ¥1,500 · Nivel 🎋 Take — días: dom 11  Abrir en Google Maps<br/><a href="https://www.google.com/maps/search/?api=1&amp;query=35.008960,135.768783">Google Maps</a>]]></description><Point><coordinates>135.768783,35.008960,0</coordinates></Point></Placemark><Placemark><name>🍜 Shinshindo</name><styleUrl>#resto_Take</styleUrl><description><![CDATA[La panadería-café universitaria de 1913 · ¥800 · Nivel 🎋 Take — días: dom 11  Abrir en Google Maps<br/><a href="https://www.google.com/maps/search/?api=1&amp;query=35.009000,135.769507">Google Maps</a>]]></description><Point><coordinates>135.769507,35.009000,0</coordinates></Point></Placemark></Folder>
<Folder><name>dom 11 · rutas</name><Placemark><name>d11·1 🚇 05:55 Metro Karasuma (Kioto): Gojō → Kyoto ⇒ Fushimi Inari</name><styleUrl>#L0099446</styleUrl><LineString><tessellate>1</tessellate><coordinates>135.759427,34.990909,0 135.759242,34.990642,0 135.759113,34.990930,0</coordinates></LineString></Placemark><Placemark><name>d11·2 🚇 06:03 JR Nara Line: Kyoto → Inari ⇒ Fushimi Inari</name><styleUrl>#L7a4a2b6</styleUrl><LineString><tessellate>1</tessellate><coordinates>135.758767,34.985849,0 135.769927,34.981365,0 135.770850,34.966807,0</coordinates></LineString></Placemark><Placemark><name>d11·3 🚶 Inari → Fushimi Inari</name><styleUrl>#L7a6f633</styleUrl><LineString><tessellate>1</tessellate><coordinates>135.770947,34.966807,0 135.770947,34.966853,0 135.770945,34.967047,0 135.771036,34.967044,0 135.771868,34.967080,0 135.771982,34.967088,0 135.772272,34.967105,0 135.772469,34.967122,0 135.772455,34.967285,0 135.772452,34.967325,0 135.772484,34.967326,0 135.772614,34.967329,0 135.772649,34.967348,0 135.772920,34.967407,0 135.773105,34.967436,0 135.773128,34.967436,0 135.773189,34.967437,0 135.773322,34.967439,0 135.773351,34.967440,0 135.773500,34.967443,0 135.773608,34.967443,0 135.773623,34.967443,0 135.773640,34.967443,0 135.773684,34.967443,0 135.773695,34.967444,0 135.773736,34.967444,0 135.773780,34.967519,0 135.773801,34.967555,0 135.773803,34.967595,0 135.773983,34.967610,0 135.774091,34.967621,0 135.774197,34.967631,0 135.774253,34.967637,0 135.774290,34.967638,0 135.774334,34.967634,0 135.774423,34.967619,0 135.774490,34.967603,0 135.774630,34.967541,0 135.774755,34.967657,0 135.774872,34.967750,0 135.775007,34.967837,0 135.775175,34.967824,0 135.775267,34.967816,0 135.775540,34.967874,0 135.775618,34.967895,0 135.775861,34.967973,0 135.775969,34.967986,0 135.776163,34.967926,0 135.776229,34.967931,0 135.776316,34.967946,0 135.776382,34.967968,0 135.776615,34.968045,0 135.776962,34.968012,0 135.777160,34.968108,0 135.777226,34.968118,0 135.777279,34.968109,0 135.777752,34.968036,0 135.777901,34.967980,0 135.777960,34.967984,0 135.778067,34.968041,0 135.778125,34.968058,0 135.778193,34.968103,0 135.778215,34.968129,0 135.778309,34.968110,0 135.778319,34.968051,0 135.778381,34.967966,0 135.778522,34.967931,0 135.778665,34.967855,0 135.778719,34.967799,0 135.778764,34.967721,0 135.778788,34.967650,0 135.778816,34.967637,0 135.778944,34.967637,0 135.778973,34.967620,0 135.778990,34.967596,0 135.778990,34.967596,0</coordinates></LineString></Placemark><Placemark><name>d11·4 🚶 Fushimi Inari → Kyoto-eki-mae ⇒ Pabellón Dorado (Kinkaku-ji)</name><styleUrl>#L7a6f633</styleUrl><LineString><tessellate>1</tessellate><coordinates>135.778990,34.967596,0 135.778990,34.967596,0 135.778973,34.967620,0 135.778944,34.967637,0 135.778816,34.967637,0 135.778788,34.967650,0 135.778764,34.967721,0 135.778719,34.967799,0 135.778665,34.967855,0 135.778522,34.967931,0 135.778381,34.967966,0 135.778319,34.968051,0 135.778309,34.968110,0 135.778215,34.968129,0 135.778193,34.968103,0 135.778125,34.968058,0 135.778067,34.968041,0 135.777960,34.967984,0 135.777901,34.967980,0 135.777752,34.968036,0 135.777279,34.968109,0 135.777226,34.968118,0 135.777160,34.968108,0 135.776962,34.968012,0 135.776615,34.968045,0 135.776382,34.967968,0 135.776316,34.967946,0 135.776229,34.967931,0 135.776163,34.967926,0 135.775969,34.967986,0 135.775861,34.967973,0 135.775618,34.967895,0 135.775540,34.967874,0 135.775267,34.967816,0 135.775175,34.967824,0 135.775007,34.967837,0 135.774872,34.967750,0 135.774755,34.967657,0 135.774630,34.967541,0 135.774490,34.967603,0 135.774423,34.967619,0 135.774334,34.967634,0 135.774290,34.967638,0 135.774253,34.967637,0 135.774197,34.967631,0 135.774091,34.967621,0 135.773983,34.967610,0 135.773803,34.967595,0 135.773801,34.967555,0 135.773780,34.967519,0 135.773736,34.967444,0 135.773695,34.967444,0 135.773684,34.967443,0 135.773640,34.967443,0 135.773623,34.967443,0 135.773608,34.967443,0 135.773500,34.967443,0 135.773351,34.967440,0 135.773322,34.967439,0 135.773189,34.967437,0 135.773128,34.967436,0 135.773105,34.967436,0 135.772920,34.967407,0 135.772649,34.967348,0 135.772618,34.967372,0 135.772446,34.967368,0 135.772250,34.967587,0 135.772091,34.967732,0 135.772027,34.967760,0 135.771982,34.967797,0 135.771741,34.967815,0 135.771300,34.967898,0 135.771009,34.967924,0 135.770968,34.967882,0 135.770946,34.967880,0 135.770893,34.967874,0 135.770490,34.967866,0 135.770442,34.967868,0 135.770398,34.967869,0 135.770350,34.967871,0 135.770147,34.967917,0 135.770138,34.967919,0 135.770132,34.967964,0 135.770138,34.968009,0 135.770148,34.968153,0 135.770110,34.968570,0 135.770073,34.968972,0 135.770027,34.969574,0 135.769990,34.970020,0 135.769990,34.970080,0 135.769986,34.970174,0 135.769977,34.970331,0 135.769945,34.970870,0 135.769917,34.971181,0 135.769904,34.971302,0 135.769870,34.971471,0 135.769844,34.971587,0 135.769841,34.971606,0 135.769815,34.971675,0 135.769793,34.971760,0 135.769766,34.971868,0 135.769742,34.971928,0 135.769655,34.972072,0 135.769601,34.972179,0 135.769576,34.972229,0 135.769498,34.972347,0 135.769406,34.972474,0 135.769363,34.972534,0 135.769202,34.972726,0 135.769053,34.972879,0 135.768934,34.972949,0 135.768779,34.973011,0 135.768570,34.973013,0 135.768544,34.972880,0 135.768458,34.972880,0 135.768386,34.972880,0 135.768340,34.972960,0 135.768305,34.972993,0 135.768248,34.972957,0 135.768225,34.972942,0 135.768154,34.972986,0 135.767948,34.972988,0 135.767886,34.972989,0 135.767759,34.972992,0 135.767707,34.972993,0 135.767697,34.972995,0 135.767653,34.973006,0 135.767596,34.973005,0 135.767510,34.973006,0 135.767403,34.973007,0 135.767280,34.973009,0 135.767147,34.973082,0 135.765676,34.973107,0 135.765608,34.973108,0 135.765531,34.973113,0 135.765400,34.973119,0 135.765320,34.973124,0 135.764307,34.973146,0 135.764111,34.973147,0 135.764009,34.973147,0 135.764009,34.973194,0 135.764010,34.973273,0 135.764011,34.973314,0 135.763909,34.973357,0 135.763860,34.973420,0 135.763854,34.973496,0 135.763863,34.973684,0 135.763880,34.974010,0 135.763884,34.974217,0 135.763895,34.974406,0 135.763911,34.974512,0 135.763922,34.974720,0 135.763914,34.974760,0 135.763938,34.975148,0 135.763985,34.975927,0 135.763895,34.975930,0 135.763798,34.975933,0 135.763801,34.975986,0 135.763757,34.976022,0 135.763745,34.976026,0 135.763745,34.976067,0 135.763745,34.976110,0 135.763723,34.976105,0 135.763357,34.976103,0 135.763306,34.976103,0 135.763283,34.976100,0 135.762855,34.976104,0 135.762802,34.976104,0 135.762742,34.976105,0 135.762406,34.976112,0 135.761981,34.976109,0 135.761910,34.976159,0 135.761927,34.976572,0 135.761932,34.976590,0 135.761952,34.977128,0 135.761952,34.977149,0 135.761957,34.977168,0 135.761967,34.977429,0 135.761961,34.977500,0 135.761952,34.977600,0 135.761921,34.977730,0 135.761913,34.977753,0 135.761906,34.977773,0 135.761896,34.977794,0 135.761812,34.977969,0 135.761803,34.977990,0 135.761787,34.978009,0 135.761682,34.978179,0 135.761600,34.978300,0 135.761579,34.978335,0 135.761553,34.978375,0 135.761498,34.978462,0 135.761451,34.978567,0 135.761396,34.978707,0 135.761359,34.978839,0 135.761333,34.978954,0 135.761320,34.979025,0 135.761302,34.979134,0 135.761282,34.979296,0 135.761311,34.979354,0 135.761449,34.979484,0 135.761441,34.979505,0 135.761441,34.979560,0 135.761441,34.979669,0 135.761441,34.979735,0 135.761228,34.979892,0 135.761195,34.980754,0 135.761180,34.981458,0 135.761182,34.981725,0 135.761184,34.981841,0 135.761187,34.981973,0 135.761188,34.982007,0 135.761207,34.982945,0 135.761208,34.983008,0 135.761208,34.983026,0 135.761208,34.983273,0 135.761129,34.983272,0 135.761037,34.983272,0 135.761046,34.983793,0 135.761021,34.983823,0 135.760446,34.983818,0 135.760444,34.983784,0 135.760268,34.983787,0 135.760269,34.983774,0 135.760246,34.983774,0 135.760199,34.983775,0 135.760203,34.983926,0 135.760203,34.983939,0 135.760204,34.984395,0 135.760198,34.984749,0 135.760205,34.984886,0 135.760205,34.984972,0 135.760198,34.985881,0 135.760196,34.986022,0 135.759984,34.986911,0 135.759957,34.987025,0 135.759775,34.987025,0 135.759684,34.987025,0 135.759547,34.987024,0 135.759441,34.987025,0 135.759420,34.987025,0 135.759420,34.987005,0 135.759219,34.987003,0 135.759220,34.986927,0 135.759221,34.986882,0 135.759225,34.986562,0 135.759227,34.986428,0 135.759228,34.986394,0 135.759230,34.986224,0 135.758907,34.986221,0 135.758777,34.986220,0 135.758761,34.986220,0</coordinates></LineString></Placemark><Placemark><name>d11·5 🚌 09:50 Bus urbano de Kioto: Kyoto-eki-mae → Kinkakuji-michi ⇒ Pabellón Dorado (Kinkaku-ji)</name><styleUrl>#L8fc31f5</styleUrl><LineString><tessellate>1</tessellate><coordinates>135.758767,34.985849,0 135.732479,34.989249,0 135.731987,35.003553,0 135.730723,35.018129,0 135.732107,35.035071,0 135.733327,35.038635,0</coordinates></LineString></Placemark><Placemark><name>d11·6 🚶 Kinkakuji-michi → Pabellón Dorado (Kinkaku-ji)</name><styleUrl>#L7a6f633</styleUrl><LineString><tessellate>1</tessellate><coordinates>135.733341,35.038632,0 135.733430,35.038914,0 135.733359,35.038930,0 135.733251,35.038954,0 135.733187,35.038969,0 135.733201,35.039024,0 135.733162,35.039043,0 135.732651,35.039105,0 135.732222,35.039159,0 135.732067,35.039176,0 135.732007,35.039183,0 135.731928,35.039139,0 135.731876,35.039145,0 135.731825,35.039151,0 135.731833,35.039250,0 135.731157,35.039188,0 135.730664,35.039133,0 135.730423,35.039106,0 135.730337,35.039077,0 135.730236,35.039057,0 135.730142,35.039051,0 135.730083,35.039056,0 135.730071,35.039058,0 135.729997,35.039068,0 135.729713,35.039105,0 135.729674,35.039109,0 135.729497,35.039125,0 135.729432,35.039130,0 135.729394,35.039192,0 135.729326,35.039196,0</coordinates></LineString></Placemark><Placemark><name>d11·7 🚶 Pabellón Dorado (Kinkaku-ji) → Kinkakuji-michi ⇒ Castillo de Nijo</name><styleUrl>#L7a6f633</styleUrl><LineString><tessellate>1</tessellate><coordinates>135.729326,35.039196,0 135.729394,35.039192,0 135.729432,35.039130,0 135.729497,35.039125,0 135.729674,35.039109,0 135.729713,35.039105,0 135.729997,35.039068,0 135.730071,35.039058,0 135.730083,35.039056,0 135.730142,35.039051,0 135.730236,35.039057,0 135.730337,35.039077,0 135.730423,35.039106,0 135.730664,35.039133,0 135.731157,35.039188,0 135.731833,35.039250,0 135.731825,35.039151,0 135.731876,35.039145,0 135.731928,35.039139,0 135.732007,35.039183,0 135.732067,35.039176,0 135.732222,35.039159,0 135.732651,35.039105,0 135.733162,35.039043,0 135.733201,35.039024,0 135.733187,35.038969,0 135.733251,35.038954,0 135.733359,35.038930,0 135.733430,35.038914,0 135.733341,35.038632,0</coordinates></LineString></Placemark><Placemark><name>d11·8 🚌 13:30 Bus urbano de Kioto: Kinkakuji-michi → Nijōjō-mae ⇒ Castillo de Nijo</name><styleUrl>#L8fc31f5</styleUrl><LineString><tessellate>1</tessellate><coordinates>135.733327,35.038635,0 135.732107,35.035071,0 135.752107,35.017361,0 135.750471,35.011908,0</coordinates></LineString></Placemark><Placemark><name>d11·9 🚶 Nijōjō-mae → Castillo de Nijo</name><styleUrl>#L7a6f633</styleUrl><LineString><tessellate>1</tessellate><coordinates>135.750469,35.011874,0 135.750505,35.011873,0 135.750502,35.011780,0 135.750523,35.011779,0 135.751182,35.011750,0 135.751352,35.011743,0 135.751414,35.011748,0 135.751423,35.011767,0 135.751428,35.011838,0 135.751432,35.011939,0 135.751423,35.011946,0 135.751423,35.011982,0 135.751438,35.012148,0 135.751437,35.012208,0 135.751423,35.012248,0 135.751421,35.012260,0 135.751421,35.012398,0 135.751428,35.012617,0 135.751429,35.012629,0 135.751439,35.012658,0 135.751454,35.012692,0 135.751455,35.012699,0 135.751457,35.012726,0 135.751312,35.012727,0 135.751313,35.012768,0 135.751314,35.012867,0 135.751288,35.012867,0 135.751256,35.012868,0 135.751130,35.012870,0 135.751104,35.012870,0 135.751007,35.012872,0 135.750685,35.012879,0 135.750708,35.013143,0 135.750657,35.013143,0 135.750623,35.013144,0 135.750553,35.013145,0 135.750517,35.013107,0 135.750477,35.013065,0 135.750321,35.012901,0 135.749881,35.012903,0 135.749791,35.012904,0 135.749764,35.012971,0 135.749735,35.013005,0 135.749725,35.013031,0 135.749717,35.013050,0 135.749673,35.013112,0 135.749631,35.013153,0 135.749554,35.013216,0 135.749496,35.013353,0 135.749511,35.013489,0 135.749520,35.013683,0 135.749463,35.013724,0 135.749247,35.013745,0 135.749232,35.013760,0 135.749227,35.013774,0 135.749193,35.013871,0 135.749160,35.014021,0 135.749168,35.014073,0 135.749199,35.014121,0 135.749208,35.014171,0 135.749179,35.014173,0 135.749151,35.014167,0 135.749058,35.014128,0 135.748994,35.014090,0 135.748955,35.014057,0 135.748906,35.013999,0 135.748839,35.014000,0 135.748833,35.013912,0 135.748755,35.013915,0 135.748748,35.013915,0 135.748606,35.013918,0 135.748522,35.013919,0 135.748356,35.013926,0 135.748349,35.013927,0 135.748310,35.013974,0</coordinates></LineString></Placemark><Placemark><name>d11·10 🚶 Castillo de Nijo → Nijōjō-mae ⇒ Palacio Imperial de Kioto</name><styleUrl>#L7a6f633</styleUrl><LineString><tessellate>1</tessellate><coordinates>135.748310,35.013974,0 135.748349,35.013927,0 135.748356,35.013926,0 135.748522,35.013919,0 135.748606,35.013918,0 135.748748,35.013915,0 135.748755,35.013915,0 135.748833,35.013912,0 135.748839,35.014000,0 135.748906,35.013999,0 135.748955,35.014057,0 135.748994,35.014090,0 135.749058,35.014128,0 135.749151,35.014167,0 135.749179,35.014173,0 135.749208,35.014171,0 135.749199,35.014121,0 135.749168,35.014073,0 135.749160,35.014021,0 135.749193,35.013871,0 135.749227,35.013774,0 135.749232,35.013760,0 135.749247,35.013745,0 135.749463,35.013724,0 135.749520,35.013683,0 135.749511,35.013489,0 135.749496,35.013353,0 135.749554,35.013216,0 135.749631,35.013153,0 135.749673,35.013112,0 135.749717,35.013050,0 135.749725,35.013031,0 135.749735,35.013005,0 135.749764,35.012971,0 135.749791,35.012904,0 135.749881,35.012903,0 135.750321,35.012901,0 135.750477,35.013065,0 135.750517,35.013107,0 135.750553,35.013145,0 135.750623,35.013144,0 135.750657,35.013143,0 135.750708,35.013143,0 135.750685,35.012879,0 135.751007,35.012872,0 135.751104,35.012870,0 135.751130,35.012870,0 135.751256,35.012868,0 135.751288,35.012867,0 135.751314,35.012867,0 135.751313,35.012768,0 135.751312,35.012727,0 135.751457,35.012726,0 135.751455,35.012699,0 135.751454,35.012692,0 135.751439,35.012658,0 135.751429,35.012629,0 135.751428,35.012617,0 135.751421,35.012398,0 135.751421,35.012260,0 135.751423,35.012248,0 135.751437,35.012208,0 135.751438,35.012148,0 135.751423,35.011982,0 135.751423,35.011946,0 135.751432,35.011939,0 135.751428,35.011838,0 135.751423,35.011767,0 135.751414,35.011748,0 135.751352,35.011743,0 135.751182,35.011750,0 135.750523,35.011779,0 135.750502,35.011780,0 135.750505,35.011873,0 135.750469,35.011874,0</coordinates></LineString></Placemark><Placemark><name>d11·11 🚇 15:40 Metro Tōzai (Kioto): Nijōjō-mae → Higashiyama ⇒ Palacio Imperial de Kioto</name><styleUrl>#Lc7860c6</styleUrl><LineString><tessellate>1</tessellate><coordinates>135.750471,35.011908,0 135.759609,35.009992,0 135.769348,35.010926,0 135.773917,35.009259,0 135.779876,35.009426,0</coordinates></LineString></Placemark><Placemark><name>d11·12 🚶 Higashiyama → Palacio Imperial de Kioto</name><styleUrl>#L7a6f633</styleUrl><LineString><tessellate>1</tessellate><coordinates>135.779876,35.009429,0 135.779751,35.009443,0 135.779725,35.009364,0 135.779496,35.009389,0 135.779322,35.009398,0 135.779151,35.009405,0 135.779041,35.009407,0 135.778962,35.009407,0 135.778776,35.009405,0 135.778334,35.009397,0 135.778284,35.009397,0 135.778205,35.009333,0 135.778104,35.009339,0 135.778012,35.009345,0 135.777963,35.009385,0 135.777902,35.009397,0 135.777520,35.009399,0 135.777108,35.009388,0 135.776721,35.009381,0 135.776672,35.009380,0 135.776644,35.009380,0 135.776609,35.009379,0 135.776572,35.009378,0 135.776245,35.009369,0 135.776075,35.009357,0 135.775548,35.009324,0 135.775503,35.009320,0 135.775446,35.009317,0 135.775377,35.009312,0 135.775307,35.009307,0 135.774931,35.009282,0 135.774762,35.009273,0 135.774744,35.009272,0 135.774702,35.009268,0 135.774526,35.009253,0 135.774235,35.009229,0 135.773574,35.009168,0 135.773564,35.009219,0 135.773551,35.009287,0 135.773229,35.009244,0 135.773092,35.009250,0 135.772983,35.009242,0 135.772537,35.009210,0 135.772487,35.009218,0 135.772481,35.009257,0 135.772470,35.009723,0 135.772464,35.009948,0 135.772459,35.010159,0 135.772477,35.010173,0 135.772478,35.010205,0 135.772479,35.010245,0 135.772457,35.010274,0 135.772479,35.010786,0 135.772411,35.010787,0 135.772300,35.010789,0 135.772204,35.010791,0 135.772189,35.010817,0 135.772147,35.010841,0 135.772146,35.010899,0 135.772146,35.011019,0 135.772145,35.011073,0 135.772107,35.011073,0 135.771204,35.011079,0 135.771131,35.011097,0 135.771037,35.011146,0 135.770633,35.011150,0 135.770596,35.011217,0 135.770591,35.011522,0 135.770597,35.011820,0 135.770584,35.012227,0 135.770562,35.012380,0 135.770545,35.012472,0 135.770497,35.012592,0 135.770498,35.012766,0 135.770498,35.012774,0 135.770494,35.012892,0 135.770483,35.012955,0 135.770479,35.012990,0 135.770479,35.013016,0 135.770416,35.013016,0 135.770341,35.013017,0 135.770341,35.013051,0 135.770248,35.013120,0 135.770208,35.013134,0 135.770208,35.013194,0 135.770208,35.013235,0 135.769294,35.013255,0 135.769207,35.013262,0 135.769099,35.013355,0 135.769098,35.013396,0 135.769066,35.013763,0 135.769052,35.014146,0 135.769043,35.014424,0 135.769044,35.014508,0 135.769042,35.014591,0 135.769021,35.015452,0 135.768918,35.015454,0 135.768817,35.015456,0 135.768812,35.015546,0 135.768810,35.015614,0 135.768828,35.016515,0 135.768826,35.016570,0 135.768824,35.016591,0 135.768876,35.017282,0 135.768817,35.017339,0 135.768780,35.017376,0 135.768745,35.017402,0 135.768704,35.017415,0 135.768593,35.017412,0 135.768098,35.017381,0 135.767417,35.017348,0 135.767416,35.017427,0 135.767415,35.017516,0 135.767393,35.017515,0 135.767382,35.017517,0 135.767373,35.017523,0 135.767367,35.017530,0 135.767364,35.017540,0 135.767370,35.017748,0 135.767391,35.018870,0 135.767394,35.019189,0 135.767406,35.020045,0 135.767370,35.020046,0 135.767344,35.020043,0 135.767350,35.020238,0 135.767361,35.020418,0 135.767387,35.021104,0 135.767397,35.021321,0 135.767334,35.021330,0 135.767253,35.021345,0 135.767198,35.021352,0 135.767160,35.021402,0 135.767130,35.021414,0 135.767082,35.023214,0 135.767081,35.023262,0 135.766886,35.023265,0 135.766850,35.023265,0 135.766815,35.023266,0 135.766672,35.023269,0 135.766096,35.023288,0 135.764375,35.023360,0 135.763913,35.023372,0 135.763903,35.023637,0 135.763733,35.023637,0 135.763712,35.023638,0 135.763647,35.023638,0 135.763578,35.023638,0 135.763574,35.023638,0 135.762777,35.023638,0 135.762777,35.023870,0 135.762616,35.023868,0 135.762555,35.023868,0 135.762488,35.023868,0 135.762143,35.023868,0 135.762142,35.023987,0 135.762142,35.024006,0</coordinates></LineString></Placemark></Folder>
<Folder><name>lun 12 · lugares</name><Placemark><name>1. 17:00 · Mirador del Gobierno Metropolitano (d12)</name><styleUrl>#n1</styleUrl><description><![CDATA[]]></description><Point><coordinates>139.691656,35.689733,0</coordinates></Point></Placemark><Placemark><name>2. 19:30 · Omoide Yokocho (d12)</name><styleUrl>#n2</styleUrl><description><![CDATA[]]></description><Point><coordinates>139.699499,35.693100,0</coordinates></Point></Placemark><Placemark><name>⭐ Omoide Yokocho</name><styleUrl>#k_site</styleUrl><description><![CDATA[60 barras diminutas de yakitori apretadas en dos callejones con humo, faroles y bancos — el Tokio de 1950 intacto. 'El callejón de los recuerdos'. — EN EL PLAN: lun 12 · 19:30  Abrir en Google Maps<br/><a href="https://www.google.com/maps/search/?api=1&amp;query=35.693100,139.699499">Google Maps</a>]]></description><Point><coordinates>139.699499,35.693100,0</coordinates></Point></Placemark><Placemark><name>⭐ Mirador del Gobierno Metropolitano</name><styleUrl>#k_site</styleUrl><description><![CDATA[Las torres gemelas del gobierno de Tokio: mirador GRATIS en el piso 45 (202 m) — de noche, el mar de luces; en día claro, el Fuji. — EN EL PLAN: lun 12 · 17:00  Abrir en Google Maps<br/><a href="https://www.google.com/maps/search/?api=1&amp;query=35.689733,139.691656">Google Maps</a>]]></description><Point><coordinates>139.691656,35.689733,0</coordinates></Point></Placemark><Placemark><name>🍜 Fuunji</name><styleUrl>#resto_Take</styleUrl><description><![CDATA[EL tsukemen (fideos para remojar) — 8 min del hotel, fila 30–45 min que vale cada minuto · ¥1,100 · Nivel 🎋 Take — días: lun 12  Abrir en Google Maps<br/><a href="https://www.google.com/maps/search/?api=1&amp;query=35.686834,139.696639">Google Maps</a>]]></description><Point><coordinates>139.696639,35.686834,0</coordinates></Point></Placemark><Placemark><name>🍜 Ichiran Shinjuku</name><styleUrl>#resto_Take</styleUrl><description><![CDATA[Abierto 24 h — el seguro a cualquier hora · ¥980–1,320 · Nivel 🎋 Take — días: lun 12 · jue 15  Abrir en Google Maps<br/><a href="https://www.google.com/maps/search/?api=1&amp;query=35.690586,139.702805">Google Maps</a>]]></description><Point><coordinates>139.702805,35.690586,0</coordinates></Point></Placemark><Placemark><name>🍜 Shin Udon</name><styleUrl>#resto_Take</styleUrl><description><![CDATA[Udon artesanal con tempura — fila corta si van temprano · ¥1,200 · Nivel 🎋 Take — días: lun 12  Abrir en Google Maps<br/><a href="https://www.google.com/maps/search/?api=1&amp;query=35.686489,139.697001">Google Maps</a>]]></description><Point><coordinates>139.697001,35.686489,0</coordinates></Point></Placemark><Placemark><name>🍜 Konjiki Hototogisu</name><styleUrl>#resto_Ai</styleUrl><description><![CDATA[Ramen de almeja con estrella de precio justo · ¥1,500 · Nivel 🌊 Ai — días: lun 12  Abrir en Google Maps<br/><a href="https://www.google.com/maps/search/?api=1&amp;query=35.688784,139.708292">Google Maps</a>]]></description><Point><coordinates>139.708292,35.688784,0</coordinates></Point></Placemark><Placemark><name>🍜 Tsunahachi (comida)</name><styleUrl>#resto_Ai</styleUrl><description><![CDATA[Tempura desde 1924, honten de Shinjuku · ¥1,800 · Nivel 🌊 Ai — días: lun 12  Abrir en Google Maps<br/><a href="https://www.google.com/maps/search/?api=1&amp;query=35.690846,139.703487">Google Maps</a>]]></description><Point><coordinates>139.703487,35.690846,0</coordinates></Point></Placemark><Placemark><name>🍜 Katsukura</name><styleUrl>#resto_Ai</styleUrl><description><![CDATA[Tonkatsu de Kioto en Takashimaya — muele tu propio ajonjolí · ¥1,900 · Nivel 🌊 Ai — días: lun 12  Abrir en Google Maps<br/><a href="https://www.google.com/maps/search/?api=1&amp;query=35.687631,139.702122">Google Maps</a>]]></description><Point><coordinates>139.702122,35.687631,0</coordinates></Point></Placemark><Placemark><name>🍜 Kabuto</name><styleUrl>#resto_Ai</styleUrl><description><![CDATA[Anguila a la parrilla desde 1948, barra de 12 asientos en Omoide · ¥3,000 · Nivel 🌊 Ai — días: lun 12  Abrir en Google Maps<br/><a href="https://www.google.com/maps/search/?api=1&amp;query=35.693115,139.699522">Google Maps</a>]]></description><Point><coordinates>139.699522,35.693115,0</coordinates></Point></Placemark><Placemark><name>🍜 NY Bar (Park Hyatt)</name><styleUrl>#resto_Shu</styleUrl><description><![CDATA[El bar de Lost in Translation, piso 52 — código de vestir suave · ¥3,000/copa · Nivel 🔴 Shu — días: lun 12  Abrir en Google Maps<br/><a href="https://www.google.com/maps/search/?api=1&amp;query=35.686113,139.690401">Google Maps</a>]]></description><Point><coordinates>139.690401,35.686113,0</coordinates></Point></Placemark></Folder>
<Folder><name>lun 12 · rutas</name><Placemark><name>d12·1 🚶 Hotel → Gojō ⇒ Mirador del Gobierno Metropolitano</name><styleUrl>#L7a6f633</styleUrl><LineString><tessellate>1</tessellate><coordinates>135.759573,34.998308,0 135.759581,34.997724,0 135.759581,34.997680,0 135.759580,34.997651,0 135.759579,34.997630,0 135.759579,34.997598,0 135.759582,34.996486,0 135.759582,34.996427,0 135.759538,34.996416,0 135.759460,34.996420,0 135.759458,34.996384,0 135.759456,34.996326,0 135.759454,34.996265,0 135.759453,34.996240,0 135.759452,34.996224,0 135.759452,34.996200,0 135.759451,34.996164,0 135.759449,34.996113,0 135.759447,34.996042,0 135.759445,34.996000,0 135.759442,34.995985,0 135.759552,34.995895,0 135.759593,34.995895,0 135.759598,34.995508,0 135.759664,34.995507,0 135.759718,34.995507,0</coordinates></LineString></Placemark><Placemark><name>d12·2 🚇 09:45 Metro Karasuma (Kioto): Gojō → Kyoto ⇒ Mirador del Gobierno Metropolitano</name><styleUrl>#L0099446</styleUrl><LineString><tessellate>1</tessellate><coordinates>135.759427,34.990909,0 135.759242,34.990642,0 135.759113,34.990930,0</coordinates></LineString></Placemark><Placemark><name>d12·3 🚇 10:30 Shinkansen: Kyoto → Tokyo ⇒ Mirador del Gobierno Metropolitano</name><styleUrl>#L1c50a06</styleUrl><LineString><tessellate>1</tessellate><coordinates>135.758767,34.985849,0 136.881537,35.170915,0 139.617555,35.507658,0 139.738760,35.628471,0 139.767066,35.681300,0</coordinates></LineString></Placemark><Placemark><name>d12·4 🚶 Tokyo → Tokyo ⇒ Mirador del Gobierno Metropolitano</name><styleUrl>#L7a6f633</styleUrl><LineString><tessellate>1</tessellate><coordinates>139.767039,35.681307,0 139.766891,35.680902,0 139.766849,35.680789,0 139.766965,35.680763,0 139.766925,35.680655,0 139.767004,35.680553,0 139.767228,35.680261,0 139.767216,35.680228,0 139.767218,35.680130,0 139.766911,35.679447,0 139.766895,35.679413,0 139.766904,35.679384,0 139.766829,35.679250,0 139.766795,35.679239,0 139.766777,35.679244,0 139.766419,35.678500,0 139.766093,35.678121,0 139.765874,35.677734,0 139.765798,35.677612,0 139.765755,35.677539,0 139.765639,35.677563,0 139.765175,35.677655,0 139.764983,35.677695,0 139.764621,35.677767,0 139.764611,35.677765,0 139.764426,35.677803,0 139.764413,35.677767,0 139.764238,35.677805,0 139.764231,35.677801,0 139.764160,35.677816,0 139.764158,35.677811,0 139.764619,35.677713,0</coordinates></LineString></Placemark><Placemark><name>d12·5 🚇 12:45 JR Chūō Line (rápida): Tokyo → Shinjuku ⇒ Mirador del Gobierno Metropolitano</name><styleUrl>#Lf15a226</styleUrl><LineString><tessellate>1</tessellate><coordinates>139.764615,35.677700,0 139.770698,35.694473,0 139.764440,35.699717,0 139.729482,35.686205,0 139.698762,35.688726,0</coordinates></LineString></Placemark><Placemark><name>d12·6 🚶 Shinjuku → Mirador del Gobierno Metropolitano</name><styleUrl>#L7a6f633</styleUrl><LineString><tessellate>1</tessellate><coordinates>139.698762,35.688726,0 139.698749,35.688820,0 139.698743,35.688873,0 139.698704,35.688896,0 139.698668,35.689128,0 139.698631,35.689353,0 139.698621,35.689430,0 139.698121,35.689414,0 139.697541,35.689389,0 139.697053,35.689367,0 139.696777,35.689357,0 139.696548,35.689344,0 139.696537,35.689444,0 139.696432,35.689440,0 139.696324,35.689437,0 139.696264,35.689397,0 139.696060,35.689389,0 139.695414,35.689363,0 139.695306,35.689438,0 139.695238,35.689428,0 139.695114,35.689409,0 139.695025,35.689395,0 139.694956,35.689332,0 139.694730,35.689295,0 139.693555,35.689102,0 139.692673,35.688957,0 139.692658,35.689030,0 139.692710,35.689038,0 139.692726,35.689036,0 139.692728,35.689024,0 139.692720,35.689017,0 139.692609,35.689001,0 139.692458,35.689620,0 139.692396,35.689609,0 139.692283,35.689592,0 139.692208,35.689581,0 139.692170,35.689747,0 139.692150,35.689829,0 139.692080,35.689777,0 139.691905,35.689647,0 139.691905,35.689647,0</coordinates></LineString></Placemark><Placemark><name>d12·7 🚶 Mirador del Gobierno Metropolitano → Omoide Yokocho</name><styleUrl>#L7a6f633</styleUrl><LineString><tessellate>1</tessellate><coordinates>139.691905,35.689647,0 139.691905,35.689647,0 139.692080,35.689777,0 139.692150,35.689829,0 139.692080,35.690119,0 139.692065,35.690180,0 139.691945,35.690163,0 139.691840,35.690148,0 139.691824,35.690145,0 139.691818,35.690177,0 139.691972,35.690202,0 139.691966,35.690232,0 139.692012,35.690240,0 139.691984,35.690349,0 139.692075,35.690364,0 139.692182,35.690381,0 139.692512,35.690432,0 139.692579,35.690445,0 139.692701,35.690464,0 139.692723,35.690468,0 139.692972,35.690505,0 139.693053,35.690518,0 139.693125,35.690529,0 139.693311,35.690559,0 139.693486,35.690586,0 139.693467,35.690666,0 139.693450,35.690741,0 139.693426,35.690839,0 139.693569,35.690862,0 139.693669,35.690879,0 139.694171,35.690960,0 139.694390,35.690995,0 139.694398,35.691010,0 139.694569,35.691023,0 139.694617,35.691014,0 139.696260,35.691182,0 139.696458,35.691201,0 139.696685,35.691213,0 139.696979,35.691234,0 139.697509,35.691266,0 139.698127,35.691303,0 139.698129,35.691285,0 139.698147,35.691297,0 139.698165,35.691312,0 139.698179,35.691325,0 139.698194,35.691340,0 139.698254,35.691416,0 139.698316,35.691480,0 139.698329,35.691490,0 139.698343,35.691499,0 139.698358,35.691506,0 139.698373,35.691512,0 139.698391,35.691518,0 139.698409,35.691522,0 139.698429,35.691525,0 139.698736,35.691541,0 139.698877,35.691544,0 139.698889,35.691535,0 139.698900,35.691526,0 139.698912,35.691515,0 139.698920,35.691506,0 139.698962,35.691509,0 139.699091,35.691517,0 139.699189,35.691522,0 139.699188,35.691786,0 139.699341,35.691994,0 139.699413,35.692096,0 139.699441,35.692163,0 139.699451,35.692213,0 139.699449,35.692251,0 139.699442,35.692301,0 139.699430,35.692393,0 139.699398,35.692617,0 139.699396,35.692634,0 139.699392,35.692670,0 139.699385,35.692718,0 139.699384,35.692730,0 139.699334,35.693068,0 139.699468,35.693085,0 139.699493,35.693089,0 139.699492,35.693099,0</coordinates></LineString></Placemark></Folder>
<Folder><name>mar 13 · lugares</name><Placemark><name>1. 05:30 · Sensō-ji (d13)</name><styleUrl>#n1</styleUrl><description><![CDATA[]]></description><Point><coordinates>139.796655,35.714765,0</coordinates></Point></Placemark><Placemark><name>2. 07:10 · Sensō-ji (d13)</name><styleUrl>#n2</styleUrl><description><![CDATA[]]></description><Point><coordinates>139.796655,35.714765,0</coordinates></Point></Placemark><Placemark><name>3. 08:10 · Tokyo Skytree (d13)</name><styleUrl>#n3</styleUrl><description><![CDATA[]]></description><Point><coordinates>139.810700,35.710063,0</coordinates></Point></Placemark><Placemark><name>4. 14:30 · Parque Ueno (d13)</name><styleUrl>#n4</styleUrl><description><![CDATA[]]></description><Point><coordinates>139.773431,35.714756,0</coordinates></Point></Placemark><Placemark><name>5. 17:10 · Ameyoko (d13)</name><styleUrl>#n5</styleUrl><description><![CDATA[]]></description><Point><coordinates>139.774626,35.709003,0</coordinates></Point></Placemark><Placemark><name>⭐ Sensō-ji</name><styleUrl>#k_site</styleUrl><description><![CDATA[El templo más visitado del mundo (~30 millones al año): la puerta Kaminarimon con su farol de 700 kg, la calle Nakamise y el salón de la Kannon dorada. — EN EL PLAN: mar 13 · 05:30  Abrir en Google Maps<br/><a href="https://www.google.com/maps/search/?api=1&amp;query=35.714765,139.796655">Google Maps</a>]]></description><Point><coordinates>139.796655,35.714765,0</coordinates></Point></Placemark><Placemark><name>⭐ Tokyo Skytree</name><styleUrl>#k_site</styleUrl><description><![CDATA[La torre más alta de Japón (634 m): dos miradores, piso de cristal y la base Solamachi llena de tiendas. En día claro: 70 km de vista. — EN EL PLAN: mar 13 · 08:10  Abrir en Google Maps<br/><a href="https://www.google.com/maps/search/?api=1&amp;query=35.710063,139.810700">Google Maps</a>]]></description><Point><coordinates>139.810700,35.710063,0</coordinates></Point></Placemark><Placemark><name>⭐ Parque Ueno</name><styleUrl>#k_site</styleUrl><description><![CDATA[El parque-museo de Tokio: museos nacionales, el zoológico con pandas, templos y los lotos del estanque Shinobazu. — EN EL PLAN: mar 13 · 14:30  Abrir en Google Maps<br/><a href="https://www.google.com/maps/search/?api=1&amp;query=35.714756,139.773431">Google Maps</a>]]></description><Point><coordinates>139.773431,35.714756,0</coordinates></Point></Placemark><Placemark><name>⭐ Ameyoko</name><styleUrl>#k_site</styleUrl><description><![CDATA[El mercado bajo las vías: 400 puestos gritones de mariscos, fruta, tenis y especias — el caos comercial más sabroso de Tokio. — EN EL PLAN: mar 13 · 17:10  Abrir en Google Maps<br/><a href="https://www.google.com/maps/search/?api=1&amp;query=35.709003,139.774626">Google Maps</a>]]></description><Point><coordinates>139.774626,35.709003,0</coordinates></Point></Placemark><Placemark><name>🍜 Ichiran Ueno</name><styleUrl>#resto_Take</styleUrl><description><![CDATA[La cabina de siempre, versión Ueno · ¥1,000 · Nivel 🎋 Take — días: mar 13  Abrir en Google Maps<br/><a href="https://www.google.com/maps/search/?api=1&amp;query=35.712406,139.775231">Google Maps</a>]]></description><Point><coordinates>139.775231,35.712406,0</coordinates></Point></Placemark><Placemark><name>🍜 Daikokuya</name><styleUrl>#resto_Ai</styleUrl><description><![CDATA[Tendon (tempura sobre arroz) desde 1887 — LA fila de Asakusa · ¥2,200 · Nivel 🌊 Ai — días: mar 13  Abrir en Google Maps<br/><a href="https://www.google.com/maps/search/?api=1&amp;query=35.712738,139.795570">Google Maps</a>]]></description><Point><coordinates>139.795570,35.712738,0</coordinates></Point></Placemark><Placemark><name>🍜 Tonkatsu Isen honten</name><styleUrl>#resto_Ai</styleUrl><description><![CDATA[Institución del tonkatsu en Ueno, edificio con historia · ¥3,000 · Nivel 🌊 Ai — días: mar 13  Abrir en Google Maps<br/><a href="https://www.google.com/maps/search/?api=1&amp;query=35.707470,139.772196">Google Maps</a>]]></description><Point><coordinates>139.772196,35.707470,0</coordinates></Point></Placemark><Placemark><name>🍜 Unagi Izuei</name><styleUrl>#resto_Shu</styleUrl><description><![CDATA[Anguila con vista al estanque de Ueno, 290 años · ¥6,000 · Nivel 🔴 Shu — días: mar 13  Abrir en Google Maps<br/><a href="https://www.google.com/maps/search/?api=1&amp;query=35.709671,139.772691">Google Maps</a>]]></description><Point><coordinates>139.772691,35.709671,0</coordinates></Point></Placemark><Placemark><name>🍜 Tempura Nakasei</name><styleUrl>#resto_Shu</styleUrl><description><![CDATA[Tempura de Asakusa desde 1870 · ¥7,000 · Nivel 🔴 Shu — días: mar 13  Abrir en Google Maps<br/><a href="https://www.google.com/maps/search/?api=1&amp;query=35.712591,139.794593">Google Maps</a>]]></description><Point><coordinates>139.794593,35.712591,0</coordinates></Point></Placemark><Placemark><name>🍜 Sukiyaki Imahan</name><styleUrl>#resto_Ai</styleUrl><description><![CDATA[El sukiyaki formal de Asakusa (1895) · ¥10,000+ · Nivel 🌊 Ai — días: mar 13 · sáb 17  Abrir en Google Maps<br/><a href="https://www.google.com/maps/search/?api=1&amp;query=35.713935,139.792229">Google Maps</a>]]></description><Point><coordinates>139.792229,35.713935,0</coordinates></Point></Placemark></Folder>
<Folder><name>mar 13 · rutas</name><Placemark><name>d13·1 🚇 05:45 JR Chūō Line (rápida): Shinjuku → Kanda ⇒ Sensō-ji</name><styleUrl>#Lf15a226</styleUrl><LineString><tessellate>1</tessellate><coordinates>139.698762,35.688726,0 139.729482,35.686205,0 139.764440,35.699717,0 139.770698,35.694473,0</coordinates></LineString></Placemark><Placemark><name>d13·2 🚇 06:00 Metro Ginza Line: Kanda → Asakusa ⇒ Sensō-ji</name><styleUrl>#Lf397006</styleUrl><LineString><tessellate>1</tessellate><coordinates>139.770698,35.694473,0 139.771679,35.702936,0 139.772986,35.707879,0 139.777409,35.714167,0 139.782685,35.711387,0 139.790733,35.709883,0 139.797168,35.709867,0</coordinates></LineString></Placemark><Placemark><name>d13·3 🚶 Asakusa → Sensō-ji</name><styleUrl>#L7a6f633</styleUrl><LineString><tessellate>1</tessellate><coordinates>139.797178,35.709862,0 139.797205,35.709901,0 139.797269,35.709869,0 139.797300,35.709914,0 139.797704,35.710529,0 139.797646,35.710542,0 139.797542,35.710565,0 139.797476,35.710580,0 139.797435,35.710648,0 139.797400,35.710652,0 139.797093,35.710687,0 139.797048,35.710692,0 139.797007,35.710694,0 139.796974,35.710701,0 139.796775,35.710727,0 139.796536,35.710759,0 139.796542,35.710793,0 139.796548,35.710828,0 139.796561,35.710900,0 139.796565,35.710922,0 139.796569,35.710946,0 139.796552,35.710949,0 139.796528,35.710952,0 139.796490,35.710958,0 139.796357,35.710973,0 139.796367,35.711066,0 139.796368,35.711077,0 139.796379,35.711189,0 139.796380,35.711199,0 139.796383,35.711228,0 139.796411,35.711498,0 139.796412,35.711507,0 139.796446,35.711832,0 139.796477,35.712136,0 139.796507,35.712423,0 139.796546,35.712798,0 139.796551,35.712846,0 139.796555,35.712893,0 139.796567,35.713031,0 139.796578,35.713141,0 139.796593,35.713306,0 139.796618,35.713568,0 139.796619,35.713581,0 139.796637,35.713742,0 139.796643,35.713801,0 139.796649,35.713853,0 139.796665,35.714014,0 139.796671,35.714058,0 139.796696,35.714261,0 139.796720,35.714447,0 139.796432,35.714471,0 139.796384,35.714469,0 139.796400,35.714629,0 139.796409,35.714719,0 139.796414,35.714764,0 139.796447,35.714760,0 139.796470,35.714758,0 139.796481,35.714757,0</coordinates></LineString></Placemark><Placemark><name>d13·4 🚶 Sensō-ji → Tokyo Skytree</name><styleUrl>#L7a6f633</styleUrl><LineString><tessellate>1</tessellate><coordinates>139.796481,35.714757,0 139.796481,35.714757,0 139.796470,35.714758,0 139.796447,35.714760,0 139.796414,35.714764,0 139.796425,35.714885,0 139.796439,35.715010,0 139.797132,35.714948,0 139.797136,35.714982,0 139.797200,35.714958,0 139.797268,35.714932,0 139.797367,35.714895,0 139.797412,35.714890,0 139.797533,35.714885,0 139.797564,35.714901,0 139.797593,35.714898,0 139.797657,35.714897,0 139.797697,35.714972,0 139.797767,35.715122,0 139.797762,35.715204,0 139.797930,35.715205,0 139.797957,35.715317,0 139.798364,35.715252,0 139.798473,35.715694,0 139.798558,35.715679,0 139.798640,35.715665,0 139.798697,35.715656,0 139.798780,35.715693,0 139.799082,35.715626,0 139.799567,35.715511,0 139.799824,35.715455,0 139.799882,35.715440,0 139.800270,35.715351,0 139.800852,35.715222,0 139.800890,35.715213,0 139.801474,35.715081,0 139.801497,35.715066,0 139.801521,35.715017,0 139.801614,35.714992,0 139.801708,35.714969,0 139.801780,35.714952,0 139.801795,35.714970,0 139.801873,35.714985,0 139.801995,35.714913,0 139.802016,35.714899,0 139.802082,35.714862,0 139.802114,35.714870,0 139.802287,35.714768,0 139.804405,35.713451,0 139.804733,35.713286,0 139.804869,35.713217,0 139.805158,35.713082,0 139.805352,35.712990,0 139.805374,35.712965,0 139.805380,35.712907,0 139.805419,35.712891,0 139.805444,35.712881,0 139.805468,35.712869,0 139.805531,35.712838,0 139.805580,35.712814,0 139.805662,35.712773,0 139.805703,35.712753,0 139.805808,35.712761,0 139.805828,35.712750,0 139.806022,35.712647,0 139.806281,35.712509,0 139.806717,35.712278,0 139.807029,35.712112,0 139.807254,35.711993,0 139.807403,35.711913,0 139.807882,35.711659,0 139.808159,35.711512,0 139.808229,35.711475,0 139.808257,35.711460,0 139.808300,35.711425,0 139.808332,35.711381,0 139.808355,35.711334,0 139.808357,35.711290,0 139.808356,35.711033,0 139.808464,35.711039,0 139.808567,35.711044,0 139.808604,35.711000,0 139.808601,35.710986,0 139.808607,35.710872,0 139.808613,35.710769,0 139.808605,35.710697,0 139.808590,35.710610,0 139.808582,35.710570,0 139.808588,35.710411,0 139.808589,35.710367,0 139.808592,35.710256,0 139.808592,35.710253,0 139.808594,35.710165,0 139.808639,35.710176,0 139.808646,35.709948,0 139.808688,35.709862,0 139.808693,35.709852,0 139.808723,35.709815,0 139.808785,35.709775,0 139.808840,35.709759,0 139.808963,35.709738,0 139.809144,35.709691,0 139.809213,35.709673,0 139.809330,35.709655,0 139.809432,35.709656,0 139.810200,35.709735,0 139.810196,35.709764,0 139.810272,35.709770,0 139.810256,35.709879,0 139.810533,35.709907,0</coordinates></LineString></Placemark><Placemark><name>d13·5 🚶 Tokyo Skytree → Asakusa ⇒ Parque Ueno</name><styleUrl>#L7a6f633</styleUrl><LineString><tessellate>1</tessellate><coordinates>139.810533,35.709907,0 139.810256,35.709879,0 139.810272,35.709770,0 139.810284,35.709685,0 139.810248,35.709685,0 139.810259,35.709615,0 139.810268,35.709558,0 139.809967,35.709527,0 139.809588,35.709489,0 139.809297,35.709486,0 139.809223,35.709502,0 139.809028,35.709543,0 139.808836,35.709591,0 139.808831,35.709592,0 139.808804,35.709598,0 139.808726,35.709611,0 139.808682,35.709600,0 139.808660,35.709595,0 139.808621,35.709568,0 139.808619,35.709551,0 139.808612,35.709503,0 139.808616,35.709360,0 139.808618,35.709256,0 139.808619,35.709216,0 139.808618,35.709203,0 139.808617,35.709183,0 139.808615,35.709150,0 139.808628,35.708977,0 139.808599,35.708973,0 139.808514,35.708972,0 139.808412,35.708970,0 139.808375,35.708972,0 139.808372,35.708963,0 139.808352,35.708940,0 139.808322,35.708936,0 139.808253,35.708927,0 139.808107,35.708915,0 139.808050,35.708915,0 139.807997,35.708915,0 139.807959,35.708916,0 139.807593,35.708900,0 139.807586,35.708899,0 139.807374,35.708882,0 139.807350,35.708882,0 139.807322,35.708876,0 139.807286,35.708873,0 139.806925,35.708850,0 139.806892,35.708851,0 139.806846,35.708853,0 139.806813,35.708852,0 139.806771,35.708852,0 139.806741,35.708852,0 139.806700,35.708846,0 139.806656,35.708839,0 139.805658,35.708787,0 139.805570,35.708783,0 139.805477,35.708776,0 139.804824,35.708752,0 139.804586,35.708739,0 139.804525,35.708716,0 139.804441,35.708768,0 139.804401,35.708763,0 139.804316,35.708766,0 139.804211,35.708763,0 139.804167,35.708769,0 139.804099,35.708703,0 139.803875,35.708693,0 139.803264,35.708663,0 139.803220,35.708661,0 139.803182,35.708659,0 139.803119,35.708656,0 139.803090,35.708654,0 139.802357,35.708619,0 139.802309,35.708650,0 139.802242,35.708653,0 139.802167,35.708657,0 139.802126,35.708643,0 139.802059,35.708673,0 139.801971,35.708635,0 139.801859,35.708586,0 139.801840,35.708636,0 139.801113,35.708960,0 139.800710,35.709140,0 139.799951,35.709472,0 139.799940,35.709471,0 139.799917,35.709469,0 139.799909,35.709452,0 139.799845,35.709450,0 139.799776,35.709449,0 139.799754,35.709481,0 139.799708,35.709478,0 139.799692,35.709458,0 139.799658,35.709495,0 139.799611,35.709545,0 139.799594,35.709570,0 139.799538,35.709653,0 139.798302,35.710357,0 139.798101,35.710474,0 139.798084,35.710455,0 139.798040,35.710477,0 139.798024,35.710484,0 139.797999,35.710496,0 139.797973,35.710508,0 139.797921,35.710540,0 139.797843,35.710587,0 139.797793,35.710534,0 139.797771,35.710530,0 139.797749,35.710528,0 139.797704,35.710529,0 139.797300,35.709914,0 139.797269,35.709869,0 139.797205,35.709901,0 139.797178,35.709862,0</coordinates></LineString></Placemark><Placemark><name>d13·6 🚇 11:30 Tobu Skytree Line: Asakusa → Tokyo Skytree ⇒ Parque Ueno</name><styleUrl>#L0f6cc36</styleUrl><LineString><tessellate>1</tessellate><coordinates>139.802490,35.709939,0 139.802829,35.709806,0 139.802486,35.709679,0</coordinates></LineString></Placemark><Placemark><name>d13·7 🚶 Tokyo Skytree → Oshiage ⇒ Parque Ueno</name><styleUrl>#L7a6f633</styleUrl><LineString><tessellate>1</tessellate><coordinates>139.808490,35.709744,0 139.808490,35.709744,0 139.808528,35.709825,0 139.808522,35.709927,0 139.808607,35.709928,0 139.808598,35.710012,0 139.808594,35.710165,0 139.808639,35.710176,0 139.808745,35.710214,0 139.808939,35.710246,0 139.809043,35.710276,0 139.809310,35.710344,0 139.809507,35.710390,0 139.809631,35.710432,0 139.809762,35.710459,0 139.809910,35.710460,0 139.810188,35.710486,0 139.811185,35.710582,0 139.811197,35.710493,0 139.811202,35.710482,0 139.811229,35.710482,0 139.812120,35.710560,0 139.812455,35.710580,0 139.812691,35.710485,0 139.812891,35.710585,0 139.813044,35.710613,0 139.813114,35.710582,0 139.813168,35.710493,0 139.813301,35.710457,0 139.813284,35.710417,0 139.813337,35.710422,0 139.813354,35.710386,0 139.813315,35.710436,0 139.813268,35.710432,0 139.813232,35.710420,0 139.813224,35.710402,0 139.813237,35.710325,0</coordinates></LineString></Placemark><Placemark><name>d13·8 🚇 14:00 Toei Asakusa Line: Oshiage → Asakusa ⇒ Parque Ueno</name><styleUrl>#Lec6e656</styleUrl><LineString><tessellate>1</tessellate><coordinates>139.813297,35.710332,0 139.804349,35.708561,0 139.797168,35.709867,0</coordinates></LineString></Placemark><Placemark><name>d13·9 🚇 14:10 Metro Ginza Line: Asakusa → Ueno ⇒ Parque Ueno</name><styleUrl>#Lf397006</styleUrl><LineString><tessellate>1</tessellate><coordinates>139.797168,35.709867,0 139.790733,35.709883,0 139.782685,35.711387,0 139.777409,35.714167,0</coordinates></LineString></Placemark><Placemark><name>d13·10 🚶 Ueno → Parque Ueno</name><styleUrl>#L7a6f633</styleUrl><LineString><tessellate>1</tessellate><coordinates>139.777252,35.713950,0 139.777540,35.713813,0 139.777590,35.713881,0 139.777797,35.713782,0 139.777282,35.713006,0 139.777184,35.713050,0 139.777238,35.713130,0 139.777153,35.713168,0 139.777028,35.713223,0 139.776792,35.713327,0 139.776202,35.713587,0 139.776361,35.713826,0 139.776347,35.713878,0 139.776107,35.713991,0 139.776027,35.714027,0 139.775903,35.713901,0 139.775839,35.713802,0 139.775798,35.713719,0 139.775672,35.713450,0 139.775619,35.713327,0 139.775576,35.713243,0 139.775513,35.713117,0 139.775463,35.713041,0 139.775258,35.712752,0 139.775152,35.712637,0 139.775126,35.712609,0 139.775097,35.712561,0 139.774995,35.712604,0 139.774964,35.712552,0 139.774951,35.712532,0 139.774916,35.712467,0 139.774897,35.712421,0 139.774892,35.712410,0 139.774883,35.712391,0 139.774852,35.712401,0 139.774728,35.712440,0 139.774497,35.712523,0 139.774420,35.712557,0 139.774376,35.712564,0 139.774288,35.712595,0 139.774179,35.712649,0 139.774178,35.712773,0 139.774039,35.712807,0 139.773958,35.712807,0 139.773785,35.712778,0 139.773695,35.713019,0 139.773630,35.713078,0 139.773565,35.713325,0 139.773524,35.713537,0 139.773518,35.713570,0 139.773485,35.713637,0 139.773487,35.713800,0 139.773662,35.714159,0 139.773665,35.714198,0 139.773625,35.714244,0 139.773536,35.714308,0 139.773498,35.714356,0 139.773478,35.714368,0 139.773439,35.714392,0 139.773441,35.714413,0 139.773454,35.714422,0 139.773448,35.714511,0 139.773428,35.714512,0 139.773417,35.714524,0 139.773393,35.714525,0 139.773390,35.714600,0 139.773342,35.714620,0 139.773329,35.714638,0 139.773325,35.714651,0 139.773327,35.714664,0 139.773386,35.714772,0</coordinates></LineString></Placemark><Placemark><name>d13·11 🚶 Parque Ueno → Ameyoko</name><styleUrl>#L7a6f633</styleUrl><LineString><tessellate>1</tessellate><coordinates>139.773386,35.714772,0 139.773327,35.714664,0 139.773325,35.714651,0 139.773329,35.714638,0 139.773342,35.714620,0 139.773390,35.714600,0 139.773393,35.714525,0 139.773354,35.714458,0 139.773210,35.714226,0 139.773195,35.714201,0 139.773122,35.714034,0 139.773054,35.713815,0 139.773037,35.713719,0 139.773034,35.713630,0 139.773028,35.713546,0 139.773025,35.713417,0 139.773021,35.713296,0 139.773028,35.713182,0 139.773034,35.713072,0 139.773051,35.712962,0 139.773103,35.712646,0 139.773116,35.712566,0 139.773141,35.712493,0 139.773266,35.711981,0 139.773232,35.711927,0 139.773333,35.711480,0 139.773337,35.711468,0 139.773341,35.711456,0 139.773331,35.711424,0 139.773322,35.711388,0 139.773316,35.711326,0 139.773301,35.711285,0 139.773285,35.711260,0 139.773235,35.711251,0 139.773259,35.711153,0 139.773261,35.711143,0 139.773215,35.711134,0 139.773164,35.711125,0 139.773217,35.710910,0 139.773238,35.710821,0 139.773305,35.710534,0 139.773306,35.710526,0 139.773308,35.710482,0 139.773328,35.710268,0 139.773333,35.710113,0 139.773334,35.710087,0 139.773337,35.709959,0 139.773387,35.709944,0 139.773432,35.709934,0 139.773597,35.709896,0 139.773647,35.709884,0 139.773688,35.709875,0 139.773615,35.709603,0 139.773550,35.709337,0 139.773573,35.709295,0 139.774166,35.709124,0 139.774620,35.708990,0</coordinates></LineString></Placemark></Folder>
</Document></kml>